{
  "mean_flow": 1251.6693160813309,
  "median_flow": 1560.0,
  "std_flow": 722.3617004244492,
  "min_flow": 19.1,
  "max_flow": 1980.0,
  "total_records": 2705,
  "percentile_25": 28.2,
  "percentile_75": 1730.0,
  "percentile_90": 1890.0,
  "trend": {
    "slope": 0.0005706211588215493,
    "direction": "increasing",
    "r_squared": 0.0192694496052752,
    "p_value": 4.1223833652478987e-13
  },
  "trend_slope": 0.0005706211588215493,
  "trend_direction": "increasing",
  "anomalies": [],
  "anomaly_count": 0,
  "flow_status": {
    "status": "Below Normal",
    "latest_flow": 26.2,
    "percentile": 20.55452865064695
  },
  "recent_change": {
    "change_cfs": -1913.8,
    "change_pct": -98.64948453608248
  },
  "summary": "Below Normal conditions (avg: 1252 cfs, trend: increasing)",
  "analysis_date": "2025-11-24 06:40:56",
  "sites_analyzed": [
    "01646500",
    "01491000"
  ]
}