{
  "mean_flow": 5574.927971311476,
  "median_flow": 7250.0,
  "std_flow": 3197.795759126727,
  "min_flow": 96.6,
  "max_flow": 8340.0,
  "total_records": 2928,
  "percentile_25": 186.0,
  "percentile_75": 7570.0,
  "percentile_90": 7990.0,
  "trend": {
    "slope": -0.0007266984851715915,
    "direction": "decreasing",
    "r_squared": 0.00192905537766168,
    "p_value": 0.017466305138038922
  },
  "trend_slope": -0.0007266984851715915,
  "trend_direction": "decreasing",
  "anomalies": [],
  "anomaly_count": 0,
  "flow_status": {
    "status": "Low Flow",
    "latest_flow": 96.6,
    "percentile": 1.4344262295081966
  },
  "recent_change": {
    "change_cfs": 0.0,
    "change_pct": 0.0
  },
  "summary": "Low Flow conditions (avg: 5575 cfs, trend: decreasing)",
  "analysis_date": "2026-04-11 21:33:14",
  "sites_analyzed": [
    "01646500",
    "01491000"
  ]
}