{
  "mean_flow": 1829.889383015598,
  "median_flow": 2400.0,
  "std_flow": 1076.2276854385434,
  "min_flow": 1.04,
  "max_flow": 3010.0,
  "total_records": 2885,
  "percentile_25": 9.75,
  "percentile_75": 2550.0,
  "percentile_90": 2700.0,
  "trend": {
    "slope": -0.0008712126408979196,
    "direction": "decreasing",
    "r_squared": 0.02313997953661632,
    "p_value": 2.1231115742800378e-16
  },
  "trend_slope": -0.0008712126408979196,
  "trend_direction": "decreasing",
  "anomalies": [],
  "anomaly_count": 0,
  "flow_status": {
    "status": "Normal",
    "latest_flow": 2030.0,
    "percentile": 32.47833622183709
  },
  "recent_change": {
    "change_cfs": 0.0,
    "change_pct": 0.0
  },
  "summary": "Normal conditions (avg: 1830 cfs, trend: decreasing)",
  "analysis_date": "2026-07-05 17:12:25",
  "sites_analyzed": [
    "01646500",
    "01491000"
  ]
}