{
  "mean_flow": -749365.29371672,
  "median_flow": -999999.0,
  "std_flow": 433469.29630091105,
  "min_flow": -999999.0,
  "max_flow": 80.7,
  "total_records": 2817,
  "percentile_25": -999999.0,
  "percentile_75": 21.2,
  "percentile_90": 53.1,
  "trend": {
    "slope": 0.004203993141876272,
    "direction": "stable",
    "r_squared": 3.1500885212417986e-06,
    "p_value": 0.924982764843485
  },
  "trend_slope": 0.004203993141876272,
  "trend_direction": "stable",
  "anomalies": [],
  "anomaly_count": 0,
  "flow_status": {
    "status": "Above Normal",
    "latest_flow": 49.8,
    "percentile": 84.23855165069223
  },
  "recent_change": {
    "change_cfs": 0.0,
    "change_pct": 0.0
  },
  "summary": "Above Normal conditions (avg: -749365 cfs, trend: stable)",
  "analysis_date": "2026-02-11 13:40:22",
  "sites_analyzed": [
    "01646500",
    "01491000"
  ]
}