{
  "mean_flow": 3396.766223776224,
  "median_flow": 3230.0,
  "std_flow": 2568.2889099032127,
  "min_flow": 3.12,
  "max_flow": 9040.0,
  "total_records": 2717,
  "percentile_25": 14.8,
  "percentile_75": 5220.0,
  "percentile_90": 6840.0,
  "trend": {
    "slope": 0.005602257007073727,
    "direction": "increasing",
    "r_squared": 0.14837130753116715,
    "p_value": 8.188216784654561e-97
  },
  "trend_slope": 0.005602257007073727,
  "trend_direction": "increasing",
  "anomalies": [],
  "anomaly_count": 0,
  "flow_status": {
    "status": "Below Normal",
    "latest_flow": 11.7,
    "percentile": 11.961722488038278
  },
  "recent_change": {
    "change_cfs": 0.0,
    "change_pct": 0.0
  },
  "summary": "Below Normal conditions (avg: 3397 cfs, trend: increasing)",
  "analysis_date": "2026-07-13 06:53:33",
  "sites_analyzed": [
    "01646500",
    "01491000"
  ]
}