{
  "mean_flow": 8584.762605815238,
  "median_flow": 7820.0,
  "std_flow": 5999.969060667676,
  "min_flow": 177.0,
  "max_flow": 18300.0,
  "total_records": 2717,
  "percentile_25": 7570.0,
  "percentile_75": 13300.0,
  "percentile_90": 17640.000000000007,
  "trend": {
    "slope": 0.016198157155274194,
    "direction": "increasing",
    "r_squared": 0.22707021456046333,
    "p_value": 4.534210768896125e-154
  },
  "trend_slope": 0.016198157155274194,
  "trend_direction": "increasing",
  "anomalies": [],
  "anomaly_count": 0,
  "flow_status": {
    "status": "Above Normal",
    "latest_flow": 17100.0,
    "percentile": 85.46190651453809
  },
  "recent_change": {
    "change_cfs": -100.0,
    "change_pct": -0.5813953488372093
  },
  "summary": "Above Normal conditions (avg: 8585 cfs, trend: increasing)",
  "analysis_date": "2026-03-10 07:02:32",
  "sites_analyzed": [
    "01646500",
    "01491000"
  ]
}