{
  "mean_flow": -749381.0357956506,
  "median_flow": -999999.0,
  "std_flow": 433459.7419102529,
  "min_flow": -999999.0,
  "max_flow": 80.7,
  "total_records": 2897,
  "percentile_25": -999999.0,
  "percentile_75": 43.7,
  "percentile_90": 56.6,
  "trend": {
    "slope": 0.003975001759432977,
    "direction": "stable",
    "r_squared": 2.9785945385599405e-06,
    "p_value": 0.9260208786062922
  },
  "trend_slope": 0.003975001759432977,
  "trend_direction": "stable",
  "anomalies": [],
  "anomaly_count": 0,
  "flow_status": {
    "status": "Above Normal",
    "latest_flow": 53.1,
    "percentile": 82.32654470141526
  },
  "recent_change": {
    "change_cfs": 1.1000000000000014,
    "change_pct": 2.115384615384618
  },
  "summary": "Above Normal conditions (avg: -749381 cfs, trend: stable)",
  "analysis_date": "2026-02-07 18:48:59",
  "sites_analyzed": [
    "01646500",
    "01491000"
  ]
}