{
  "mean_flow": 9865.599633027523,
  "median_flow": 12500.0,
  "std_flow": 5765.264941771984,
  "min_flow": 138.0,
  "max_flow": 16700.0,
  "total_records": 2725,
  "percentile_25": 208.0,
  "percentile_75": 13600.0,
  "percentile_90": 15100.0,
  "trend": {
    "slope": 0.003399032050325931,
    "direction": "increasing",
    "r_squared": 0.010945879698796755,
    "p_value": 4.400386455991288e-08
  },
  "trend_slope": 0.003399032050325931,
  "trend_direction": "increasing",
  "anomalies": [],
  "anomaly_count": 0,
  "flow_status": {
    "status": "Normal",
    "latest_flow": 13000.0,
    "percentile": 65.35779816513761
  },
  "recent_change": {
    "change_cfs": 0.0,
    "change_pct": 0.0
  },
  "summary": "Normal conditions (avg: 9866 cfs, trend: increasing)",
  "analysis_date": "2026-03-20 07:06:28",
  "sites_analyzed": [
    "01646500",
    "01491000"
  ]
}