{
  "mean_flow": 1121.9490947816826,
  "median_flow": 1450.0,
  "std_flow": 643.8489158008337,
  "min_flow": 14.2,
  "max_flow": 1770.0,
  "total_records": 2817,
  "percentile_25": 19.1,
  "percentile_75": 1520.0,
  "percentile_90": 1600.0,
  "trend": {
    "slope": -0.00027092992117402296,
    "direction": "decreasing",
    "r_squared": 0.0059300922003202045,
    "p_value": 4.2869183694648094e-05
  },
  "trend_slope": -0.00027092992117402296,
  "trend_direction": "decreasing",
  "anomalies": [],
  "anomaly_count": 0,
  "flow_status": {
    "status": "Low Flow",
    "latest_flow": 15.1,
    "percentile": 6.886758963436279
  },
  "recent_change": {
    "change_cfs": 0.0,
    "change_pct": 0.0
  },
  "summary": "Low Flow conditions (avg: 1122 cfs, trend: decreasing)",
  "analysis_date": "2025-10-29 12:57:10",
  "sites_analyzed": [
    "01646500",
    "01491000"
  ]
}