{
  "mean_flow": 2047.3466543438078,
  "median_flow": 2500.0,
  "std_flow": 1175.1074367117124,
  "min_flow": 44.7,
  "max_flow": 3340.0,
  "total_records": 2705,
  "percentile_25": 204.0,
  "percentile_75": 2800.0,
  "percentile_90": 3120.0,
  "trend": {
    "slope": 0.0008975442260924253,
    "direction": "increasing",
    "r_squared": 0.018015219416175992,
    "p_value": 2.395447239694912e-12
  },
  "trend_slope": 0.0008975442260924253,
  "trend_direction": "increasing",
  "anomalies": [],
  "anomaly_count": 0,
  "flow_status": {
    "status": "Low Flow",
    "latest_flow": 44.7,
    "percentile": 0.8133086876155268
  },
  "recent_change": {
    "change_cfs": -2605.3,
    "change_pct": -98.31320754716982
  },
  "summary": "Low Flow conditions (avg: 2047 cfs, trend: increasing)",
  "analysis_date": "2025-12-28 06:41:26",
  "sites_analyzed": [
    "01646500",
    "01491000"
  ]
}