{
  "mean_flow": 2786.4333164983163,
  "median_flow": 3170.0,
  "std_flow": 1762.9022304214916,
  "min_flow": 8.37,
  "max_flow": 5290.0,
  "total_records": 2970,
  "percentile_25": 27.2,
  "percentile_75": 4290.0,
  "percentile_90": 4880.0,
  "trend": {
    "slope": -0.003218116314180272,
    "direction": "decreasing",
    "r_squared": 0.12463402025252024,
    "p_value": 6.703379863953899e-88
  },
  "trend_slope": -0.003218116314180272,
  "trend_direction": "decreasing",
  "anomalies": [],
  "anomaly_count": 0,
  "flow_status": {
    "status": "Low Flow",
    "latest_flow": 8.95,
    "percentile": 1.8855218855218854
  },
  "recent_change": {
    "change_cfs": 0.3899999999999988,
    "change_pct": 4.556074766355126
  },
  "summary": "Low Flow conditions (avg: 2786 cfs, trend: decreasing)",
  "analysis_date": "2026-06-18 22:55:47",
  "sites_analyzed": [
    "01646500",
    "01491000"
  ]
}