{
  "mean_flow": 4480.470069444445,
  "median_flow": 2915.0,
  "std_flow": 4775.744937242891,
  "min_flow": 62.7,
  "max_flow": 14400.0,
  "total_records": 1440,
  "percentile_25": 150.0,
  "percentile_75": 8532.5,
  "percentile_90": 12000.0,
  "trend": {
    "slope": 0.017428083407341012,
    "direction": "increasing",
    "r_squared": 0.4159959041441969,
    "p_value": 3.6816736229650444e-170
  },
  "trend_slope": 0.017428083407341012,
  "trend_direction": "increasing",
  "anomalies": [],
  "anomaly_count": 0,
  "flow_status": {
    "status": "High Flow",
    "latest_flow": 14400.0,
    "percentile": 100.0
  },
  "recent_change": {
    "change_cfs": 14242.0,
    "change_pct": 9013.924050632912
  },
  "summary": "High Flow conditions (avg: 4480 cfs, trend: increasing)",
  "analysis_date": "2026-02-20 13:17:05",
  "sites_analyzed": [
    "01646500",
    "01491000"
  ]
}