{
  "mean_flow": 1905.2073965580375,
  "median_flow": 2500.0,
  "std_flow": 1093.3904048867378,
  "min_flow": 22.0,
  "max_flow": 2850.0,
  "total_records": 2731,
  "percentile_25": 39.45,
  "percentile_75": 2600.0,
  "percentile_90": 2750.0,
  "trend": {
    "slope": -0.0005469515433606766,
    "direction": "decreasing",
    "r_squared": 0.00790041054688111,
    "p_value": 3.2859879660266385e-06
  },
  "trend_slope": -0.0005469515433606766,
  "trend_direction": "decreasing",
  "anomalies": [],
  "anomaly_count": 0,
  "flow_status": {
    "status": "Low Flow",
    "latest_flow": 22.0,
    "percentile": 0.03661662394727206
  },
  "recent_change": {
    "change_cfs": -2238.0,
    "change_pct": -99.02654867256638
  },
  "summary": "Low Flow conditions (avg: 1905 cfs, trend: decreasing)",
  "analysis_date": "2026-05-20 07:45:06",
  "sites_analyzed": [
    "01646500",
    "01491000"
  ]
}