{
  "mean_flow": 1347.8348613678372,
  "median_flow": 1650.0,
  "std_flow": 780.4465344228696,
  "min_flow": 22.0,
  "max_flow": 2260.0,
  "total_records": 2705,
  "percentile_25": 28.2,
  "percentile_75": 1850.0,
  "percentile_90": 1980.0,
  "trend": {
    "slope": 0.0006884720192946469,
    "direction": "increasing",
    "r_squared": 0.024030857411122805,
    "p_value": 5.154315964812709e-16
  },
  "trend_slope": 0.0006884720192946469,
  "trend_direction": "increasing",
  "anomalies": [],
  "anomaly_count": 0,
  "flow_status": {
    "status": "Below Normal",
    "latest_flow": 26.7,
    "percentile": 21.848428835489834
  },
  "recent_change": {
    "change_cfs": -1953.3,
    "change_pct": -98.65151515151514
  },
  "summary": "Below Normal conditions (avg: 1348 cfs, trend: increasing)",
  "analysis_date": "2025-11-27 06:41:30",
  "sites_analyzed": [
    "01646500",
    "01491000"
  ]
}