{
  "mean_flow": 9620.7377442578,
  "median_flow": 11900.0,
  "std_flow": 5674.242536312363,
  "min_flow": 124.0,
  "max_flow": 16700.0,
  "total_records": 2917,
  "percentile_25": 210.0,
  "percentile_75": 13400.0,
  "percentile_90": 14900.0,
  "trend": {
    "slope": -0.003719606184665805,
    "direction": "decreasing",
    "r_squared": 0.015539424440836861,
    "p_value": 1.4173011078844493e-11
  },
  "trend_slope": -0.003719606184665805,
  "trend_direction": "decreasing",
  "anomalies": [],
  "anomaly_count": 0,
  "flow_status": {
    "status": "Normal",
    "latest_flow": 9870.0,
    "percentile": 25.368529310935894
  },
  "recent_change": {
    "change_cfs": -330.0,
    "change_pct": -3.2352941176470593
  },
  "summary": "Normal conditions (avg: 9621 cfs, trend: decreasing)",
  "analysis_date": "2026-03-23 19:06:07",
  "sites_analyzed": [
    "01646500",
    "01491000"
  ]
}