{
  "mean_flow": 17721.84127688631,
  "median_flow": 18400.0,
  "std_flow": 12627.8987556653,
  "min_flow": 27.2,
  "max_flow": 39100.0,
  "total_records": 2929,
  "percentile_25": 55.4,
  "percentile_75": 26900.0,
  "percentile_90": 35100.0,
  "trend": {
    "slope": -0.025001953871808553,
    "direction": "decreasing",
    "r_squared": 0.14192536781509713,
    "p_value": 2.0216183277917903e-99
  },
  "trend_slope": -0.025001953871808553,
  "trend_direction": "decreasing",
  "anomalies": [],
  "anomaly_count": 0,
  "flow_status": {
    "status": "Low Flow",
    "latest_flow": 27.2,
    "percentile": 0.20484807101399793
  },
  "recent_change": {
    "change_cfs": -0.5,
    "change_pct": -1.8050541516245486
  },
  "summary": "Low Flow conditions (avg: 17722 cfs, trend: decreasing)",
  "analysis_date": "2026-06-03 19:50:50",
  "sites_analyzed": [
    "01646500",
    "01491000"
  ]
}