{
  "mean_flow": 8438.413479742521,
  "median_flow": 7820.0,
  "std_flow": 5905.272672882342,
  "min_flow": 177.0,
  "max_flow": 18300.0,
  "total_records": 2641,
  "percentile_25": 365.0,
  "percentile_75": 12900.0,
  "percentile_90": 17700.0,
  "trend": {
    "slope": 0.016117368391434208,
    "direction": "increasing",
    "r_squared": 0.2192793323282118,
    "p_value": 4.6573820257483865e-144
  },
  "trend_slope": 0.016117368391434208,
  "trend_direction": "increasing",
  "anomalies": [],
  "anomaly_count": 0,
  "flow_status": {
    "status": "Low Flow",
    "latest_flow": 177.0,
    "percentile": 0.03786444528587656
  },
  "recent_change": {
    "change_cfs": -6.0,
    "change_pct": -3.278688524590164
  },
  "summary": "Low Flow conditions (avg: 8438 cfs, trend: increasing)",
  "analysis_date": "2026-03-10 02:42:59",
  "sites_analyzed": [
    "01646500",
    "01491000"
  ]
}