{
  "mean_flow": -748967.821547575,
  "median_flow": -999999.0,
  "std_flow": 433701.74481843103,
  "min_flow": -999999.0,
  "max_flow": 67.4,
  "total_records": 2701,
  "percentile_25": -999999.0,
  "percentile_75": 21.2,
  "percentile_90": 54.3,
  "trend": {
    "slope": 0.00813702599510466,
    "direction": "stable",
    "r_squared": 1.0841128216726246e-05,
    "p_value": 0.8641917113672144
  },
  "trend_slope": 0.00813702599510466,
  "trend_direction": "stable",
  "anomalies": [],
  "anomaly_count": 0,
  "flow_status": {
    "status": "High Flow",
    "latest_flow": 64.0,
    "percentile": 98.22288041466123
  },
  "recent_change": {
    "change_cfs": 1000063.0,
    "change_pct": -100.0064000064
  },
  "summary": "High Flow conditions (avg: -748968 cfs, trend: stable)",
  "analysis_date": "2026-02-14 06:58:14",
  "sites_analyzed": [
    "01646500",
    "01491000"
  ]
}