{
  "mean_flow": 3418.3505202108963,
  "median_flow": 3280.0,
  "std_flow": 2556.0850663113933,
  "min_flow": 3.12,
  "max_flow": 9040.0,
  "total_records": 2845,
  "percentile_25": 14.8,
  "percentile_75": 5220.0,
  "percentile_90": 6840.0,
  "trend": {
    "slope": 0.0050699659292591315,
    "direction": "increasing",
    "r_squared": 0.13449800725430994,
    "p_value": 2.7305065901840007e-91
  },
  "trend_slope": 0.0050699659292591315,
  "trend_direction": "increasing",
  "anomalies": [],
  "anomaly_count": 0,
  "flow_status": {
    "status": "Below Normal",
    "latest_flow": 11.7,
    "percentile": 12.548330404217925
  },
  "recent_change": {
    "change_cfs": 0.0,
    "change_pct": 0.0
  },
  "summary": "Below Normal conditions (avg: 3418 cfs, trend: increasing)",
  "analysis_date": "2026-07-13 14:36:21",
  "sites_analyzed": [
    "01646500",
    "01491000"
  ]
}