{
  "mean_flow": 2044.885758727964,
  "median_flow": 2500.0,
  "std_flow": 1179.18634545792,
  "min_flow": 42.7,
  "max_flow": 3340.0,
  "total_records": 2893,
  "percentile_25": 101.0,
  "percentile_75": 2800.0,
  "percentile_90": 3120.0,
  "trend": {
    "slope": 7.167148209796032e-05,
    "direction": "stable",
    "r_squared": 0.000130742362867102,
    "p_value": 0.5387101910216887
  },
  "trend_slope": 7.167148209796032e-05,
  "trend_direction": "stable",
  "anomalies": [],
  "anomaly_count": 0,
  "flow_status": {
    "status": "Low Flow",
    "latest_flow": 43.7,
    "percentile": 2.4541997926028345
  },
  "recent_change": {
    "change_cfs": 0.0,
    "change_pct": 0.0
  },
  "summary": "Low Flow conditions (avg: 2045 cfs, trend: stable)",
  "analysis_date": "2025-12-29 18:40:13",
  "sites_analyzed": [
    "01646500",
    "01491000"
  ]
}