{
  "mean_flow": 1624.304378782485,
  "median_flow": 2120.0,
  "std_flow": 948.9887933961619,
  "min_flow": 36.4,
  "max_flow": 2750.0,
  "total_records": 2809,
  "percentile_25": 43.7,
  "percentile_75": 2260.0,
  "percentile_90": 2350.0,
  "trend": {
    "slope": -0.0004779450825142315,
    "direction": "decreasing",
    "r_squared": 0.008859580591781865,
    "p_value": 5.807203069097112e-07
  },
  "trend_slope": -0.0004779450825142315,
  "trend_direction": "decreasing",
  "anomalies": [],
  "anomaly_count": 0,
  "flow_status": {
    "status": "Low Flow",
    "latest_flow": 36.4,
    "percentile": 2.313990744037024
  },
  "recent_change": {
    "change_cfs": -1773.6,
    "change_pct": -97.98895027624309
  },
  "summary": "Low Flow conditions (avg: 1624 cfs, trend: decreasing)",
  "analysis_date": "2026-01-05 18:44:11",
  "sites_analyzed": [
    "01646500",
    "01491000"
  ]
}