{
  "mean_flow": 11966.02625,
  "median_flow": 3060.0,
  "std_flow": 14286.717671724135,
  "min_flow": 22.0,
  "max_flow": 41900.0,
  "total_records": 2960,
  "percentile_25": 61.5,
  "percentile_75": 26900.0,
  "percentile_90": 36000.0,
  "trend": {
    "slope": 0.047039098807658004,
    "direction": "increasing",
    "r_squared": 0.4009710958430905,
    "p_value": 0.0
  },
  "trend_slope": 0.047039098807658004,
  "trend_direction": "increasing",
  "anomalies": [],
  "anomaly_count": 0,
  "flow_status": {
    "status": "Below Normal",
    "latest_flow": 42.7,
    "percentile": 14.290540540540542
  },
  "recent_change": {
    "change_cfs": -26157.3,
    "change_pct": -99.83702290076336
  },
  "summary": "Below Normal conditions (avg: 11966 cfs, trend: increasing)",
  "analysis_date": "2026-05-27 21:57:14",
  "sites_analyzed": [
    "01646500",
    "01491000"
  ]
}