{
  "mean_flow": 1953.7661472172351,
  "median_flow": 2400.0,
  "std_flow": 1148.7353034303349,
  "min_flow": 5.24,
  "max_flow": 3450.0,
  "total_records": 2785,
  "percentile_25": 16.4,
  "percentile_75": 2700.0,
  "percentile_90": 2960.0,
  "trend": {
    "slope": -8.835410627576064e-05,
    "direction": "stable",
    "r_squared": 0.0001936455610434095,
    "p_value": 0.46290101398291983
  },
  "trend_slope": -8.835410627576064e-05,
  "trend_direction": "stable",
  "anomalies": [],
  "anomaly_count": 0,
  "flow_status": {
    "status": "Below Normal",
    "latest_flow": 9.75,
    "percentile": 15.403949730700178
  },
  "recent_change": {
    "change_cfs": 0.0,
    "change_pct": 0.0
  },
  "summary": "Below Normal conditions (avg: 1954 cfs, trend: stable)",
  "analysis_date": "2026-06-30 10:31:29",
  "sites_analyzed": [
    "01646500",
    "01491000"
  ]
}