{
  "mean_flow": 2634.2690344062153,
  "median_flow": 3400.0,
  "std_flow": 1502.5403041894124,
  "min_flow": 41.8,
  "max_flow": 3920.0,
  "total_records": 2703,
  "percentile_25": 56.6,
  "percentile_75": 3570.0,
  "percentile_90": 3690.0,
  "trend": {
    "slope": 0.0005490245829455402,
    "direction": "increasing",
    "r_squared": 0.00417450698585222,
    "p_value": 0.0007763858115565756
  },
  "trend_slope": 0.0005490245829455402,
  "trend_direction": "increasing",
  "anomalies": [],
  "anomaly_count": 0,
  "flow_status": {
    "status": "High Flow",
    "latest_flow": 3860.0,
    "percentile": 98.96411394746578
  },
  "recent_change": {
    "change_cfs": 0.0,
    "change_pct": 0.0
  },
  "summary": "High Flow conditions (avg: 2634 cfs, trend: increasing)",
  "analysis_date": "2026-05-03 06:27:29",
  "sites_analyzed": [
    "01646500",
    "01491000"
  ]
}