{
  "mean_flow": 2306.261453900709,
  "median_flow": 2750.0,
  "std_flow": 1345.9138268165789,
  "min_flow": 70.8,
  "max_flow": 3920.0,
  "total_records": 2820,
  "percentile_25": 306.0,
  "percentile_75": 3230.0,
  "percentile_90": 3740.0,
  "trend": {
    "slope": 0.0014375317383426883,
    "direction": "increasing",
    "r_squared": 0.03925541604827322,
    "p_value": 2.3490098725037437e-26
  },
  "trend_slope": 0.0014375317383426883,
  "trend_direction": "increasing",
  "anomalies": [],
  "anomaly_count": 0,
  "flow_status": {
    "status": "Low Flow",
    "latest_flow": 70.9,
    "percentile": 2.021276595744681
  },
  "recent_change": {
    "change_cfs": -3099.1,
    "change_pct": -97.76340694006309
  },
  "summary": "Low Flow conditions (avg: 2306 cfs, trend: increasing)",
  "analysis_date": "2026-01-18 18:37:35",
  "sites_analyzed": [
    "01646500",
    "01491000"
  ]
}