{
  "mean_flow": 6703.479200856225,
  "median_flow": 8600.0,
  "std_flow": 3870.311169519448,
  "min_flow": 82.8,
  "max_flow": 9960.0,
  "total_records": 2803,
  "percentile_25": 120.0,
  "percentile_75": 9220.0,
  "percentile_90": 9500.0,
  "trend": {
    "slope": -0.0011846759663949468,
    "direction": "decreasing",
    "r_squared": 0.0032037294082458852,
    "p_value": 0.0027198924262098532
  },
  "trend_slope": -0.0011846759663949468,
  "trend_direction": "decreasing",
  "anomalies": [],
  "anomaly_count": 0,
  "flow_status": {
    "status": "Low Flow",
    "latest_flow": 82.8,
    "percentile": 3.2465215840171244
  },
  "recent_change": {
    "change_cfs": -8867.2,
    "change_pct": -99.07486033519554
  },
  "summary": "Low Flow conditions (avg: 6703 cfs, trend: decreasing)",
  "analysis_date": "2026-03-31 13:53:32",
  "sites_analyzed": [
    "01646500",
    "01491000"
  ]
}