{
  "mean_flow": 1333.423961551665,
  "median_flow": 1450.0,
  "std_flow": 875.0544439081457,
  "min_flow": 14.2,
  "max_flow": 2800.0,
  "total_records": 2913,
  "percentile_25": 41.8,
  "percentile_75": 1520.0,
  "percentile_90": 2550.0,
  "trend": {
    "slope": 0.0015522131666334273,
    "direction": "increasing",
    "r_squared": 0.11268081186081058,
    "p_value": 1.183166559887769e-77
  },
  "trend_slope": 0.0015522131666334273,
  "trend_direction": "increasing",
  "anomalies": [],
  "anomaly_count": 0,
  "flow_status": {
    "status": "Below Normal",
    "latest_flow": 34.7,
    "percentile": 21.35255750085822
  },
  "recent_change": {
    "change_cfs": 0.0,
    "change_pct": 0.0
  },
  "summary": "Below Normal conditions (avg: 1333 cfs, trend: increasing)",
  "analysis_date": "2025-11-01 18:33:06",
  "sites_analyzed": [
    "01646500",
    "01491000"
  ]
}