{
  "mean_flow": 1259.9790862544307,
  "median_flow": 1600.0,
  "std_flow": 736.9536377868244,
  "min_flow": 18.7,
  "max_flow": 1980.0,
  "total_records": 2539,
  "percentile_25": 42.7,
  "percentile_75": 1730.0,
  "percentile_90": 1890.0,
  "trend": {
    "slope": -0.00040062776313884907,
    "direction": "decreasing",
    "r_squared": 0.008824749430085963,
    "p_value": 2.1197497853009024e-06
  },
  "trend_slope": -0.00040062776313884907,
  "trend_direction": "decreasing",
  "anomalies": [],
  "anomaly_count": 0,
  "flow_status": {
    "status": "Normal",
    "latest_flow": 1600.0,
    "percentile": 50.29539188656952
  },
  "recent_change": {
    "change_cfs": -40.0,
    "change_pct": -2.4390243902439024
  },
  "summary": "Normal conditions (avg: 1260 cfs, trend: decreasing)",
  "analysis_date": "2025-11-16 02:11:20",
  "sites_analyzed": [
    "01646500",
    "01491000"
  ]
}