{
  "mean_flow": 3329.2498879761015,
  "median_flow": 4170.0,
  "std_flow": 1925.0611813063226,
  "min_flow": 56.6,
  "max_flow": 5150.0,
  "total_records": 2678,
  "percentile_25": 76.5,
  "percentile_75": 4680.0,
  "percentile_90": 4880.0,
  "trend": {
    "slope": -0.001482093071525699,
    "direction": "decreasing",
    "r_squared": 0.018562331702868765,
    "p_value": 1.4387161739719546e-12
  },
  "trend_slope": -0.001482093071525699,
  "trend_direction": "decreasing",
  "anomalies": [],
  "anomaly_count": 0,
  "flow_status": {
    "status": "Normal",
    "latest_flow": 3980.0,
    "percentile": 32.897684839432415
  },
  "recent_change": {
    "change_cfs": 0.0,
    "change_pct": 0.0
  },
  "summary": "Normal conditions (avg: 3329 cfs, trend: decreasing)",
  "analysis_date": "2026-04-22 06:01:07",
  "sites_analyzed": [
    "01646500",
    "01491000"
  ]
}