{
  "mean_flow": 5065.667008196721,
  "median_flow": 6150.0,
  "std_flow": 3010.203992272211,
  "min_flow": 76.5,
  "max_flow": 8340.0,
  "total_records": 2928,
  "percentile_25": 153.0,
  "percentile_75": 7410.0,
  "percentile_90": 7990.0,
  "trend": {
    "slope": -0.0036185468801067126,
    "direction": "decreasing",
    "r_squared": 0.052966156426199285,
    "p_value": 1.6860848703632683e-36
  },
  "trend_slope": -0.0036185468801067126,
  "trend_direction": "decreasing",
  "anomalies": [],
  "anomaly_count": 0,
  "flow_status": {
    "status": "Low Flow",
    "latest_flow": 76.5,
    "percentile": 0.3073770491803279
  },
  "recent_change": {
    "change_cfs": -5213.5,
    "change_pct": -98.5538752362949
  },
  "summary": "Low Flow conditions (avg: 5066 cfs, trend: decreasing)",
  "analysis_date": "2026-04-14 21:52:42",
  "sites_analyzed": [
    "01646500",
    "01491000"
  ]
}