{
  "mean_flow": 16371.426353653918,
  "median_flow": 17300.0,
  "std_flow": 10931.201541152977,
  "min_flow": 397.0,
  "max_flow": 32800.0,
  "total_records": 2641,
  "percentile_25": 738.0,
  "percentile_75": 25700.0,
  "percentile_90": 30700.0,
  "trend": {
    "slope": -0.023791683288216476,
    "direction": "decreasing",
    "r_squared": 0.13944530071222974,
    "p_value": 3.6155416443942874e-88
  },
  "trend_slope": -0.023791683288216476,
  "trend_direction": "decreasing",
  "anomalies": [],
  "anomaly_count": 0,
  "flow_status": {
    "status": "Below Normal",
    "latest_flow": 547.0,
    "percentile": 21.92351382052253
  },
  "recent_change": {
    "change_cfs": 13.0,
    "change_pct": 2.4344569288389515
  },
  "summary": "Below Normal conditions (avg: 16371 cfs, trend: decreasing)",
  "analysis_date": "2026-02-28 02:33:37",
  "sites_analyzed": [
    "01646500",
    "01491000"
  ]
}