{
  "mean_flow": 14123.126889886089,
  "median_flow": 5570.0,
  "std_flow": 14452.396927064705,
  "min_flow": 23.4,
  "max_flow": 41900.0,
  "total_records": 2897,
  "percentile_25": 61.5,
  "percentile_75": 27000.0,
  "percentile_90": 36200.0,
  "trend": {
    "slope": 0.04243725362647389,
    "direction": "increasing",
    "r_squared": 0.3053859508939441,
    "p_value": 2.2496806961872233e-231
  },
  "trend_slope": 0.04243725362647389,
  "trend_direction": "increasing",
  "anomalies": [],
  "anomaly_count": 0,
  "flow_status": {
    "status": "Below Normal",
    "latest_flow": 42.7,
    "percentile": 13.979979288919573
  },
  "recent_change": {
    "change_cfs": 0.0,
    "change_pct": 0.0
  },
  "summary": "Below Normal conditions (avg: 14123 cfs, trend: increasing)",
  "analysis_date": "2026-05-28 17:34:19",
  "sites_analyzed": [
    "01646500",
    "01491000"
  ]
}