{
  "mean_flow": 1164.6579446340538,
  "median_flow": 1480.0,
  "std_flow": 668.5321488615783,
  "min_flow": 16.1,
  "max_flow": 1890.0,
  "total_records": 2637,
  "percentile_25": 21.6,
  "percentile_75": 1560.0,
  "percentile_90": 1640.0,
  "trend": {
    "slope": 0.00015793272885183458,
    "direction": "increasing",
    "r_squared": 0.00164060391326737,
    "p_value": 0.037540516530651026
  },
  "trend_slope": 0.00015793272885183458,
  "trend_direction": "increasing",
  "anomalies": [],
  "anomaly_count": 0,
  "flow_status": {
    "status": "Low Flow",
    "latest_flow": 17.7,
    "percentile": 7.660219946909367
  },
  "recent_change": {
    "change_cfs": -0.3000000000000007,
    "change_pct": -1.6666666666666705
  },
  "summary": "Low Flow conditions (avg: 1165 cfs, trend: increasing)",
  "analysis_date": "2025-10-24 01:55:19",
  "sites_analyzed": [
    "01646500",
    "01491000"
  ]
}