{
  "mean_flow": 1172.2751483420593,
  "median_flow": 1520.0,
  "std_flow": 674.7983102748385,
  "min_flow": 19.1,
  "max_flow": 1770.0,
  "total_records": 2865,
  "percentile_25": 26.5,
  "percentile_75": 1600.0,
  "percentile_90": 1680.0,
  "trend": {
    "slope": 2.072790312321608e-05,
    "direction": "stable",
    "r_squared": 3.365828010919877e-05,
    "p_value": 0.7562564391905129
  },
  "trend_slope": 2.072790312321608e-05,
  "trend_direction": "stable",
  "anomalies": [],
  "anomaly_count": 0,
  "flow_status": {
    "status": "Below Normal",
    "latest_flow": 23.4,
    "percentile": 19.86038394415358
  },
  "recent_change": {
    "change_cfs": -0.40000000000000213,
    "change_pct": -1.680672268907572
  },
  "summary": "Below Normal conditions (avg: 1172 cfs, trend: stable)",
  "analysis_date": "2025-11-20 18:39:13",
  "sites_analyzed": [
    "01646500",
    "01491000"
  ]
}