{
  "mean_flow": 1651.826112759644,
  "median_flow": 2160.0,
  "std_flow": 952.2957618442869,
  "min_flow": 22.0,
  "max_flow": 2700.0,
  "total_records": 2696,
  "percentile_25": 39.675,
  "percentile_75": 2210.0,
  "percentile_90": 2300.0,
  "trend": {
    "slope": 0.00026728119897087923,
    "direction": "increasing",
    "r_squared": 0.0024374574787772497,
    "p_value": 0.010351945828180184
  },
  "trend_slope": 0.00026728119897087923,
  "trend_direction": "increasing",
  "anomalies": [],
  "anomaly_count": 0,
  "flow_status": {
    "status": "Normal",
    "latest_flow": 40.8,
    "percentile": 25.148367952522253
  },
  "recent_change": {
    "change_cfs": 2.6999999999999957,
    "change_pct": 7.086614173228336
  },
  "summary": "Normal conditions (avg: 1652 cfs, trend: increasing)",
  "analysis_date": "2025-12-03 06:42:07",
  "sites_analyzed": [
    "01646500",
    "01491000"
  ]
}