{
  "mean_flow": 1817.33386981402,
  "median_flow": 2260.0,
  "std_flow": 1053.4116477699656,
  "min_flow": 22.0,
  "max_flow": 2850.0,
  "total_records": 2796,
  "percentile_25": 56.6,
  "percentile_75": 2600.0,
  "percentile_90": 2700.0,
  "trend": {
    "slope": 0.000681905061187795,
    "direction": "increasing",
    "r_squared": 0.0138596412481763,
    "p_value": 4.2647916057113305e-10
  },
  "trend_slope": 0.000681905061187795,
  "trend_direction": "increasing",
  "anomalies": [],
  "anomaly_count": 0,
  "flow_status": {
    "status": "Below Normal",
    "latest_flow": 36.4,
    "percentile": 13.769670958512158
  },
  "recent_change": {
    "change_cfs": -0.8000000000000043,
    "change_pct": -2.1505376344086136
  },
  "summary": "Below Normal conditions (avg: 1817 cfs, trend: increasing)",
  "analysis_date": "2025-12-06 12:52:40",
  "sites_analyzed": [
    "01646500",
    "01491000"
  ]
}