{
  "mean_flow": 3790.279555709823,
  "median_flow": 4680.0,
  "std_flow": 2203.2008318726926,
  "min_flow": 61.5,
  "max_flow": 6230.0,
  "total_records": 2881,
  "percentile_25": 96.6,
  "percentile_75": 5290.0,
  "percentile_90": 5710.0,
  "trend": {
    "slope": -0.0022267789469294723,
    "direction": "decreasing",
    "r_squared": 0.035782502692950524,
    "p_value": 1.2924067565529875e-24
  },
  "trend_slope": -0.0022267789469294723,
  "trend_direction": "decreasing",
  "anomalies": [],
  "anomaly_count": 0,
  "flow_status": {
    "status": "Low Flow",
    "latest_flow": 62.7,
    "percentile": 2.3602915654286707
  },
  "recent_change": {
    "change_cfs": 0.0,
    "change_pct": 0.0
  },
  "summary": "Low Flow conditions (avg: 3790 cfs, trend: decreasing)",
  "analysis_date": "2026-04-19 16:42:40",
  "sites_analyzed": [
    "01646500",
    "01491000"
  ]
}