{
  "mean_flow": 12241.079630287948,
  "median_flow": 11500.0,
  "std_flow": 8873.156171221799,
  "min_flow": 416.0,
  "max_flow": 30700.0,
  "total_records": 2813,
  "percentile_25": 8420.0,
  "percentile_75": 18100.0,
  "percentile_90": 25700.0,
  "trend": {
    "slope": -0.025988241554111474,
    "direction": "decreasing",
    "r_squared": 0.28646988548674274,
    "p_value": 2.6275175578940163e-208
  },
  "trend_slope": -0.025988241554111474,
  "trend_direction": "decreasing",
  "anomalies": [],
  "anomaly_count": 0,
  "flow_status": {
    "status": "Normal",
    "latest_flow": 8510.0,
    "percentile": 26.306434411660153
  },
  "recent_change": {
    "change_cfs": 0.0,
    "change_pct": 0.0
  },
  "summary": "Normal conditions (avg: 12241 cfs, trend: decreasing)",
  "analysis_date": "2026-03-02 13:18:19",
  "sites_analyzed": [
    "01646500",
    "01491000"
  ]
}