{
  "mean_flow": 1882.9986802030455,
  "median_flow": 2450.0,
  "std_flow": 1083.9104826268133,
  "min_flow": 22.0,
  "max_flow": 2850.0,
  "total_records": 2955,
  "percentile_25": 39.45,
  "percentile_75": 2600.0,
  "percentile_90": 2700.0,
  "trend": {
    "slope": -0.0006184424860807019,
    "direction": "decreasing",
    "r_squared": 0.0120431419223943,
    "p_value": 2.2167307287444075e-09
  },
  "trend_slope": -0.0006184424860807019,
  "trend_direction": "decreasing",
  "anomalies": [],
  "anomaly_count": 0,
  "flow_status": {
    "status": "Low Flow",
    "latest_flow": 22.0,
    "percentile": 1.5228426395939088
  },
  "recent_change": {
    "change_cfs": -2098.0,
    "change_pct": -98.9622641509434
  },
  "summary": "Low Flow conditions (avg: 1883 cfs, trend: decreasing)",
  "analysis_date": "2026-05-20 21:56:14",
  "sites_analyzed": [
    "01646500",
    "01491000"
  ]
}