{
  "mean_flow": 3705.9742058496854,
  "median_flow": 4420.0,
  "std_flow": 2547.7112091513463,
  "min_flow": 6.99,
  "max_flow": 9040.0,
  "total_records": 2701,
  "percentile_25": 1980.0,
  "percentile_75": 5290.0,
  "percentile_90": 6840.0,
  "trend": {
    "slope": 0.0028732713595033036,
    "direction": "increasing",
    "r_squared": 0.039160727796414004,
    "p_value": 2.9729994424630297e-25
  },
  "trend_slope": 0.0028732713595033036,
  "trend_direction": "increasing",
  "anomalies": [],
  "anomaly_count": 0,
  "flow_status": {
    "status": "Normal",
    "latest_flow": 4290.0,
    "percentile": 49.203998519067014
  },
  "recent_change": {
    "change_cfs": -200.0,
    "change_pct": -4.4543429844097995
  },
  "summary": "Normal conditions (avg: 3706 cfs, trend: increasing)",
  "analysis_date": "2026-07-14 05:29:58",
  "sites_analyzed": [
    "01646500",
    "01491000"
  ]
}