{
  "mean_flow": 1552.421300929235,
  "median_flow": 1940.0,
  "std_flow": 891.2573452786887,
  "min_flow": 35.5,
  "max_flow": 2450.0,
  "total_records": 2798,
  "percentile_25": 42.025,
  "percentile_75": 2210.0,
  "percentile_90": 2260.0,
  "trend": {
    "slope": -0.0005803782797547376,
    "direction": "decreasing",
    "r_squared": 0.01414771280987545,
    "p_value": 2.767196145833876e-10
  },
  "trend_slope": -0.0005803782797547376,
  "trend_direction": "decreasing",
  "anomalies": [],
  "anomaly_count": 0,
  "flow_status": {
    "status": "Normal",
    "latest_flow": 2030.0,
    "percentile": 63.938527519656894
  },
  "recent_change": {
    "change_cfs": 50.0,
    "change_pct": 2.525252525252525
  },
  "summary": "Normal conditions (avg: 1552 cfs, trend: decreasing)",
  "analysis_date": "2026-01-07 13:02:28",
  "sites_analyzed": [
    "01646500",
    "01491000"
  ]
}