{
  "mean_flow": 2843.312505376344,
  "median_flow": 3170.0,
  "std_flow": 1780.6020423953316,
  "min_flow": 8.95,
  "max_flow": 5290.0,
  "total_records": 2790,
  "percentile_25": 657.9000000000001,
  "percentile_75": 4420.0,
  "percentile_90": 4950.0,
  "trend": {
    "slope": -0.0033041489527852806,
    "direction": "decreasing",
    "r_squared": 0.11370611540473699,
    "p_value": 3.745804561051795e-75
  },
  "trend_slope": -0.0033041489527852806,
  "trend_direction": "decreasing",
  "anomalies": [],
  "anomaly_count": 0,
  "flow_status": {
    "status": "Normal",
    "latest_flow": 2550.0,
    "percentile": 26.093189964157702
  },
  "recent_change": {
    "change_cfs": 0.0,
    "change_pct": 0.0
  },
  "summary": "Normal conditions (avg: 2843 cfs, trend: decreasing)",
  "analysis_date": "2026-06-18 11:08:15",
  "sites_analyzed": [
    "01646500",
    "01491000"
  ]
}