{
  "mean_flow": -749338.1005914971,
  "median_flow": -999999.0,
  "std_flow": 433489.8291039159,
  "min_flow": -999999.0,
  "max_flow": 80.7,
  "total_records": 2705,
  "percentile_25": -999999.0,
  "percentile_75": 43.7,
  "percentile_90": 56.6,
  "trend": {
    "slope": 0.004560151423685469,
    "direction": "stable",
    "r_squared": 3.417304624265771e-06,
    "p_value": 0.9234408550900701
  },
  "trend_slope": 0.004560151423685469,
  "trend_direction": "stable",
  "anomalies": [],
  "anomaly_count": 0,
  "flow_status": {
    "status": "Above Normal",
    "latest_flow": 55.4,
    "percentile": 88.79852125693161
  },
  "recent_change": {
    "change_cfs": 1000054.4,
    "change_pct": -100.00554000554001
  },
  "summary": "Above Normal conditions (avg: -749338 cfs, trend: stable)",
  "analysis_date": "2026-02-07 06:55:11",
  "sites_analyzed": [
    "01646500",
    "01491000"
  ]
}