{
  "mean_flow": 3643.10018818216,
  "median_flow": 4610.0,
  "std_flow": 2104.4443351345585,
  "min_flow": 61.5,
  "max_flow": 5710.0,
  "total_records": 2657,
  "percentile_25": 89.5,
  "percentile_75": 5080.0,
  "percentile_90": 5430.0,
  "trend": {
    "slope": -0.00199758598450347,
    "direction": "decreasing",
    "r_squared": 0.02684545010443468,
    "p_value": 1.9101109367848883e-17
  },
  "trend_slope": -0.00199758598450347,
  "trend_direction": "decreasing",
  "anomalies": [],
  "anomaly_count": 0,
  "flow_status": {
    "status": "Low Flow",
    "latest_flow": 62.7,
    "percentile": 3.9518253669552124
  },
  "recent_change": {
    "change_cfs": 0.0,
    "change_pct": 0.0
  },
  "summary": "Low Flow conditions (avg: 3643 cfs, trend: decreasing)",
  "analysis_date": "2026-04-20 02:51:17",
  "sites_analyzed": [
    "01646500",
    "01491000"
  ]
}