{
  "mean_flow": 2761.9254327092904,
  "median_flow": 3570.0,
  "std_flow": 1601.3270694498824,
  "min_flow": 35.5,
  "max_flow": 4230.0,
  "total_records": 2831,
  "percentile_25": 45.7,
  "percentile_75": 3860.0,
  "percentile_90": 3980.0,
  "trend": {
    "slope": -0.0008383583889062603,
    "direction": "decreasing",
    "r_squared": 0.009387219297871017,
    "p_value": 2.4044665043139397e-07
  },
  "trend_slope": -0.0008383583889062603,
  "trend_direction": "decreasing",
  "anomalies": [],
  "anomaly_count": 0,
  "flow_status": {
    "status": "Low Flow",
    "latest_flow": 35.5,
    "percentile": 1.4482515012363122
  },
  "recent_change": {
    "change_cfs": -3024.5,
    "change_pct": -98.83986928104575
  },
  "summary": "Low Flow conditions (avg: 2762 cfs, trend: decreasing)",
  "analysis_date": "2026-05-09 14:50:58",
  "sites_analyzed": [
    "01646500",
    "01491000"
  ]
}