{
  "mean_flow": 1533.7108365019012,
  "median_flow": 1940.0,
  "std_flow": 879.63846565239,
  "min_flow": 28.2,
  "max_flow": 2400.0,
  "total_records": 2630,
  "percentile_25": 446.625,
  "percentile_75": 2120.0,
  "percentile_90": 2210.0,
  "trend": {
    "slope": -0.0006389490105630633,
    "direction": "decreasing",
    "r_squared": 0.015520600674048654,
    "p_value": 1.4462373338590048e-10
  },
  "trend_slope": -0.0006389490105630633,
  "trend_direction": "decreasing",
  "anomalies": [],
  "anomaly_count": 0,
  "flow_status": {
    "status": "Normal",
    "latest_flow": 1810.0,
    "percentile": 31.216730038022817
  },
  "recent_change": {
    "change_cfs": 0.0,
    "change_pct": 0.0
  },
  "summary": "Normal conditions (avg: 1534 cfs, trend: decreasing)",
  "analysis_date": "2025-12-14 02:24:53",
  "sites_analyzed": [
    "01646500",
    "01491000"
  ]
}