{
  "mean_flow": 1732.2129768270945,
  "median_flow": 2160.0,
  "std_flow": 1004.6828901145319,
  "min_flow": 22.0,
  "max_flow": 2850.0,
  "total_records": 2805,
  "percentile_25": 56.6,
  "percentile_75": 2300.0,
  "percentile_90": 2650.0,
  "trend": {
    "slope": 0.0006722125831327146,
    "direction": "increasing",
    "r_squared": 0.014948481352414748,
    "p_value": 8.200472703165094e-11
  },
  "trend_slope": 0.0006722125831327146,
  "trend_direction": "increasing",
  "anomalies": [],
  "anomaly_count": 0,
  "flow_status": {
    "status": "High Flow",
    "latest_flow": 2800.0,
    "percentile": 99.0017825311943
  },
  "recent_change": {
    "change_cfs": 50.0,
    "change_pct": 1.8181818181818181
  },
  "summary": "High Flow conditions (avg: 1732 cfs, trend: increasing)",
  "analysis_date": "2025-12-04 13:00:30",
  "sites_analyzed": [
    "01646500",
    "01491000"
  ]
}