{
  "mean_flow": 16175.057175312382,
  "median_flow": 17300.0,
  "std_flow": 11085.767539144821,
  "min_flow": 148.0,
  "max_flow": 32800.0,
  "total_records": 2641,
  "percentile_25": 738.0,
  "percentile_75": 25700.0,
  "percentile_90": 30700.0,
  "trend": {
    "slope": 0.014864838720212822,
    "direction": "increasing",
    "r_squared": 0.052927114132101924,
    "p_value": 4.61685586318103e-33
  },
  "trend_slope": 0.014864838720212822,
  "trend_direction": "increasing",
  "anomalies": [],
  "anomaly_count": 0,
  "flow_status": {
    "status": "Below Normal",
    "latest_flow": 512.0,
    "percentile": 16.925407042786823
  },
  "recent_change": {
    "change_cfs": -3.0,
    "change_pct": -0.5825242718446602
  },
  "summary": "Below Normal conditions (avg: 16175 cfs, trend: increasing)",
  "analysis_date": "2026-02-26 02:46:55",
  "sites_analyzed": [
    "01646500",
    "01491000"
  ]
}