{
  "mean_flow": 9570.765871559634,
  "median_flow": 11800.0,
  "std_flow": 5668.512248279399,
  "min_flow": 118.0,
  "max_flow": 16700.0,
  "total_records": 2725,
  "percentile_25": 210.0,
  "percentile_75": 13500.0,
  "percentile_90": 15000.0,
  "trend": {
    "slope": -0.007020235635646535,
    "direction": "decreasing",
    "r_squared": 0.04834682950132088,
    "p_value": 3.450312246612779e-31
  },
  "trend_slope": -0.007020235635646535,
  "trend_direction": "decreasing",
  "anomalies": [],
  "anomaly_count": 0,
  "flow_status": {
    "status": "Normal",
    "latest_flow": 9870.0,
    "percentile": 26.53211009174312
  },
  "recent_change": {
    "change_cfs": -90.0,
    "change_pct": -0.9036144578313252
  },
  "summary": "Normal conditions (avg: 9571 cfs, trend: decreasing)",
  "analysis_date": "2026-03-24 07:15:21",
  "sites_analyzed": [
    "01646500",
    "01491000"
  ]
}