{
  "mean_flow": 3089.2948991150442,
  "median_flow": 2960.0,
  "std_flow": 2507.8888899435733,
  "min_flow": 1.86,
  "max_flow": 9040.0,
  "total_records": 2825,
  "percentile_25": 1850.0,
  "percentile_75": 4950.0,
  "percentile_90": 6840.0,
  "trend": {
    "slope": 0.006559101755747036,
    "direction": "increasing",
    "r_squared": 0.23097838396825568,
    "p_value": 3.136965280798468e-163
  },
  "trend_slope": 0.006559101755747036,
  "trend_direction": "increasing",
  "anomalies": [],
  "anomaly_count": 0,
  "flow_status": {
    "status": "Above Normal",
    "latest_flow": 5150.0,
    "percentile": 80.14159292035399
  },
  "recent_change": {
    "change_cfs": 200.0,
    "change_pct": 4.040404040404041
  },
  "summary": "Above Normal conditions (avg: 3089 cfs, trend: increasing)",
  "analysis_date": "2026-07-12 13:21:44",
  "sites_analyzed": [
    "01646500",
    "01491000"
  ]
}