{
  "mean_flow": 2045.465460030166,
  "median_flow": 2650.0,
  "std_flow": 1228.6536916328723,
  "min_flow": 15.1,
  "max_flow": 3230.0,
  "total_records": 2652,
  "percentile_25": 41.8,
  "percentile_75": 2960.0,
  "percentile_90": 3120.0,
  "trend": {
    "slope": 0.0008494137156160329,
    "direction": "increasing",
    "r_squared": 0.014924072538963436,
    "p_value": 2.757310296028361e-10
  },
  "trend_slope": 0.0008494137156160329,
  "trend_direction": "increasing",
  "anomalies": [],
  "anomaly_count": 0,
  "flow_status": {
    "status": "Low Flow",
    "latest_flow": 19.9,
    "percentile": 4.864253393665159
  },
  "recent_change": {
    "change_cfs": -2140.1,
    "change_pct": -99.0787037037037
  },
  "summary": "Low Flow conditions (avg: 2045 cfs, trend: increasing)",
  "analysis_date": "2025-11-06 06:39:54",
  "sites_analyzed": [
    "01646500",
    "01491000"
  ]
}