{
  "mean_flow": 17009.834534843805,
  "median_flow": 17800.0,
  "std_flow": 14840.19909182587,
  "min_flow": 24.8,
  "max_flow": 41900.0,
  "total_records": 2913,
  "percentile_25": 61.5,
  "percentile_75": 29000.0,
  "percentile_90": 37300.0,
  "trend": {
    "slope": 0.03595033209025788,
    "direction": "increasing",
    "r_squared": 0.21015694620265443,
    "p_value": 2.391609228839098e-151
  },
  "trend_slope": 0.03595033209025788,
  "trend_direction": "increasing",
  "anomalies": [],
  "anomaly_count": 0,
  "flow_status": {
    "status": "Low Flow",
    "latest_flow": 39.9,
    "percentile": 7.621009268795056
  },
  "recent_change": {
    "change_cfs": 0.0,
    "change_pct": 0.0
  },
  "summary": "Low Flow conditions (avg: 17010 cfs, trend: increasing)",
  "analysis_date": "2026-05-29 18:35:08",
  "sites_analyzed": [
    "01646500",
    "01491000"
  ]
}