{
  "mean_flow": 1925.2582060650348,
  "median_flow": 2450.0,
  "std_flow": 1124.873640030054,
  "min_flow": 8.37,
  "max_flow": 3450.0,
  "total_records": 2737,
  "percentile_25": 16.4,
  "percentile_75": 2600.0,
  "percentile_90": 2850.0,
  "trend": {
    "slope": -0.0001599278677443011,
    "direction": "stable",
    "r_squared": 0.0006390530151750173,
    "p_value": 0.1861221727513696
  },
  "trend_slope": -0.0001599278677443011,
  "trend_direction": "stable",
  "anomalies": [],
  "anomaly_count": 0,
  "flow_status": {
    "status": "Normal",
    "latest_flow": 16.4,
    "percentile": 25.063938618925828
  },
  "recent_change": {
    "change_cfs": 0.0,
    "change_pct": 0.0
  },
  "summary": "Normal conditions (avg: 1925 cfs, trend: stable)",
  "analysis_date": "2026-06-24 07:41:59",
  "sites_analyzed": [
    "01646500",
    "01491000"
  ]
}