{
  "mean_flow": 1940.3242927342928,
  "median_flow": 2450.0,
  "std_flow": 1135.8252343785964,
  "min_flow": 8.37,
  "max_flow": 3450.0,
  "total_records": 2849,
  "percentile_25": 16.4,
  "percentile_75": 2600.0,
  "percentile_90": 2900.0,
  "trend": {
    "slope": -7.81691909038417e-06,
    "direction": "stable",
    "r_squared": 1.622456409781052e-06,
    "p_value": 0.9458188559357498
  },
  "trend_slope": -7.81691909038417e-06,
  "trend_direction": "stable",
  "anomalies": [],
  "anomaly_count": 0,
  "flow_status": {
    "status": "Below Normal",
    "latest_flow": 15.7,
    "percentile": 23.587223587223587
  },
  "recent_change": {
    "change_cfs": -0.40000000000000213,
    "change_pct": -2.484472049689454
  },
  "summary": "Below Normal conditions (avg: 1940 cfs, trend: stable)",
  "analysis_date": "2026-06-24 14:33:12",
  "sites_analyzed": [
    "01646500",
    "01491000"
  ]
}