{
  "mean_flow": 1960.5343245227607,
  "median_flow": 2350.0,
  "std_flow": 1173.167542331431,
  "min_flow": 39.9,
  "max_flow": 3340.0,
  "total_records": 2724,
  "percentile_25": 47.7,
  "percentile_75": 2800.0,
  "percentile_90": 3120.0,
  "trend": {
    "slope": -0.001473044409701746,
    "direction": "decreasing",
    "r_squared": 0.053072392592015356,
    "p_value": 3.8579603111359975e-34
  },
  "trend_slope": -0.001473044409701746,
  "trend_direction": "decreasing",
  "anomalies": [],
  "anomaly_count": 0,
  "flow_status": {
    "status": "Low Flow",
    "latest_flow": 39.9,
    "percentile": 2.3861967694566815
  },
  "recent_change": {
    "change_cfs": -2460.1,
    "change_pct": -98.404
  },
  "summary": "Low Flow conditions (avg: 1961 cfs, trend: decreasing)",
  "analysis_date": "2026-01-01 12:58:22",
  "sites_analyzed": [
    "01646500",
    "01491000"
  ]
}