{
  "mean_flow": 3628.2783540022547,
  "median_flow": 4550.0,
  "std_flow": 2140.399977570174,
  "min_flow": 12.2,
  "max_flow": 6230.0,
  "total_records": 2661,
  "percentile_25": 27.2,
  "percentile_75": 5080.0,
  "percentile_90": 5500.0,
  "trend": {
    "slope": -0.0012142932845767567,
    "direction": "decreasing",
    "r_squared": 0.009695413456624748,
    "p_value": 3.5937817028189993e-07
  },
  "trend_slope": -0.0012142932845767567,
  "trend_direction": "decreasing",
  "anomalies": [],
  "anomaly_count": 0,
  "flow_status": {
    "status": "Below Normal",
    "latest_flow": 25.7,
    "percentile": 22.397594889139423
  },
  "recent_change": {
    "change_cfs": -4464.3,
    "change_pct": -99.42761692650335
  },
  "summary": "Below Normal conditions (avg: 3628 cfs, trend: decreasing)",
  "analysis_date": "2026-06-13 03:41:49",
  "sites_analyzed": [
    "01646500",
    "01491000"
  ]
}