{
  "mean_flow": 2772.990139254799,
  "median_flow": 3450.0,
  "std_flow": 1591.1639583493645,
  "min_flow": 49.8,
  "max_flow": 4110.0,
  "total_records": 2657,
  "percentile_25": 61.5,
  "percentile_75": 3920.0,
  "percentile_90": 4050.0,
  "trend": {
    "slope": -0.001151535875070586,
    "direction": "decreasing",
    "r_squared": 0.015604853290802762,
    "p_value": 1.037383340094069e-10
  },
  "trend_slope": -0.001151535875070586,
  "trend_direction": "decreasing",
  "anomalies": [],
  "anomaly_count": 0,
  "flow_status": {
    "status": "Low Flow",
    "latest_flow": 52.0,
    "percentile": 6.887467068121943
  },
  "recent_change": {
    "change_cfs": 0.0,
    "change_pct": 0.0
  },
  "summary": "Low Flow conditions (avg: 2773 cfs, trend: decreasing)",
  "analysis_date": "2026-04-28 02:53:29",
  "sites_analyzed": [
    "01646500",
    "01491000"
  ]
}