{
  "mean_flow": 2012.719411352488,
  "median_flow": 2450.0,
  "std_flow": 1250.6457256436238,
  "min_flow": 22.0,
  "max_flow": 5360.0,
  "total_records": 2854,
  "percentile_25": 523.575,
  "percentile_75": 2600.0,
  "percentile_90": 3060.0,
  "trend": {
    "slope": 0.0013454245254355534,
    "direction": "increasing",
    "r_squared": 0.04006827352793697,
    "p_value": 3.500158379181593e-27
  },
  "trend_slope": 0.0013454245254355534,
  "trend_direction": "increasing",
  "anomalies": [],
  "anomaly_count": 0,
  "flow_status": {
    "status": "High Flow",
    "latest_flow": 5360.0,
    "percentile": 100.0
  },
  "recent_change": {
    "change_cfs": 210.0,
    "change_pct": 4.077669902912621
  },
  "summary": "High Flow conditions (avg: 2013 cfs, trend: increasing)",
  "analysis_date": "2026-05-23 15:00:43",
  "sites_analyzed": [
    "01646500",
    "01491000"
  ]
}