{
  "mean_flow": 11704.012884078213,
  "median_flow": 3060.0,
  "std_flow": 14299.67878857059,
  "min_flow": 22.0,
  "max_flow": 41900.0,
  "total_records": 2864,
  "percentile_25": 61.5,
  "percentile_75": 27000.0,
  "percentile_90": 36200.0,
  "trend": {
    "slope": 0.04941736369559724,
    "direction": "increasing",
    "r_squared": 0.4135648030482517,
    "p_value": 0.0
  },
  "trend_slope": 0.04941736369559724,
  "trend_direction": "increasing",
  "anomalies": [],
  "anomaly_count": 0,
  "flow_status": {
    "status": "Below Normal",
    "latest_flow": 43.7,
    "percentile": 14.699720670391061
  },
  "recent_change": {
    "change_cfs": -1.0,
    "change_pct": -2.2371364653243844
  },
  "summary": "Below Normal conditions (avg: 11704 cfs, trend: increasing)",
  "analysis_date": "2026-05-27 15:47:20",
  "sites_analyzed": [
    "01646500",
    "01491000"
  ]
}