{
  "mean_flow": 2045.740947797112,
  "median_flow": 2500.0,
  "std_flow": 1185.1891979344202,
  "min_flow": 41.8,
  "max_flow": 3340.0,
  "total_records": 2701,
  "percentile_25": 60.2,
  "percentile_75": 2800.0,
  "percentile_90": 3120.0,
  "trend": {
    "slope": -0.00029876266324619695,
    "direction": "decreasing",
    "r_squared": 0.0019624185758528516,
    "p_value": 0.02131575866472752
  },
  "trend_slope": -0.00029876266324619695,
  "trend_direction": "decreasing",
  "anomalies": [],
  "anomaly_count": 0,
  "flow_status": {
    "status": "Low Flow",
    "latest_flow": 41.8,
    "percentile": 0.18511662347278787
  },
  "recent_change": {
    "change_cfs": 0.0,
    "change_pct": 0.0
  },
  "summary": "Low Flow conditions (avg: 2046 cfs, trend: decreasing)",
  "analysis_date": "2025-12-30 06:44:01",
  "sites_analyzed": [
    "01646500",
    "01491000"
  ]
}