{
  "mean_flow": 1162.7856505320976,
  "median_flow": 1480.0,
  "std_flow": 667.6758192377841,
  "min_flow": 14.2,
  "max_flow": 1890.0,
  "total_records": 2913,
  "percentile_25": 19.5,
  "percentile_75": 1560.0,
  "percentile_90": 1640.0,
  "trend": {
    "slope": -0.00011186612342738899,
    "direction": "stable",
    "r_squared": 0.0010052712718535504,
    "p_value": 0.08709229434555037
  },
  "trend_slope": -0.00011186612342738899,
  "trend_direction": "stable",
  "anomalies": [],
  "anomaly_count": 0,
  "flow_status": {
    "status": "Low Flow",
    "latest_flow": 16.4,
    "percentile": 9.028492962581531
  },
  "recent_change": {
    "change_cfs": 0.0,
    "change_pct": 0.0
  },
  "summary": "Low Flow conditions (avg: 1163 cfs, trend: stable)",
  "analysis_date": "2025-10-26 18:34:43",
  "sites_analyzed": [
    "01646500",
    "01491000"
  ]
}