{
  "mean_flow": 5109.407461103254,
  "median_flow": 6150.0,
  "std_flow": 3021.971217147272,
  "min_flow": 78.6,
  "max_flow": 8340.0,
  "total_records": 2828,
  "percentile_25": 155.0,
  "percentile_75": 7410.0,
  "percentile_90": 7990.0,
  "trend": {
    "slope": -0.0035906602604481035,
    "direction": "decreasing",
    "r_squared": 0.048312135567290124,
    "p_value": 2.780264301896382e-32
  },
  "trend_slope": -0.0035906602604481035,
  "trend_direction": "decreasing",
  "anomalies": [],
  "anomaly_count": 0,
  "flow_status": {
    "status": "Normal",
    "latest_flow": 5220.0,
    "percentile": 26.343705799151344
  },
  "recent_change": {
    "change_cfs": 0.0,
    "change_pct": 0.0
  },
  "summary": "Normal conditions (avg: 5109 cfs, trend: decreasing)",
  "analysis_date": "2026-04-14 15:13:53",
  "sites_analyzed": [
    "01646500",
    "01491000"
  ]
}