{
  "mean_flow": 1895.1051138353764,
  "median_flow": 2500.0,
  "std_flow": 1086.441044420345,
  "min_flow": 22.0,
  "max_flow": 2850.0,
  "total_records": 2855,
  "percentile_25": 1079.95,
  "percentile_75": 2600.0,
  "percentile_90": 2750.0,
  "trend": {
    "slope": -0.000568892926145291,
    "direction": "decreasing",
    "r_squared": 0.009465505711710821,
    "p_value": 1.9032558484281658e-07
  },
  "trend_slope": -0.000568892926145291,
  "trend_direction": "decreasing",
  "anomalies": [],
  "anomaly_count": 0,
  "flow_status": {
    "status": "Normal",
    "latest_flow": 2160.0,
    "percentile": 30.54290718038529
  },
  "recent_change": {
    "change_cfs": 40.0,
    "change_pct": 1.8867924528301887
  },
  "summary": "Normal conditions (avg: 1895 cfs, trend: decreasing)",
  "analysis_date": "2026-05-20 15:24:21",
  "sites_analyzed": [
    "01646500",
    "01491000"
  ]
}