{
  "mean_flow": 1689.2420320855617,
  "median_flow": 2210.0,
  "std_flow": 985.3448826794329,
  "min_flow": 36.4,
  "max_flow": 2750.0,
  "total_records": 2805,
  "percentile_25": 45.7,
  "percentile_75": 2350.0,
  "percentile_90": 2450.0,
  "trend": {
    "slope": -0.0004599063442639114,
    "direction": "decreasing",
    "r_squared": 0.007794040651416297,
    "p_value": 2.830190555586442e-06
  },
  "trend_slope": -0.0004599063442639114,
  "trend_direction": "decreasing",
  "anomalies": [],
  "anomaly_count": 0,
  "flow_status": {
    "status": "Low Flow",
    "latest_flow": 37.2,
    "percentile": 3.2085561497326207
  },
  "recent_change": {
    "change_cfs": 0.0,
    "change_pct": 0.0
  },
  "summary": "Low Flow conditions (avg: 1689 cfs, trend: decreasing)",
  "analysis_date": "2026-01-04 18:38:36",
  "sites_analyzed": [
    "01646500",
    "01491000"
  ]
}