{
  "mean_flow": 12775.582703610411,
  "median_flow": 9360.0,
  "std_flow": 11606.697009755773,
  "min_flow": 96.6,
  "max_flow": 32800.0,
  "total_records": 2382,
  "percentile_25": 447.5,
  "percentile_75": 22400.0,
  "percentile_90": 30900.0,
  "trend": {
    "slope": 0.04200090373569819,
    "direction": "increasing",
    "r_squared": 0.4136596540965474,
    "p_value": 3.1861278976271395e-278
  },
  "trend_slope": 0.04200090373569819,
  "trend_direction": "increasing",
  "anomalies": [],
  "anomaly_count": 0,
  "flow_status": {
    "status": "Above Normal",
    "latest_flow": 28200.0,
    "percentile": 78.75734676742233
  },
  "recent_change": {
    "change_cfs": 27757.0,
    "change_pct": 6265.68848758465
  },
  "summary": "Above Normal conditions (avg: 12776 cfs, trend: increasing)",
  "analysis_date": "2026-02-23 19:17:17",
  "sites_analyzed": [
    "01646500",
    "01491000"
  ]
}