{
  "mean_flow": 16574.97672259907,
  "median_flow": 16500.0,
  "std_flow": 14620.678148628136,
  "min_flow": 24.8,
  "max_flow": 41900.0,
  "total_records": 2801,
  "percentile_25": 61.5,
  "percentile_75": 28200.0,
  "percentile_90": 36500.0,
  "trend": {
    "slope": 0.03614198552819492,
    "direction": "increasing",
    "r_squared": 0.2023288770696759,
    "p_value": 1.3405036094413743e-139
  },
  "trend_slope": 0.03614198552819492,
  "trend_direction": "increasing",
  "anomalies": [],
  "anomaly_count": 0,
  "flow_status": {
    "status": "Below Normal",
    "latest_flow": 42.7,
    "percentile": 12.459835772938236
  },
  "recent_change": {
    "change_cfs": 0.9000000000000057,
    "change_pct": 2.1531100478469036
  },
  "summary": "Below Normal conditions (avg: 16575 cfs, trend: increasing)",
  "analysis_date": "2026-05-29 11:37:09",
  "sites_analyzed": [
    "01646500",
    "01491000"
  ]
}