{
  "mean_flow": 1209.581327653532,
  "median_flow": 1450.0,
  "std_flow": 763.1103529413531,
  "min_flow": 14.2,
  "max_flow": 2800.0,
  "total_records": 2817,
  "percentile_25": 41.8,
  "percentile_75": 1480.0,
  "percentile_90": 1980.0,
  "trend": {
    "slope": 0.0008453312491485921,
    "direction": "increasing",
    "r_squared": 0.04109553117402266,
    "p_value": 1.6426080304639163e-27
  },
  "trend_slope": 0.0008453312491485921,
  "trend_direction": "increasing",
  "anomalies": [],
  "anomaly_count": 0,
  "flow_status": {
    "status": "Normal",
    "latest_flow": 41.8,
    "percentile": 25.026624068157616
  },
  "recent_change": {
    "change_cfs": 0.0,
    "change_pct": 0.0
  },
  "summary": "Normal conditions (avg: 1210 cfs, trend: increasing)",
  "analysis_date": "2025-10-31 12:55:05",
  "sites_analyzed": [
    "01646500",
    "01491000"
  ]
}