{
  "mean_flow": 1572.0644074214313,
  "median_flow": 2030.0,
  "std_flow": 907.7534727645067,
  "min_flow": 22.0,
  "max_flow": 2400.0,
  "total_records": 2641,
  "percentile_25": 27.2,
  "percentile_75": 2210.0,
  "percentile_90": 2260.0,
  "trend": {
    "slope": 0.0006658262135682049,
    "direction": "increasing",
    "r_squared": 0.015837086433687024,
    "p_value": 8.581509186935582e-11
  },
  "trend_slope": 0.0006658262135682049,
  "trend_direction": "increasing",
  "anomalies": [],
  "anomaly_count": 0,
  "flow_status": {
    "status": "Low Flow",
    "latest_flow": 23.4,
    "percentile": 8.216584627035214
  },
  "recent_change": {
    "change_cfs": 0.5,
    "change_pct": 2.183406113537118
  },
  "summary": "Low Flow conditions (avg: 1572 cfs, trend: increasing)",
  "analysis_date": "2025-12-01 02:32:21",
  "sites_analyzed": [
    "01646500",
    "01491000"
  ]
}