{
  "mean_flow": 1347.2822550831793,
  "median_flow": 1680.0,
  "std_flow": 775.8130861732129,
  "min_flow": 19.1,
  "max_flow": 2120.0,
  "total_records": 2705,
  "percentile_25": 28.2,
  "percentile_75": 1890.0,
  "percentile_90": 1940.0,
  "trend": {
    "slope": 0.0005702372132755932,
    "direction": "increasing",
    "r_squared": 0.016683220893483845,
    "p_value": 1.5525243643173323e-11
  },
  "trend_slope": 0.0005702372132755932,
  "trend_direction": "increasing",
  "anomalies": [],
  "anomaly_count": 0,
  "flow_status": {
    "status": "Below Normal",
    "latest_flow": 23.8,
    "percentile": 13.3456561922366
  },
  "recent_change": {
    "change_cfs": -2046.2,
    "change_pct": -98.85024154589372
  },
  "summary": "Below Normal conditions (avg: 1347 cfs, trend: increasing)",
  "analysis_date": "2025-11-26 06:41:20",
  "sites_analyzed": [
    "01646500",
    "01491000"
  ]
}