{
  "mean_flow": 6138.669116080937,
  "median_flow": 7740.0,
  "std_flow": 3528.2311649636626,
  "min_flow": 80.7,
  "max_flow": 9410.0,
  "total_records": 2817,
  "percentile_25": 203.0,
  "percentile_75": 8510.0,
  "percentile_90": 9040.0,
  "trend": {
    "slope": -0.0022699923981337,
    "direction": "decreasing",
    "r_squared": 0.013862775302744039,
    "p_value": 3.6535311532942835e-10
  },
  "trend_slope": -0.0022699923981337,
  "trend_direction": "decreasing",
  "anomalies": [],
  "anomaly_count": 0,
  "flow_status": {
    "status": "Below Normal",
    "latest_flow": 133.0,
    "percentile": 16.61341853035144
  },
  "recent_change": {
    "change_cfs": -3.0,
    "change_pct": -2.2058823529411766
  },
  "summary": "Below Normal conditions (avg: 6139 cfs, trend: decreasing)",
  "analysis_date": "2026-04-05 13:01:41",
  "sites_analyzed": [
    "01646500",
    "01491000"
  ]
}