{
  "mean_flow": 4596.286156167484,
  "median_flow": 5570.0,
  "std_flow": 2713.326270954119,
  "min_flow": 72.6,
  "max_flow": 7910.0,
  "total_records": 2651,
  "percentile_25": 119.0,
  "percentile_75": 6690.0,
  "percentile_90": 7160.0,
  "trend": {
    "slope": -0.0036999800558612955,
    "direction": "decreasing",
    "r_squared": 0.055305027363990636,
    "p_value": 1.2301295666039074e-34
  },
  "trend_slope": -0.0036999800558612955,
  "trend_direction": "decreasing",
  "anomalies": [],
  "anomaly_count": 0,
  "flow_status": {
    "status": "Low Flow",
    "latest_flow": 76.5,
    "percentile": 4.149377593360995
  },
  "recent_change": {
    "change_cfs": 3.9000000000000057,
    "change_pct": 5.371900826446289
  },
  "summary": "Low Flow conditions (avg: 4596 cfs, trend: decreasing)",
  "analysis_date": "2026-04-16 02:39:11",
  "sites_analyzed": [
    "01646500",
    "01491000"
  ]
}