{
  "mean_flow": -749322.4023097311,
  "median_flow": -999999.0,
  "std_flow": 433500.8278343902,
  "min_flow": -999999.0,
  "max_flow": 80.7,
  "total_records": 2641,
  "percentile_25": -999999.0,
  "percentile_75": 43.7,
  "percentile_90": 56.6,
  "trend": {
    "slope": 0.004784156770803504,
    "direction": "stable",
    "r_squared": 3.585256972632257e-06,
    "p_value": 0.922519063209728
  },
  "trend_slope": 0.004784156770803504,
  "trend_direction": "stable",
  "anomalies": [],
  "anomaly_count": 0,
  "flow_status": {
    "status": "Above Normal",
    "latest_flow": 53.1,
    "percentile": 81.10564180234759
  },
  "recent_change": {
    "change_cfs": 0.0,
    "change_pct": 0.0
  },
  "summary": "Above Normal conditions (avg: -749322 cfs, trend: stable)",
  "analysis_date": "2026-02-07 02:42:39",
  "sites_analyzed": [
    "01646500",
    "01491000"
  ]
}