{
  "mean_flow": 2332.1350398179748,
  "median_flow": 2850.0,
  "std_flow": 1381.3123020290684,
  "min_flow": 60.2,
  "max_flow": 3920.0,
  "total_records": 2637,
  "percentile_25": 1770.0,
  "percentile_75": 3280.0,
  "percentile_90": 3740.0,
  "trend": {
    "slope": -0.0015482221799081428,
    "direction": "decreasing",
    "r_squared": 0.036868533943838745,
    "p_value": 2.5687429607072595e-23
  },
  "trend_slope": -0.0015482221799081428,
  "trend_direction": "decreasing",
  "anomalies": [],
  "anomaly_count": 0,
  "flow_status": {
    "status": "Normal",
    "latest_flow": 2300.0,
    "percentile": 30.792567311338644
  },
  "recent_change": {
    "change_cfs": -200.0,
    "change_pct": -8.0
  },
  "summary": "Normal conditions (avg: 2332 cfs, trend: decreasing)",
  "analysis_date": "2026-01-22 02:27:32",
  "sites_analyzed": [
    "01646500",
    "01491000"
  ]
}