{
  "mean_flow": 1823.4207188877585,
  "median_flow": 2350.0,
  "std_flow": 1073.285718168647,
  "min_flow": 1.04,
  "max_flow": 3010.0,
  "total_records": 2949,
  "percentile_25": 9.75,
  "percentile_75": 2500.0,
  "percentile_90": 2700.0,
  "trend": {
    "slope": -0.0008723197469611106,
    "direction": "decreasing",
    "r_squared": 0.0243773314589844,
    "p_value": 1.4957799396261357e-17
  },
  "trend_slope": -0.0008723197469611106,
  "trend_direction": "decreasing",
  "anomalies": [],
  "anomaly_count": 0,
  "flow_status": {
    "status": "Normal",
    "latest_flow": 2030.0,
    "percentile": 33.46897253306205
  },
  "recent_change": {
    "change_cfs": 0.0,
    "change_pct": 0.0
  },
  "summary": "Normal conditions (avg: 1823 cfs, trend: decreasing)",
  "analysis_date": "2026-07-05 21:02:04",
  "sites_analyzed": [
    "01646500",
    "01491000"
  ]
}