{
  "mean_flow": 9685.552286423253,
  "median_flow": 12000.0,
  "std_flow": 5701.746255885362,
  "min_flow": 126.0,
  "max_flow": 16700.0,
  "total_records": 2821,
  "percentile_25": 210.0,
  "percentile_75": 13500.0,
  "percentile_90": 15000.0,
  "trend": {
    "slope": -0.0034834142689010995,
    "direction": "decreasing",
    "r_squared": 0.012627730333230357,
    "p_value": 2.1664896488194974e-09
  },
  "trend_slope": -0.0034834142689010995,
  "trend_direction": "decreasing",
  "anomalies": [],
  "anomaly_count": 0,
  "flow_status": {
    "status": "Normal",
    "latest_flow": 10500.0,
    "percentile": 29.138603332151717
  },
  "recent_change": {
    "change_cfs": 0.0,
    "change_pct": 0.0
  },
  "summary": "Normal conditions (avg: 9686 cfs, trend: decreasing)",
  "analysis_date": "2026-03-23 13:27:04",
  "sites_analyzed": [
    "01646500",
    "01491000"
  ]
}