{
  "mean_flow": 2088.766206420435,
  "median_flow": 2700.0,
  "std_flow": 1197.1341988757813,
  "min_flow": 32.5,
  "max_flow": 3170.0,
  "total_records": 2897,
  "percentile_25": 39.9,
  "percentile_75": 2850.0,
  "percentile_90": 2960.0,
  "trend": {
    "slope": -0.0006016513607056506,
    "direction": "decreasing",
    "r_squared": 0.008946195939626488,
    "p_value": 3.394260432512175e-07
  },
  "trend_slope": -0.0006016513607056506,
  "trend_direction": "decreasing",
  "anomalies": [],
  "anomaly_count": 0,
  "flow_status": {
    "status": "Low Flow",
    "latest_flow": 33.9,
    "percentile": 5.902657921988263
  },
  "recent_change": {
    "change_cfs": -0.8000000000000043,
    "change_pct": -2.3054755043227786
  },
  "summary": "Low Flow conditions (avg: 2089 cfs, trend: decreasing)",
  "analysis_date": "2026-05-16 17:54:38",
  "sites_analyzed": [
    "01646500",
    "01491000"
  ]
}