{
  "mean_flow": -748938.5269624573,
  "median_flow": -999999.0,
  "std_flow": 433725.80344691727,
  "min_flow": -999999.0,
  "max_flow": 180.0,
  "total_records": 2637,
  "percentile_25": -999999.0,
  "percentile_75": 46.7,
  "percentile_90": 64.0,
  "trend": {
    "slope": 0.005359558462247644,
    "direction": "stable",
    "r_squared": 4.501284977214827e-06,
    "p_value": 0.9132838016908469
  },
  "trend_slope": 0.005359558462247644,
  "trend_direction": "stable",
  "anomalies": [],
  "anomaly_count": 0,
  "flow_status": {
    "status": "High Flow",
    "latest_flow": 180.0,
    "percentile": 100.0
  },
  "recent_change": {
    "change_cfs": 14.0,
    "change_pct": 8.433734939759036
  },
  "summary": "High Flow conditions (avg: -748939 cfs, trend: stable)",
  "analysis_date": "2026-02-17 02:50:00",
  "sites_analyzed": [
    "01646500",
    "01491000"
  ]
}