{
  "mean_flow": 1256.4183505890753,
  "median_flow": 1560.0,
  "std_flow": 725.1526285737516,
  "min_flow": 19.1,
  "max_flow": 1980.0,
  "total_records": 2801,
  "percentile_25": 28.2,
  "percentile_75": 1730.0,
  "percentile_90": 1890.0,
  "trend": {
    "slope": 0.0005568005663298156,
    "direction": "increasing",
    "r_squared": 0.01952132874604611,
    "p_value": 1.1050220283966659e-13
  },
  "trend_slope": 0.0005568005663298156,
  "trend_direction": "increasing",
  "anomalies": [],
  "anomaly_count": 0,
  "flow_status": {
    "status": "Below Normal",
    "latest_flow": 26.7,
    "percentile": 22.313459478757586
  },
  "recent_change": {
    "change_cfs": 0.5,
    "change_pct": 1.9083969465648856
  },
  "summary": "Below Normal conditions (avg: 1256 cfs, trend: increasing)",
  "analysis_date": "2025-11-24 12:58:21",
  "sites_analyzed": [
    "01646500",
    "01491000"
  ]
}