{
  "mean_flow": 1531.8125312388433,
  "median_flow": 1900.0,
  "std_flow": 884.9901387082057,
  "min_flow": 22.0,
  "max_flow": 2350.0,
  "total_records": 2801,
  "percentile_25": 28.2,
  "percentile_75": 2160.0,
  "percentile_90": 2260.0,
  "trend": {
    "slope": 0.0006549969111503869,
    "direction": "increasing",
    "r_squared": 0.018137212052996676,
    "p_value": 8.244946138120205e-13
  },
  "trend_slope": 0.0006549969111503869,
  "trend_direction": "increasing",
  "anomalies": [],
  "anomaly_count": 0,
  "flow_status": {
    "status": "Low Flow",
    "latest_flow": 22.0,
    "percentile": 0.28561228132809713
  },
  "recent_change": {
    "change_cfs": 0.0,
    "change_pct": 0.0
  },
  "summary": "Low Flow conditions (avg: 1532 cfs, trend: increasing)",
  "analysis_date": "2025-11-30 12:51:45",
  "sites_analyzed": [
    "01646500",
    "01491000"
  ]
}