{
  "mean_flow": 2879.4023399862353,
  "median_flow": 3690.0,
  "std_flow": 1664.3480857196262,
  "min_flow": 49.8,
  "max_flow": 4290.0,
  "total_records": 2906,
  "percentile_25": 64.0,
  "percentile_75": 4050.0,
  "percentile_90": 4110.0,
  "trend": {
    "slope": -0.0009183733276703373,
    "direction": "decreasing",
    "r_squared": 0.011049068857238114,
    "p_value": 1.3489412802650313e-08
  },
  "trend_slope": -0.0009183733276703373,
  "trend_direction": "decreasing",
  "anomalies": [],
  "anomaly_count": 0,
  "flow_status": {
    "status": "Below Normal",
    "latest_flow": 55.4,
    "percentile": 13.695801789401237
  },
  "recent_change": {
    "change_cfs": -3394.6,
    "change_pct": -98.39420289855072
  },
  "summary": "Below Normal conditions (avg: 2879 cfs, trend: decreasing)",
  "analysis_date": "2026-04-26 20:40:48",
  "sites_analyzed": [
    "01646500",
    "01491000"
  ]
}