{
  "mean_flow": 6773.740850277264,
  "median_flow": 7820.0,
  "std_flow": 4018.9294733101306,
  "min_flow": 211.0,
  "max_flow": 14500.0,
  "total_records": 2705,
  "percentile_25": 558.0,
  "percentile_75": 8770.0,
  "percentile_90": 11000.0,
  "trend": {
    "slope": 0.0033894336826939455,
    "direction": "increasing",
    "r_squared": 0.021964256283115213,
    "p_value": 9.389782803665781e-15
  },
  "trend_slope": 0.0033894336826939455,
  "trend_direction": "increasing",
  "anomalies": [],
  "anomaly_count": 0,
  "flow_status": {
    "status": "Low Flow",
    "latest_flow": 216.0,
    "percentile": 1.0720887245841035
  },
  "recent_change": {
    "change_cfs": -13984.0,
    "change_pct": -98.47887323943661
  },
  "summary": "Low Flow conditions (avg: 6774 cfs, trend: increasing)",
  "analysis_date": "2026-03-08 06:55:40",
  "sites_analyzed": [
    "01646500",
    "01491000"
  ]
}