{
  "mean_flow": 1926.5550281293952,
  "median_flow": 2550.0,
  "std_flow": 1222.2584353618754,
  "min_flow": 14.8,
  "max_flow": 3230.0,
  "total_records": 2844,
  "percentile_25": 41.8,
  "percentile_75": 2960.0,
  "percentile_90": 3120.0,
  "trend": {
    "slope": 0.0018579625570608906,
    "direction": "increasing",
    "r_squared": 0.08384456522026125,
    "p_value": 4.676048962654495e-56
  },
  "trend_slope": 0.0018579625570608906,
  "trend_direction": "increasing",
  "anomalies": [],
  "anomaly_count": 0,
  "flow_status": {
    "status": "Low Flow",
    "latest_flow": 19.5,
    "percentile": 4.887482419127989
  },
  "recent_change": {
    "change_cfs": -2680.5,
    "change_pct": -99.27777777777777
  },
  "summary": "Low Flow conditions (avg: 1927 cfs, trend: increasing)",
  "analysis_date": "2025-11-05 18:38:11",
  "sites_analyzed": [
    "01646500",
    "01491000"
  ]
}