{
  "mean_flow": -351270.10087019583,
  "median_flow": 64.0,
  "std_flow": 478761.54606069974,
  "min_flow": -999999.0,
  "max_flow": 8690.0,
  "total_records": 1379,
  "percentile_25": -999999.0,
  "percentile_75": 204.5,
  "percentile_90": 7570.0,
  "trend": {
    "slope": -0.9793144533131031,
    "direction": "decreasing",
    "r_squared": 0.11875756082092134,
    "p_value": 9.793609719823785e-40
  },
  "trend_slope": -0.9793144533131031,
  "trend_direction": "decreasing",
  "anomalies": [],
  "anomaly_count": 0,
  "flow_status": {
    "status": "High Flow",
    "latest_flow": 8690.0,
    "percentile": 100.0
  },
  "recent_change": {
    "change_cfs": 8519.0,
    "change_pct": 4981.87134502924
  },
  "summary": "High Flow conditions (avg: -351270 cfs, trend: decreasing)",
  "analysis_date": "2026-02-19 07:11:20",
  "sites_analyzed": [
    "01646500",
    "01491000"
  ]
}