{
  "mean_flow": 2794.2067015706807,
  "median_flow": 3570.0,
  "std_flow": 1613.3627576405086,
  "min_flow": 36.4,
  "max_flow": 4230.0,
  "total_records": 2865,
  "percentile_25": 52.0,
  "percentile_75": 3800.0,
  "percentile_90": 3980.0,
  "trend": {
    "slope": 0.0004334058639941673,
    "direction": "increasing",
    "r_squared": 0.0025708204344810953,
    "p_value": 0.006637814554140713
  },
  "trend_slope": 0.0004334058639941673,
  "trend_direction": "increasing",
  "anomalies": [],
  "anomaly_count": 0,
  "flow_status": {
    "status": "Low Flow",
    "latest_flow": 36.4,
    "percentile": 0.6631762652705061
  },
  "recent_change": {
    "change_cfs": 0.0,
    "change_pct": 0.0
  },
  "summary": "Low Flow conditions (avg: 2794 cfs, trend: increasing)",
  "analysis_date": "2026-05-06 17:42:36",
  "sites_analyzed": [
    "01646500",
    "01491000"
  ]
}