{
  "mean_flow": 1817.5431111111113,
  "median_flow": 2260.0,
  "std_flow": 1050.2067089040834,
  "min_flow": 29.8,
  "max_flow": 2850.0,
  "total_records": 2700,
  "percentile_25": 56.6,
  "percentile_75": 2600.0,
  "percentile_90": 2700.0,
  "trend": {
    "slope": -0.0009715151678375564,
    "direction": "decreasing",
    "r_squared": 0.026455523715188417,
    "p_value": 1.825411682288186e-17
  },
  "trend_slope": -0.0009715151678375564,
  "trend_direction": "decreasing",
  "anomalies": [],
  "anomaly_count": 0,
  "flow_status": {
    "status": "Low Flow",
    "latest_flow": 29.8,
    "percentile": 0.9259259259259258
  },
  "recent_change": {
    "change_cfs": 0.0,
    "change_pct": 0.0
  },
  "summary": "Low Flow conditions (avg: 1818 cfs, trend: decreasing)",
  "analysis_date": "2025-12-10 06:44:13",
  "sites_analyzed": [
    "01646500",
    "01491000"
  ]
}