{
  "mean_flow": 8839.014437951186,
  "median_flow": 7820.0,
  "std_flow": 6152.510554416984,
  "min_flow": 166.0,
  "max_flow": 18300.0,
  "total_records": 2909,
  "percentile_25": 7570.0,
  "percentile_75": 14500.0,
  "percentile_90": 17600.0,
  "trend": {
    "slope": 0.01537998371345186,
    "direction": "increasing",
    "r_squared": 0.22316757231702505,
    "p_value": 1.2193946136331435e-161
  },
  "trend_slope": 0.01537998371345186,
  "trend_direction": "increasing",
  "anomalies": [],
  "anomaly_count": 0,
  "flow_status": {
    "status": "Above Normal",
    "latest_flow": 16100.0,
    "percentile": 79.27122722585081
  },
  "recent_change": {
    "change_cfs": -100.0,
    "change_pct": -0.6172839506172839
  },
  "summary": "Above Normal conditions (avg: 8839 cfs, trend: increasing)",
  "analysis_date": "2026-03-10 19:01:30",
  "sites_analyzed": [
    "01646500",
    "01491000"
  ]
}