{
  "mean_flow": 2717.8978806075593,
  "median_flow": 3400.0,
  "std_flow": 1561.6404636942195,
  "min_flow": 41.8,
  "max_flow": 4230.0,
  "total_records": 2831,
  "percentile_25": 56.6,
  "percentile_75": 3690.0,
  "percentile_90": 3920.0,
  "trend": {
    "slope": 0.0009765694974108888,
    "direction": "increasing",
    "r_squared": 0.0134241151113228,
    "p_value": 6.296597390250441e-10
  },
  "trend_slope": 0.0009765694974108888,
  "trend_direction": "increasing",
  "anomalies": [],
  "anomaly_count": 0,
  "flow_status": {
    "status": "High Flow",
    "latest_flow": 4050.0,
    "percentile": 92.9706817379018
  },
  "recent_change": {
    "change_cfs": 0.0,
    "change_pct": 0.0
  },
  "summary": "High Flow conditions (avg: 2718 cfs, trend: increasing)",
  "analysis_date": "2026-05-04 14:04:52",
  "sites_analyzed": [
    "01646500",
    "01491000"
  ]
}