{
  "mean_flow": 8931.218434782608,
  "median_flow": 10500.0,
  "std_flow": 5407.0969582525495,
  "min_flow": 107.0,
  "max_flow": 16700.0,
  "total_records": 2875,
  "percentile_25": 206.0,
  "percentile_75": 12700.0,
  "percentile_90": 14000.0,
  "trend": {
    "slope": -0.007668514950159809,
    "direction": "decreasing",
    "r_squared": 0.07299551320676173,
    "p_value": 2.83299882927062e-49
  },
  "trend_slope": -0.007668514950159809,
  "trend_direction": "decreasing",
  "anomalies": [],
  "anomaly_count": 0,
  "flow_status": {
    "status": "Normal",
    "latest_flow": 9500.0,
    "percentile": 32.55652173913043
  },
  "recent_change": {
    "change_cfs": 0.0,
    "change_pct": 0.0
  },
  "summary": "Normal conditions (avg: 8931 cfs, trend: decreasing)",
  "analysis_date": "2026-03-25 19:06:49",
  "sites_analyzed": [
    "01646500",
    "01491000"
  ]
}