{
  "mean_flow": 3618.3819368879217,
  "median_flow": 4490.0,
  "std_flow": 2133.6253432442127,
  "min_flow": 12.2,
  "max_flow": 6230.0,
  "total_records": 2757,
  "percentile_25": 27.2,
  "percentile_75": 5010.0,
  "percentile_90": 5500.0,
  "trend": {
    "slope": -0.0011850832001482445,
    "direction": "decreasing",
    "r_squared": 0.009980816957303086,
    "p_value": 1.4686152323760542e-07
  },
  "trend_slope": -0.0011850832001482445,
  "trend_direction": "decreasing",
  "anomalies": [],
  "anomaly_count": 0,
  "flow_status": {
    "status": "Below Normal",
    "latest_flow": 25.2,
    "percentile": 19.69532100108814
  },
  "recent_change": {
    "change_cfs": -4394.8,
    "change_pct": -99.42986425339367
  },
  "summary": "Below Normal conditions (avg: 3618 cfs, trend: decreasing)",
  "analysis_date": "2026-06-13 09:56:05",
  "sites_analyzed": [
    "01646500",
    "01491000"
  ]
}