{
  "mean_flow": 9853.333710834277,
  "median_flow": 12500.0,
  "std_flow": 5779.205059954168,
  "min_flow": 138.0,
  "max_flow": 16700.0,
  "total_records": 2649,
  "percentile_25": 206.0,
  "percentile_75": 13700.0,
  "percentile_90": 15100.0,
  "trend": {
    "slope": 0.003574595156868755,
    "direction": "increasing",
    "r_squared": 0.011380034286583074,
    "p_value": 3.720494558490188e-08
  },
  "trend_slope": 0.003574595156868755,
  "trend_direction": "increasing",
  "anomalies": [],
  "anomaly_count": 0,
  "flow_status": {
    "status": "Low Flow",
    "latest_flow": 150.0,
    "percentile": 5.473763684409211
  },
  "recent_change": {
    "change_cfs": -12950.0,
    "change_pct": -98.85496183206108
  },
  "summary": "Low Flow conditions (avg: 9853 cfs, trend: increasing)",
  "analysis_date": "2026-03-20 02:47:04",
  "sites_analyzed": [
    "01646500",
    "01491000"
  ]
}