{
  "mean_flow": 2886.4856439127375,
  "median_flow": 3740.0,
  "std_flow": 1668.1785087921955,
  "min_flow": 49.8,
  "max_flow": 4290.0,
  "total_records": 2842,
  "percentile_25": 64.0,
  "percentile_75": 4050.0,
  "percentile_90": 4110.0,
  "trend": {
    "slope": -0.0009135000727026801,
    "direction": "decreasing",
    "r_squared": 0.010415649946370922,
    "p_value": 4.965152565038511e-08
  },
  "trend_slope": -0.0009135000727026801,
  "trend_direction": "decreasing",
  "anomalies": [],
  "anomaly_count": 0,
  "flow_status": {
    "status": "Low Flow",
    "latest_flow": 54.3,
    "percentile": 9.67628430682618
  },
  "recent_change": {
    "change_cfs": -3285.7,
    "change_pct": -98.37425149700599
  },
  "summary": "Low Flow conditions (avg: 2886 cfs, trend: decreasing)",
  "analysis_date": "2026-04-26 16:46:00",
  "sites_analyzed": [
    "01646500",
    "01491000"
  ]
}