{
  "mean_flow": 6726.460114826072,
  "median_flow": 6000.0,
  "std_flow": 5186.782007258202,
  "min_flow": 21.2,
  "max_flow": 19000.0,
  "total_records": 2961,
  "percentile_25": 36.4,
  "percentile_75": 10100.0,
  "percentile_90": 14300.0,
  "trend": {
    "slope": -0.014833781837695195,
    "direction": "decreasing",
    "r_squared": 0.3026345373440161,
    "p_value": 6.687253880204912e-234
  },
  "trend_slope": -0.014833781837695195,
  "trend_direction": "decreasing",
  "anomalies": [],
  "anomaly_count": 0,
  "flow_status": {
    "status": "Below Normal",
    "latest_flow": 25.7,
    "percentile": 15.636609253630528
  },
  "recent_change": {
    "change_cfs": -4464.3,
    "change_pct": -99.42761692650335
  },
  "summary": "Below Normal conditions (avg: 6726 cfs, trend: decreasing)",
  "analysis_date": "2026-06-08 21:50:49",
  "sites_analyzed": [
    "01646500",
    "01491000"
  ]
}