{
  "mean_flow": 1778.862126960963,
  "median_flow": 2300.0,
  "std_flow": 1050.7792153232942,
  "min_flow": 1.04,
  "max_flow": 2900.0,
  "total_records": 2741,
  "percentile_25": 9.75,
  "percentile_75": 2450.0,
  "percentile_90": 2700.0,
  "trend": {
    "slope": -0.0010740872182854696,
    "direction": "decreasing",
    "r_squared": 0.0333664451778764,
    "p_value": 5.408802418798542e-22
  },
  "trend_slope": -0.0010740872182854696,
  "trend_direction": "decreasing",
  "anomalies": [],
  "anomaly_count": 0,
  "flow_status": {
    "status": "Normal",
    "latest_flow": 1890.0,
    "percentile": 26.74206493980299
  },
  "recent_change": {
    "change_cfs": 0.0,
    "change_pct": 0.0
  },
  "summary": "Normal conditions (avg: 1779 cfs, trend: decreasing)",
  "analysis_date": "2026-07-06 08:21:40",
  "sites_analyzed": [
    "01646500",
    "01491000"
  ]
}