{
  "mean_flow": 1594.771423276501,
  "median_flow": 2050.0,
  "std_flow": 921.7903306001655,
  "min_flow": 28.7,
  "max_flow": 2550.0,
  "total_records": 2698,
  "percentile_25": 39.0,
  "percentile_75": 2160.0,
  "percentile_90": 2400.0,
  "trend": {
    "slope": -0.0007966822439931573,
    "direction": "decreasing",
    "r_squared": 0.023090087671209743,
    "p_value": 2.09967823402424e-15
  },
  "trend_slope": -0.0007966822439931573,
  "trend_direction": "decreasing",
  "anomalies": [],
  "anomaly_count": 0,
  "flow_status": {
    "status": "Low Flow",
    "latest_flow": 28.7,
    "percentile": 3.3358042994810972
  },
  "recent_change": {
    "change_cfs": 0.0,
    "change_pct": 0.0
  },
  "summary": "Low Flow conditions (avg: 1595 cfs, trend: decreasing)",
  "analysis_date": "2025-12-13 06:39:57",
  "sites_analyzed": [
    "01646500",
    "01491000"
  ]
}