{
  "mean_flow": 3416.8174113856066,
  "median_flow": 3280.0,
  "std_flow": 2560.140893607893,
  "min_flow": 3.12,
  "max_flow": 9040.0,
  "total_records": 2793,
  "percentile_25": 1850.0,
  "percentile_75": 5220.0,
  "percentile_90": 6840.0,
  "trend": {
    "slope": 0.005343448720385174,
    "direction": "increasing",
    "r_squared": 0.14353740720220615,
    "p_value": 4.945235821784037e-96
  },
  "trend_slope": 0.005343448720385174,
  "trend_direction": "increasing",
  "anomalies": [],
  "anomaly_count": 0,
  "flow_status": {
    "status": "Normal",
    "latest_flow": 5150.0,
    "percentile": 70.99892588614392
  },
  "recent_change": {
    "change_cfs": -70.0,
    "change_pct": -1.3409961685823755
  },
  "summary": "Normal conditions (avg: 3417 cfs, trend: increasing)",
  "analysis_date": "2026-07-13 11:12:59",
  "sites_analyzed": [
    "01646500",
    "01491000"
  ]
}