{
  "mean_flow": 1801.6484439834023,
  "median_flow": 2160.0,
  "std_flow": 1042.2909090962612,
  "min_flow": 29.3,
  "max_flow": 2850.0,
  "total_records": 2892,
  "percentile_25": 56.6,
  "percentile_75": 2550.0,
  "percentile_90": 2650.0,
  "trend": {
    "slope": -0.0009287191900725478,
    "direction": "decreasing",
    "r_squared": 0.028145408171240144,
    "p_value": 1.0606598418462062e-19
  },
  "trend_slope": -0.0009287191900725478,
  "trend_direction": "decreasing",
  "anomalies": [],
  "anomaly_count": 0,
  "flow_status": {
    "status": "Low Flow",
    "latest_flow": 29.3,
    "percentile": 1.417704011065007
  },
  "recent_change": {
    "change_cfs": 0.0,
    "change_pct": 0.0
  },
  "summary": "Low Flow conditions (avg: 1802 cfs, trend: decreasing)",
  "analysis_date": "2025-12-10 18:41:04",
  "sites_analyzed": [
    "01646500",
    "01491000"
  ]
}