{
  "mean_flow": 4566.806489245351,
  "median_flow": 5500.0,
  "std_flow": 2695.181619932462,
  "min_flow": 72.6,
  "max_flow": 7910.0,
  "total_records": 2743,
  "percentile_25": 2401.0,
  "percentile_75": 6530.0,
  "percentile_90": 7160.0,
  "trend": {
    "slope": -0.003616778045518182,
    "direction": "decreasing",
    "r_squared": 0.05733102800576094,
    "p_value": 4.576003363277138e-37
  },
  "trend_slope": -0.003616778045518182,
  "trend_direction": "decreasing",
  "anomalies": [],
  "anomaly_count": 0,
  "flow_status": {
    "status": "Normal",
    "latest_flow": 4810.0,
    "percentile": 30.404666423623773
  },
  "recent_change": {
    "change_cfs": 60.0,
    "change_pct": 1.263157894736842
  },
  "summary": "Normal conditions (avg: 4567 cfs, trend: decreasing)",
  "analysis_date": "2026-04-16 08:27:04",
  "sites_analyzed": [
    "01646500",
    "01491000"
  ]
}