{
  "mean_flow": 2357.896089385475,
  "median_flow": 2650.0,
  "std_flow": 1452.9383248437118,
  "min_flow": 8.37,
  "max_flow": 4490.0,
  "total_records": 2864,
  "percentile_25": 25.7,
  "percentile_75": 3230.0,
  "percentile_90": 3860.0,
  "trend": {
    "slope": -0.0023162493173221254,
    "direction": "decreasing",
    "r_squared": 0.08805130850733264,
    "p_value": 2.613916382677484e-59
  },
  "trend_slope": -0.0023162493173221254,
  "trend_direction": "decreasing",
  "anomalies": [],
  "anomaly_count": 0,
  "flow_status": {
    "status": "Low Flow",
    "latest_flow": 8.76,
    "percentile": 3.7011173184357546
  },
  "recent_change": {
    "change_cfs": 0.0,
    "change_pct": 0.0
  },
  "summary": "Low Flow conditions (avg: 2358 cfs, trend: decreasing)",
  "analysis_date": "2026-06-20 15:45:23",
  "sites_analyzed": [
    "01646500",
    "01491000"
  ]
}