{
  "mean_flow": 2037.0292576419215,
  "median_flow": 2600.0,
  "std_flow": 1223.115877477295,
  "min_flow": 15.1,
  "max_flow": 3230.0,
  "total_records": 2748,
  "percentile_25": 41.8,
  "percentile_75": 2960.0,
  "percentile_90": 3120.0,
  "trend": {
    "slope": 0.0006886820180110587,
    "direction": "increasing",
    "r_squared": 0.01060131177106359,
    "p_value": 6.32467636595206e-08
  },
  "trend_slope": 0.0006886820180110587,
  "trend_direction": "increasing",
  "anomalies": [],
  "anomaly_count": 0,
  "flow_status": {
    "status": "Low Flow",
    "latest_flow": 19.9,
    "percentile": 5.531295487627365
  },
  "recent_change": {
    "change_cfs": -2430.1,
    "change_pct": -99.18775510204081
  },
  "summary": "Low Flow conditions (avg: 2037 cfs, trend: increasing)",
  "analysis_date": "2025-11-06 12:56:13",
  "sites_analyzed": [
    "01646500",
    "01491000"
  ]
}