{
  "mean_flow": 1886.2724363386099,
  "median_flow": 2450.0,
  "std_flow": 1090.500267901544,
  "min_flow": 22.0,
  "max_flow": 3120.0,
  "total_records": 2906,
  "percentile_25": 39.225,
  "percentile_75": 2600.0,
  "percentile_90": 2750.0,
  "trend": {
    "slope": -0.0004590519051518869,
    "direction": "decreasing",
    "r_squared": 0.006352035474015859,
    "p_value": 1.6972949259484747e-05
  },
  "trend_slope": -0.0004590519051518869,
  "trend_direction": "decreasing",
  "anomalies": [],
  "anomaly_count": 0,
  "flow_status": {
    "status": "Low Flow",
    "latest_flow": 23.8,
    "percentile": 6.262904335856848
  },
  "recent_change": {
    "change_cfs": 0.0,
    "change_pct": 0.0
  },
  "summary": "Low Flow conditions (avg: 1886 cfs, trend: decreasing)",
  "analysis_date": "2026-05-21 18:58:50",
  "sites_analyzed": [
    "01646500",
    "01491000"
  ]
}