{
  "mean_flow": 2696.9184706316955,
  "median_flow": 3400.0,
  "std_flow": 1552.1871844906925,
  "min_flow": 41.8,
  "max_flow": 4230.0,
  "total_records": 2707,
  "percentile_25": 56.0,
  "percentile_75": 3690.0,
  "percentile_90": 3920.0,
  "trend": {
    "slope": 0.0009025632235547421,
    "direction": "increasing",
    "r_squared": 0.010619340319021979,
    "p_value": 7.725905850079344e-08
  },
  "trend_slope": 0.0009025632235547421,
  "trend_direction": "increasing",
  "anomalies": [],
  "anomaly_count": 0,
  "flow_status": {
    "status": "Low Flow",
    "latest_flow": 43.7,
    "percentile": 5.615072035463613
  },
  "recent_change": {
    "change_cfs": 0.0,
    "change_pct": 0.0
  },
  "summary": "Low Flow conditions (avg: 2697 cfs, trend: increasing)",
  "analysis_date": "2026-05-04 06:39:17",
  "sites_analyzed": [
    "01646500",
    "01491000"
  ]
}