{
  "mean_flow": 14473.033304498269,
  "median_flow": 13200.0,
  "std_flow": 11824.683872653946,
  "min_flow": 148.0,
  "max_flow": 32800.0,
  "total_records": 2312,
  "percentile_25": 505.25,
  "percentile_75": 27100.0,
  "percentile_90": 30900.0,
  "trend": {
    "slope": 0.04494350242429133,
    "direction": "increasing",
    "r_squared": 0.34904220833005134,
    "p_value": 1.2642028037156725e-217
  },
  "trend_slope": 0.04494350242429133,
  "trend_direction": "increasing",
  "anomalies": [],
  "anomaly_count": 0,
  "flow_status": {
    "status": "Normal",
    "latest_flow": 25100.0,
    "percentile": 70.02595155709342
  },
  "recent_change": {
    "change_cfs": 24621.0,
    "change_pct": 5140.083507306889
  },
  "summary": "Normal conditions (avg: 14473 cfs, trend: increasing)",
  "analysis_date": "2026-02-24 07:11:18",
  "sites_analyzed": [
    "01646500",
    "01491000"
  ]
}