{
  "mean_flow": 1822.2237897648686,
  "median_flow": 2300.0,
  "std_flow": 1054.6964554859137,
  "min_flow": 23.4,
  "max_flow": 2850.0,
  "total_records": 2892,
  "percentile_25": 56.6,
  "percentile_75": 2600.0,
  "percentile_90": 2695.0000000000045,
  "trend": {
    "slope": -2.269534963053617e-05,
    "direction": "stable",
    "r_squared": 1.6426389008183533e-05,
    "p_value": 0.8275355795275389
  },
  "trend_slope": -2.269534963053617e-05,
  "trend_direction": "stable",
  "anomalies": [],
  "anomaly_count": 0,
  "flow_status": {
    "status": "Low Flow",
    "latest_flow": 32.0,
    "percentile": 6.535269709543569
  },
  "recent_change": {
    "change_cfs": 0.0,
    "change_pct": 0.0
  },
  "summary": "Low Flow conditions (avg: 1822 cfs, trend: stable)",
  "analysis_date": "2025-12-08 18:42:04",
  "sites_analyzed": [
    "01646500",
    "01491000"
  ]
}