{
  "mean_flow": 7664.328663385081,
  "median_flow": 8250.0,
  "std_flow": 4646.55210844395,
  "min_flow": 254.0,
  "max_flow": 15900.0,
  "total_records": 2641,
  "percentile_25": 568.0,
  "percentile_75": 10800.0,
  "percentile_90": 13200.0,
  "trend": {
    "slope": -0.009932155918757658,
    "direction": "decreasing",
    "r_squared": 0.13449767593749568,
    "p_value": 7.099218583352669e-85
  },
  "trend_slope": -0.009932155918757658,
  "trend_direction": "decreasing",
  "anomalies": [],
  "anomaly_count": 0,
  "flow_status": {
    "status": "Low Flow",
    "latest_flow": 259.0,
    "percentile": 2.082544490723211
  },
  "recent_change": {
    "change_cfs": 0.0,
    "change_pct": 0.0
  },
  "summary": "Low Flow conditions (avg: 7664 cfs, trend: decreasing)",
  "analysis_date": "2026-03-05 02:46:25",
  "sites_analyzed": [
    "01646500",
    "01491000"
  ]
}