{
  "mean_flow": 5136.152930535455,
  "median_flow": 6150.0,
  "std_flow": 3032.527543512069,
  "min_flow": 78.6,
  "max_flow": 8340.0,
  "total_records": 2764,
  "percentile_25": 155.0,
  "percentile_75": 7490.0,
  "percentile_90": 7990.0,
  "trend": {
    "slope": -0.003583989342877029,
    "direction": "decreasing",
    "r_squared": 0.04568458200492414,
    "p_value": 6.349672045405909e-30
  },
  "trend_slope": -0.003583989342877029,
  "trend_direction": "decreasing",
  "anomalies": [],
  "anomaly_count": 0,
  "flow_status": {
    "status": "Normal",
    "latest_flow": 5290.0,
    "percentile": 26.881331403762665
  },
  "recent_change": {
    "change_cfs": 0.0,
    "change_pct": 0.0
  },
  "summary": "Normal conditions (avg: 5136 cfs, trend: decreasing)",
  "analysis_date": "2026-04-14 11:03:45",
  "sites_analyzed": [
    "01646500",
    "01491000"
  ]
}