{
  "mean_flow": 1587.4347530422335,
  "median_flow": 2030.0,
  "std_flow": 918.1451485140452,
  "min_flow": 28.2,
  "max_flow": 2550.0,
  "total_records": 2794,
  "percentile_25": 39.0,
  "percentile_75": 2160.0,
  "percentile_90": 2400.0,
  "trend": {
    "slope": -0.0007854388942171935,
    "direction": "decreasing",
    "r_squared": 0.024262214025930685,
    "p_value": 1.228790689446353e-16
  },
  "trend_slope": -0.0007854388942171935,
  "trend_direction": "decreasing",
  "anomalies": [],
  "anomaly_count": 0,
  "flow_status": {
    "status": "Low Flow",
    "latest_flow": 28.2,
    "percentile": 0.7158196134574087
  },
  "recent_change": {
    "change_cfs": 0.0,
    "change_pct": 0.0
  },
  "summary": "Low Flow conditions (avg: 1587 cfs, trend: decreasing)",
  "analysis_date": "2025-12-13 12:53:40",
  "sites_analyzed": [
    "01646500",
    "01491000"
  ]
}