{
  "mean_flow": 9860.757887274016,
  "median_flow": 12500.0,
  "std_flow": 5757.510531262777,
  "min_flow": 138.0,
  "max_flow": 16700.0,
  "total_records": 2821,
  "percentile_25": 208.0,
  "percentile_75": 13500.0,
  "percentile_90": 15000.0,
  "trend": {
    "slope": 0.003022416727287338,
    "direction": "increasing",
    "r_squared": 0.00930399800765613,
    "p_value": 2.853982602602291e-07
  },
  "trend_slope": 0.003022416727287338,
  "trend_direction": "increasing",
  "anomalies": [],
  "anomaly_count": 0,
  "flow_status": {
    "status": "Normal",
    "latest_flow": 12900.0,
    "percentile": 62.10563629918469
  },
  "recent_change": {
    "change_cfs": 0.0,
    "change_pct": 0.0
  },
  "summary": "Normal conditions (avg: 9861 cfs, trend: increasing)",
  "analysis_date": "2026-03-20 13:18:15",
  "sites_analyzed": [
    "01646500",
    "01491000"
  ]
}