{
  "mean_flow": 1888.768793818319,
  "median_flow": 2400.0,
  "std_flow": 1100.9651522146048,
  "min_flow": 1.24,
  "max_flow": 3010.0,
  "total_records": 2653,
  "percentile_25": 9.75,
  "percentile_75": 2550.0,
  "percentile_90": 2750.0,
  "trend": {
    "slope": -0.0003589261950389617,
    "direction": "decreasing",
    "r_squared": 0.003163392516107548,
    "p_value": 0.00375662517085633
  },
  "trend_slope": -0.0003589261950389617,
  "trend_direction": "decreasing",
  "anomalies": [],
  "anomaly_count": 0,
  "flow_status": {
    "status": "Low Flow",
    "latest_flow": 1.24,
    "percentile": 0.3769317753486619
  },
  "recent_change": {
    "change_cfs": -0.1100000000000001,
    "change_pct": -8.148148148148154
  },
  "summary": "Low Flow conditions (avg: 1889 cfs, trend: decreasing)",
  "analysis_date": "2026-07-04 02:52:28",
  "sites_analyzed": [
    "01646500",
    "01491000"
  ]
}