{
  "mean_flow": 1980.8512765957446,
  "median_flow": 2500.0,
  "std_flow": 1194.0032848342141,
  "min_flow": 33.9,
  "max_flow": 3920.0,
  "total_records": 2820,
  "percentile_25": 306.0,
  "percentile_75": 2750.0,
  "percentile_90": 3060.0,
  "trend": {
    "slope": 0.0017895463630101505,
    "direction": "increasing",
    "r_squared": 0.0811902698676128,
    "p_value": 8.040880158822715e-54
  },
  "trend_slope": 0.0017895463630101505,
  "trend_direction": "increasing",
  "anomalies": [],
  "anomaly_count": 0,
  "flow_status": {
    "status": "Low Flow",
    "latest_flow": 80.7,
    "percentile": 7.056737588652482
  },
  "recent_change": {
    "change_cfs": -3719.3,
    "change_pct": -97.8763157894737
  },
  "summary": "Low Flow conditions (avg: 1981 cfs, trend: increasing)",
  "analysis_date": "2026-01-16 18:44:19",
  "sites_analyzed": [
    "01646500",
    "01491000"
  ]
}