{
  "mean_flow": 10571.154297549188,
  "median_flow": 13000.0,
  "std_flow": 6486.890630479721,
  "min_flow": 140.0,
  "max_flow": 18300.0,
  "total_records": 2897,
  "percentile_25": 274.0,
  "percentile_75": 15500.0,
  "percentile_90": 17600.0,
  "trend": {
    "slope": 0.003147353736449601,
    "direction": "increasing",
    "r_squared": 0.008337814650971888,
    "p_value": 8.526936085260189e-07
  },
  "trend_slope": 0.003147353736449601,
  "trend_direction": "increasing",
  "anomalies": [],
  "anomaly_count": 0,
  "flow_status": {
    "status": "Low Flow",
    "latest_flow": 161.0,
    "percentile": 9.354504659993095
  },
  "recent_change": {
    "change_cfs": 3.0,
    "change_pct": 1.89873417721519
  },
  "summary": "Low Flow conditions (avg: 10571 cfs, trend: increasing)",
  "analysis_date": "2026-03-13 18:55:06",
  "sites_analyzed": [
    "01646500",
    "01491000"
  ]
}