{
  "mean_flow": 20081.78090415913,
  "median_flow": 25500.0,
  "std_flow": 15073.99639242251,
  "min_flow": 27.2,
  "max_flow": 41900.0,
  "total_records": 2765,
  "percentile_25": 3690.0,
  "percentile_75": 33100.0,
  "percentile_90": 38700.0,
  "trend": {
    "slope": 0.02866393034821145,
    "direction": "increasing",
    "r_squared": 0.11666745418818426,
    "p_value": 1.648848725834402e-76
  },
  "trend_slope": 0.02866393034821145,
  "trend_direction": "increasing",
  "anomalies": [],
  "anomaly_count": 0,
  "flow_status": {
    "status": "Above Normal",
    "latest_flow": 36000.0,
    "percentile": 80.50632911392405
  },
  "recent_change": {
    "change_cfs": -600.0,
    "change_pct": -1.639344262295082
  },
  "summary": "Above Normal conditions (avg: 20082 cfs, trend: increasing)",
  "analysis_date": "2026-05-30 09:16:55",
  "sites_analyzed": [
    "01646500",
    "01491000"
  ]
}