{
  "mean_flow": 2062.000703443169,
  "median_flow": 2550.0,
  "std_flow": 1188.0136709758146,
  "min_flow": 43.7,
  "max_flow": 3340.0,
  "total_records": 2701,
  "percentile_25": 101.0,
  "percentile_75": 2800.0,
  "percentile_90": 3120.0,
  "trend": {
    "slope": 0.0002710874339158284,
    "direction": "increasing",
    "r_squared": 0.0016051527183876398,
    "p_value": 0.03733674753145353
  },
  "trend_slope": 0.0002710874339158284,
  "trend_direction": "increasing",
  "anomalies": [],
  "anomaly_count": 0,
  "flow_status": {
    "status": "Low Flow",
    "latest_flow": 43.7,
    "percentile": 0.8515364679748241
  },
  "recent_change": {
    "change_cfs": -2356.3,
    "change_pct": -98.17916666666667
  },
  "summary": "Low Flow conditions (avg: 2062 cfs, trend: increasing)",
  "analysis_date": "2025-12-29 06:48:18",
  "sites_analyzed": [
    "01646500",
    "01491000"
  ]
}