{
  "mean_flow": 1165.69059169423,
  "median_flow": 1480.0,
  "std_flow": 669.6148563998944,
  "min_flow": 14.2,
  "max_flow": 1890.0,
  "total_records": 2721,
  "percentile_25": 19.5,
  "percentile_75": 1560.0,
  "percentile_90": 1640.0,
  "trend": {
    "slope": -0.00024791762104618643,
    "direction": "decreasing",
    "r_squared": 0.004283208084360721,
    "p_value": 0.0006355322726035736
  },
  "trend_slope": -0.00024791762104618643,
  "trend_direction": "decreasing",
  "anomalies": [],
  "anomaly_count": 0,
  "flow_status": {
    "status": "Low Flow",
    "latest_flow": 15.7,
    "percentile": 8.342521131936788
  },
  "recent_change": {
    "change_cfs": 0.0,
    "change_pct": 0.0
  },
  "summary": "Low Flow conditions (avg: 1166 cfs, trend: decreasing)",
  "analysis_date": "2025-10-27 06:42:13",
  "sites_analyzed": [
    "01646500",
    "01491000"
  ]
}