{
  "mean_flow": 1934.4469497809234,
  "median_flow": 2500.0,
  "std_flow": 1105.7120707071301,
  "min_flow": 23.8,
  "max_flow": 2850.0,
  "total_records": 2967,
  "percentile_25": 1079.95,
  "percentile_75": 2650.0,
  "percentile_90": 2750.0,
  "trend": {
    "slope": -0.0004605330590799739,
    "direction": "decreasing",
    "r_squared": 0.0064551636379280375,
    "p_value": 1.1781420602509797e-05
  },
  "trend_slope": -0.0004605330590799739,
  "trend_direction": "decreasing",
  "anomalies": [],
  "anomaly_count": 0,
  "flow_status": {
    "status": "Normal",
    "latest_flow": 2300.0,
    "percentile": 30.33367037411527
  },
  "recent_change": {
    "change_cfs": 140.0,
    "change_pct": 6.481481481481481
  },
  "summary": "Normal conditions (avg: 1934 cfs, trend: decreasing)",
  "analysis_date": "2026-05-19 22:16:28",
  "sites_analyzed": [
    "01646500",
    "01491000"
  ]
}