{
  "mean_flow": 9472.573947463115,
  "median_flow": 11700.0,
  "std_flow": 5691.584959433649,
  "min_flow": 118.0,
  "max_flow": 16700.0,
  "total_records": 2779,
  "percentile_25": 206.0,
  "percentile_75": 13400.0,
  "percentile_90": 15000.0,
  "trend": {
    "slope": -0.007408504600040026,
    "direction": "decreasing",
    "r_squared": 0.056506248393022984,
    "p_value": 5.328859991654581e-37
  },
  "trend_slope": -0.007408504600040026,
  "trend_direction": "decreasing",
  "anomalies": [],
  "anomaly_count": 0,
  "flow_status": {
    "status": "Low Flow",
    "latest_flow": 118.0,
    "percentile": 0.6117308384310903
  },
  "recent_change": {
    "change_cfs": 0.0,
    "change_pct": 0.0
  },
  "summary": "Low Flow conditions (avg: 9473 cfs, trend: decreasing)",
  "analysis_date": "2026-03-24 13:42:30",
  "sites_analyzed": [
    "01646500",
    "01491000"
  ]
}