{
  "mean_flow": 9748.6623853211,
  "median_flow": 12000.0,
  "std_flow": 5729.723099644779,
  "min_flow": 126.0,
  "max_flow": 16700.0,
  "total_records": 2725,
  "percentile_25": 210.0,
  "percentile_75": 13600.0,
  "percentile_90": 15100.0,
  "trend": {
    "slope": -0.0032315566125345795,
    "direction": "decreasing",
    "r_squared": 0.010045260150633251,
    "p_value": 1.5819389118798683e-07
  },
  "trend_slope": -0.0032315566125345795,
  "trend_direction": "decreasing",
  "anomalies": [],
  "anomaly_count": 0,
  "flow_status": {
    "status": "Normal",
    "latest_flow": 10500.0,
    "percentile": 26.642201834862384
  },
  "recent_change": {
    "change_cfs": 0.0,
    "change_pct": 0.0
  },
  "summary": "Normal conditions (avg: 9749 cfs, trend: decreasing)",
  "analysis_date": "2026-03-23 07:23:36",
  "sites_analyzed": [
    "01646500",
    "01491000"
  ]
}