{
  "mean_flow": 2584.4502421652423,
  "median_flow": 2960.0,
  "std_flow": 1607.5133769397814,
  "min_flow": 8.37,
  "max_flow": 5010.0,
  "total_records": 2808,
  "percentile_25": 1881.8,
  "percentile_75": 3690.0,
  "percentile_90": 4490.0,
  "trend": {
    "slope": -0.002835624765369052,
    "direction": "decreasing",
    "r_squared": 0.10383140551482171,
    "p_value": 7.432689717230909e-69
  },
  "trend_slope": -0.002835624765369052,
  "trend_direction": "decreasing",
  "anomalies": [],
  "anomaly_count": 0,
  "flow_status": {
    "status": "Normal",
    "latest_flow": 2550.0,
    "percentile": 28.561253561253565
  },
  "recent_change": {
    "change_cfs": 0.0,
    "change_pct": 0.0
  },
  "summary": "Normal conditions (avg: 2584 cfs, trend: decreasing)",
  "analysis_date": "2026-06-19 12:06:58",
  "sites_analyzed": [
    "01646500",
    "01491000"
  ]
}