{
  "mean_flow": 2842.49139173303,
  "median_flow": 3570.0,
  "std_flow": 1637.243269095418,
  "min_flow": 49.8,
  "max_flow": 4170.0,
  "total_records": 2637,
  "percentile_25": 64.0,
  "percentile_75": 3980.0,
  "percentile_90": 4050.0,
  "trend": {
    "slope": -0.0010460047528489363,
    "direction": "decreasing",
    "r_squared": 0.01206058438672377,
    "p_value": 1.568321578676405e-08
  },
  "trend_slope": -0.0010460047528489363,
  "trend_direction": "decreasing",
  "anomalies": [],
  "anomaly_count": 0,
  "flow_status": {
    "status": "Below Normal",
    "latest_flow": 55.4,
    "percentile": 15.889268107698143
  },
  "recent_change": {
    "change_cfs": -3344.6,
    "change_pct": -98.37058823529411
  },
  "summary": "Below Normal conditions (avg: 2842 cfs, trend: decreasing)",
  "analysis_date": "2026-04-27 02:55:11",
  "sites_analyzed": [
    "01646500",
    "01491000"
  ]
}