{
  "mean_flow": 13926.933321364451,
  "median_flow": 5220.0,
  "std_flow": 14541.593716149655,
  "min_flow": 23.4,
  "max_flow": 41900.0,
  "total_records": 2785,
  "percentile_25": 61.5,
  "percentile_75": 27100.0,
  "percentile_90": 36500.0,
  "trend": {
    "slope": 0.045822846172735535,
    "direction": "increasing",
    "r_squared": 0.325037983148205,
    "p_value": 7.337484078355269e-240
  },
  "trend_slope": 0.045822846172735535,
  "trend_direction": "increasing",
  "anomalies": [],
  "anomaly_count": 0,
  "flow_status": {
    "status": "Below Normal",
    "latest_flow": 41.8,
    "percentile": 12.710951526032316
  },
  "recent_change": {
    "change_cfs": -0.9000000000000057,
    "change_pct": -2.107728337236547
  },
  "summary": "Below Normal conditions (avg: 13927 cfs, trend: increasing)",
  "analysis_date": "2026-05-28 10:56:42",
  "sites_analyzed": [
    "01646500",
    "01491000"
  ]
}