{
  "mean_flow": 2709.882797253343,
  "median_flow": 3400.0,
  "std_flow": 1556.2539188962553,
  "min_flow": 41.8,
  "max_flow": 4230.0,
  "total_records": 2767,
  "percentile_25": 56.6,
  "percentile_75": 3690.0,
  "percentile_90": 3920.0,
  "trend": {
    "slope": 0.0009663941116853925,
    "direction": "increasing",
    "r_squared": 0.012649655190543785,
    "p_value": 2.985885852127194e-09
  },
  "trend_slope": 0.0009663941116853925,
  "trend_direction": "increasing",
  "anomalies": [],
  "anomaly_count": 0,
  "flow_status": {
    "status": "High Flow",
    "latest_flow": 4110.0,
    "percentile": 96.06071557643658
  },
  "recent_change": {
    "change_cfs": 60.0,
    "change_pct": 1.4814814814814816
  },
  "summary": "High Flow conditions (avg: 2710 cfs, trend: increasing)",
  "analysis_date": "2026-05-04 10:15:10",
  "sites_analyzed": [
    "01646500",
    "01491000"
  ]
}