{
  "mean_flow": 2245.88166838311,
  "median_flow": 2800.0,
  "std_flow": 1306.9700022833374,
  "min_flow": 32.5,
  "max_flow": 3740.0,
  "total_records": 2913,
  "percentile_25": 40.8,
  "percentile_75": 3060.0,
  "percentile_90": 3400.0,
  "trend": {
    "slope": -0.0011741106832488587,
    "direction": "decreasing",
    "r_squared": 0.02890042508942772,
    "p_value": 2.4943949612820114e-20
  },
  "trend_slope": -0.0011741106832488587,
  "trend_direction": "decreasing",
  "anomalies": [],
  "anomaly_count": 0,
  "flow_status": {
    "status": "Low Flow",
    "latest_flow": 34.7,
    "percentile": 8.54788877445932
  },
  "recent_change": {
    "change_cfs": -0.7999999999999972,
    "change_pct": -2.2535211267605555
  },
  "summary": "Low Flow conditions (avg: 2246 cfs, trend: decreasing)",
  "analysis_date": "2026-05-14 18:54:09",
  "sites_analyzed": [
    "01646500",
    "01491000"
  ]
}