{
  "mean_flow": 3598.962456506611,
  "median_flow": 4550.0,
  "std_flow": 2086.6108242146092,
  "min_flow": 61.5,
  "max_flow": 5710.0,
  "total_records": 2874,
  "percentile_25": 89.5,
  "percentile_75": 4950.0,
  "percentile_90": 5430.0,
  "trend": {
    "slope": -0.0019374319320050813,
    "direction": "decreasing",
    "r_squared": 0.03032225157507367,
    "p_value": 5.299239934534735e-21
  },
  "trend_slope": -0.0019374319320050813,
  "trend_direction": "decreasing",
  "anomalies": [],
  "anomaly_count": 0,
  "flow_status": {
    "status": "Normal",
    "latest_flow": 4170.0,
    "percentile": 39.004871259568546
  },
  "recent_change": {
    "change_cfs": 190.0,
    "change_pct": 4.773869346733668
  },
  "summary": "Normal conditions (avg: 3599 cfs, trend: decreasing)",
  "analysis_date": "2026-04-20 17:05:50",
  "sites_analyzed": [
    "01646500",
    "01491000"
  ]
}