{
  "mean_flow": 1912.3948242811505,
  "median_flow": 2350.0,
  "std_flow": 1126.138931307046,
  "min_flow": 5.24,
  "max_flow": 3450.0,
  "total_records": 2817,
  "percentile_25": 16.4,
  "percentile_75": 2550.0,
  "percentile_90": 2960.0,
  "trend": {
    "slope": 3.4702272518413225e-05,
    "direction": "stable",
    "r_squared": 3.1801479767701806e-05,
    "p_value": 0.7648052369126932
  },
  "trend_slope": 3.4702272518413225e-05,
  "trend_direction": "stable",
  "anomalies": [],
  "anomaly_count": 0,
  "flow_status": {
    "status": "Below Normal",
    "latest_flow": 9.75,
    "percentile": 12.105076322328719
  },
  "recent_change": {
    "change_cfs": 0.1999999999999993,
    "change_pct": 2.0942408376963275
  },
  "summary": "Below Normal conditions (avg: 1912 cfs, trend: stable)",
  "analysis_date": "2026-06-29 12:36:29",
  "sites_analyzed": [
    "01646500",
    "01491000"
  ]
}