{
  "mean_flow": 5628.125147928994,
  "median_flow": 7330.0,
  "std_flow": 3223.1622111632755,
  "min_flow": 96.6,
  "max_flow": 8340.0,
  "total_records": 2704,
  "percentile_25": 186.0,
  "percentile_75": 7660.0,
  "percentile_90": 7990.0,
  "trend": {
    "slope": -0.00035481806216083845,
    "direction": "stable",
    "r_squared": 0.0003867871682959957,
    "p_value": 0.3066365266681957
  },
  "trend_slope": -0.00035481806216083845,
  "trend_direction": "stable",
  "anomalies": [],
  "anomaly_count": 0,
  "flow_status": {
    "status": "Low Flow",
    "latest_flow": 99.1,
    "percentile": 1.0724852071005917
  },
  "recent_change": {
    "change_cfs": -6670.9,
    "change_pct": -98.53618906942391
  },
  "summary": "Low Flow conditions (avg: 5628 cfs, trend: stable)",
  "analysis_date": "2026-04-11 07:49:35",
  "sites_analyzed": [
    "01646500",
    "01491000"
  ]
}