{
  "mean_flow": 5887.062073623776,
  "median_flow": 7490.0,
  "std_flow": 3357.0634804554597,
  "min_flow": 80.7,
  "max_flow": 9220.0,
  "total_records": 2961,
  "percentile_25": 203.0,
  "percentile_75": 7820.0,
  "percentile_90": 8510.0,
  "trend": {
    "slope": -0.0014533249063264863,
    "direction": "decreasing",
    "r_squared": 0.00693452999233845,
    "p_value": 5.697359806229321e-06
  },
  "trend_slope": -0.0014533249063264863,
  "trend_direction": "decreasing",
  "anomalies": [],
  "anomaly_count": 0,
  "flow_status": {
    "status": "Below Normal",
    "latest_flow": 148.0,
    "percentile": 16.41337386018237
  },
  "recent_change": {
    "change_cfs": -7842.0,
    "change_pct": -98.1476846057572
  },
  "summary": "Below Normal conditions (avg: 5887 cfs, trend: decreasing)",
  "analysis_date": "2026-04-07 21:42:10",
  "sites_analyzed": [
    "01646500",
    "01491000"
  ]
}