{
  "mean_flow": 1890.2614881157422,
  "median_flow": 2450.0,
  "std_flow": 1084.4338150542294,
  "min_flow": 22.0,
  "max_flow": 2850.0,
  "total_records": 2903,
  "percentile_25": 1079.95,
  "percentile_75": 2600.0,
  "percentile_90": 2750.0,
  "trend": {
    "slope": -0.0005844752104909467,
    "direction": "decreasing",
    "r_squared": 0.010369800254833045,
    "p_value": 3.8280961758537295e-08
  },
  "trend_slope": -0.0005844752104909467,
  "trend_direction": "decreasing",
  "anomalies": [],
  "anomaly_count": 0,
  "flow_status": {
    "status": "Normal",
    "latest_flow": 2120.0,
    "percentile": 27.523251808473994
  },
  "recent_change": {
    "change_cfs": 2098.0,
    "change_pct": 9536.363636363636
  },
  "summary": "Normal conditions (avg: 1890 cfs, trend: decreasing)",
  "analysis_date": "2026-05-20 18:20:13",
  "sites_analyzed": [
    "01646500",
    "01491000"
  ]
}