{
  "mean_flow": 1127.3453141091659,
  "median_flow": 1450.0,
  "std_flow": 655.0373766752023,
  "min_flow": 14.2,
  "max_flow": 2260.0,
  "total_records": 2913,
  "percentile_25": 26.7,
  "percentile_75": 1480.0,
  "percentile_90": 1560.0,
  "trend": {
    "slope": 3.996557523409739e-05,
    "direction": "stable",
    "r_squared": 0.00013330835331120002,
    "p_value": 0.5333421025023516
  },
  "trend_slope": 3.996557523409739e-05,
  "trend_direction": "stable",
  "anomalies": [],
  "anomaly_count": 0,
  "flow_status": {
    "status": "Normal",
    "latest_flow": 27.2,
    "percentile": 25.060075523515273
  },
  "recent_change": {
    "change_cfs": 2.3999999999999986,
    "change_pct": 9.677419354838705
  },
  "summary": "Normal conditions (avg: 1127 cfs, trend: stable)",
  "analysis_date": "2025-10-30 18:38:27",
  "sites_analyzed": [
    "01646500",
    "01491000"
  ]
}