{
  "mean_flow": 1482.851501553331,
  "median_flow": 1850.0,
  "std_flow": 859.2509025468715,
  "min_flow": 22.9,
  "max_flow": 2350.0,
  "total_records": 2897,
  "percentile_25": 28.2,
  "percentile_75": 2120.0,
  "percentile_90": 2210.0,
  "trend": {
    "slope": 0.0006996813629681375,
    "direction": "increasing",
    "r_squared": 0.023485234046443346,
    "p_value": 1.0958241184944155e-16
  },
  "trend_slope": 0.0006996813629681375,
  "trend_direction": "increasing",
  "anomalies": [],
  "anomaly_count": 0,
  "flow_status": {
    "status": "Low Flow",
    "latest_flow": 22.9,
    "percentile": 0.37970314118053156
  },
  "recent_change": {
    "change_cfs": -0.5,
    "change_pct": -2.1367521367521367
  },
  "summary": "Low Flow conditions (avg: 1483 cfs, trend: increasing)",
  "analysis_date": "2025-11-29 18:36:12",
  "sites_analyzed": [
    "01646500",
    "01491000"
  ]
}