{
  "mean_flow": 3609.5563266736767,
  "median_flow": 4490.0,
  "std_flow": 2127.428984500958,
  "min_flow": 12.2,
  "max_flow": 6230.0,
  "total_records": 2853,
  "percentile_25": 27.2,
  "percentile_75": 5010.0,
  "percentile_90": 5430.0,
  "trend": {
    "slope": -0.0011501521266543884,
    "direction": "decreasing",
    "r_squared": 0.010129362924157068,
    "p_value": 7.159846956880132e-08
  },
  "trend_slope": -0.0011501521266543884,
  "trend_direction": "decreasing",
  "anomalies": [],
  "anomaly_count": 0,
  "flow_status": {
    "status": "Below Normal",
    "latest_flow": 23.8,
    "percentile": 15.177006659656502
  },
  "recent_change": {
    "change_cfs": -0.5,
    "change_pct": -2.05761316872428
  },
  "summary": "Below Normal conditions (avg: 3610 cfs, trend: decreasing)",
  "analysis_date": "2026-06-13 15:42:39",
  "sites_analyzed": [
    "01646500",
    "01491000"
  ]
}