{
  "mean_flow": 1953.6092458303117,
  "median_flow": 2450.0,
  "std_flow": 1164.4112145392962,
  "min_flow": 22.0,
  "max_flow": 4490.0,
  "total_records": 2758,
  "percentile_25": 523.575,
  "percentile_75": 2600.0,
  "percentile_90": 2900.0,
  "trend": {
    "slope": 0.0008990543509261634,
    "direction": "increasing",
    "r_squared": 0.019280318846762304,
    "p_value": 2.4010047096127807e-13
  },
  "trend_slope": 0.0008990543509261634,
  "trend_direction": "increasing",
  "anomalies": [],
  "anomaly_count": 0,
  "flow_status": {
    "status": "High Flow",
    "latest_flow": 4490.0,
    "percentile": 100.0
  },
  "recent_change": {
    "change_cfs": 200.0,
    "change_pct": 4.662004662004662
  },
  "summary": "High Flow conditions (avg: 1954 cfs, trend: increasing)",
  "analysis_date": "2026-05-23 09:01:38",
  "sites_analyzed": [
    "01646500",
    "01491000"
  ]
}