{
  "mean_flow": -749032.5402696163,
  "median_flow": -999999.0,
  "std_flow": 433662.53308821,
  "min_flow": -999999.0,
  "max_flow": 145.0,
  "total_records": 2893,
  "percentile_25": -999999.0,
  "percentile_75": 39.9,
  "percentile_90": 64.0,
  "trend": {
    "slope": 0.00497334532087481,
    "direction": "stable",
    "r_squared": 4.6629508172769415e-06,
    "p_value": 0.9075764256434239
  },
  "trend_slope": 0.00497334532087481,
  "trend_direction": "stable",
  "anomalies": [],
  "anomaly_count": 0,
  "flow_status": {
    "status": "High Flow",
    "latest_flow": 145.0,
    "percentile": 100.0
  },
  "recent_change": {
    "change_cfs": 5.0,
    "change_pct": 3.571428571428571
  },
  "summary": "High Flow conditions (avg: -749033 cfs, trend: stable)",
  "analysis_date": "2026-02-16 18:57:06",
  "sites_analyzed": [
    "01646500",
    "01491000"
  ]
}