{
  "mean_flow": 2706.7763358778625,
  "median_flow": 3450.0,
  "std_flow": 1580.305713729808,
  "min_flow": 33.9,
  "max_flow": 4230.0,
  "total_records": 2751,
  "percentile_25": 45.7,
  "percentile_75": 3800.0,
  "percentile_90": 4050.0,
  "trend": {
    "slope": -0.0013625002576037211,
    "direction": "decreasing",
    "r_squared": 0.023867880778541493,
    "p_value": 3.687643668355186e-16
  },
  "trend_slope": -0.0013625002576037211,
  "trend_direction": "decreasing",
  "anomalies": [],
  "anomaly_count": 0,
  "flow_status": {
    "status": "Low Flow",
    "latest_flow": 33.9,
    "percentile": 0.5089058524173028
  },
  "recent_change": {
    "change_cfs": 0.0,
    "change_pct": 0.0
  },
  "summary": "Low Flow conditions (avg: 2707 cfs, trend: decreasing)",
  "analysis_date": "2026-05-10 09:39:43",
  "sites_analyzed": [
    "01646500",
    "01491000"
  ]
}