{
  "mean_flow": 15760.333104159505,
  "median_flow": 16700.0,
  "std_flow": 10812.27140099478,
  "min_flow": 148.0,
  "max_flow": 32800.0,
  "total_records": 2909,
  "percentile_25": 8510.0,
  "percentile_75": 24700.0,
  "percentile_90": 30700.0,
  "trend": {
    "slope": 0.007648622427027179,
    "direction": "increasing",
    "r_squared": 0.017871320396676854,
    "p_value": 4.497925761590933e-13
  },
  "trend_slope": 0.007648622427027179,
  "trend_direction": "increasing",
  "anomalies": [],
  "anomaly_count": 0,
  "flow_status": {
    "status": "Normal",
    "latest_flow": 14000.0,
    "percentile": 38.019938123066346
  },
  "recent_change": {
    "change_cfs": -200.0,
    "change_pct": -1.4084507042253522
  },
  "summary": "Normal conditions (avg: 15760 cfs, trend: increasing)",
  "analysis_date": "2026-02-26 19:03:48",
  "sites_analyzed": [
    "01646500",
    "01491000"
  ]
}