{
  "mean_flow": 6607.135906167234,
  "median_flow": 8510.0,
  "std_flow": 3810.728153355288,
  "min_flow": 82.8,
  "max_flow": 9590.0,
  "total_records": 2643,
  "percentile_25": 114.0,
  "percentile_75": 9040.0,
  "percentile_90": 9310.0,
  "trend": {
    "slope": -0.0005083572473340635,
    "direction": "stable",
    "r_squared": 0.0005423676291024443,
    "p_value": 0.23135519741956187
  },
  "trend_slope": -0.0005083572473340635,
  "trend_direction": "stable",
  "anomalies": [],
  "anomaly_count": 0,
  "flow_status": {
    "status": "Low Flow",
    "latest_flow": 82.8,
    "percentile": 5.145667801740447
  },
  "recent_change": {
    "change_cfs": -8517.2,
    "change_pct": -99.03720930232559
  },
  "summary": "Low Flow conditions (avg: 6607 cfs, trend: stable)",
  "analysis_date": "2026-04-01 03:33:43",
  "sites_analyzed": [
    "01646500",
    "01491000"
  ]
}