{
  "mean_flow": 3234.8076013513514,
  "median_flow": 4170.0,
  "std_flow": 1913.7941146196329,
  "min_flow": 12.2,
  "max_flow": 5290.0,
  "total_records": 2960,
  "percentile_25": 27.2,
  "percentile_75": 4550.0,
  "percentile_90": 4880.0,
  "trend": {
    "slope": -0.0011654303825117391,
    "direction": "decreasing",
    "r_squared": 0.013855426378605805,
    "p_value": 1.3299847080529154e-10
  },
  "trend_slope": -0.0011654303825117391,
  "trend_direction": "decreasing",
  "anomalies": [],
  "anomaly_count": 0,
  "flow_status": {
    "status": "Normal",
    "latest_flow": 3170.0,
    "percentile": 26.824324324324323
  },
  "recent_change": {
    "change_cfs": 0.0,
    "change_pct": 0.0
  },
  "summary": "Normal conditions (avg: 3235 cfs, trend: decreasing)",
  "analysis_date": "2026-06-15 22:20:26",
  "sites_analyzed": [
    "01646500",
    "01491000"
  ]
}