{
  "mean_flow": 8274.104208695653,
  "median_flow": 9780.0,
  "std_flow": 4921.677138455753,
  "min_flow": 99.1,
  "max_flow": 14100.0,
  "total_records": 2875,
  "percentile_25": 192.5,
  "percentile_75": 12000.0,
  "percentile_90": 13000.0,
  "trend": {
    "slope": -0.005776588894403873,
    "direction": "decreasing",
    "r_squared": 0.05035765866612707,
    "p_value": 3.8365331726069664e-34
  },
  "trend_slope": -0.005776588894403873,
  "trend_direction": "decreasing",
  "anomalies": [],
  "anomaly_count": 0,
  "flow_status": {
    "status": "Normal",
    "latest_flow": 8950.0,
    "percentile": 26.921739130434787
  },
  "recent_change": {
    "change_cfs": 0.0,
    "change_pct": 0.0
  },
  "summary": "Normal conditions (avg: 8274 cfs, trend: decreasing)",
  "analysis_date": "2026-03-26 19:19:33",
  "sites_analyzed": [
    "01646500",
    "01491000"
  ]
}