{
  "mean_flow": 1245.781529117542,
  "median_flow": 1600.0,
  "std_flow": 730.4682083386758,
  "min_flow": 18.7,
  "max_flow": 1980.0,
  "total_records": 2799,
  "percentile_25": 42.7,
  "percentile_75": 1730.0,
  "percentile_90": 1890.0,
  "trend": {
    "slope": -0.0004205730689904997,
    "direction": "decreasing",
    "r_squared": 0.011882274366919028,
    "p_value": 7.395989501133579e-09
  },
  "trend_slope": -0.0004205730689904997,
  "trend_direction": "decreasing",
  "anomalies": [],
  "anomaly_count": 0,
  "flow_status": {
    "status": "Low Flow",
    "latest_flow": 25.7,
    "percentile": 3.7870668095748483
  },
  "recent_change": {
    "change_cfs": 0.0,
    "change_pct": 0.0
  },
  "summary": "Low Flow conditions (avg: 1246 cfs, trend: decreasing)",
  "analysis_date": "2025-11-16 18:34:49",
  "sites_analyzed": [
    "01646500",
    "01491000"
  ]
}