{
  "mean_flow": 3821.8838721394845,
  "median_flow": 4750.0,
  "std_flow": 2216.5154942436916,
  "min_flow": 62.7,
  "max_flow": 6230.0,
  "total_records": 2753,
  "percentile_25": 96.6,
  "percentile_75": 5290.0,
  "percentile_90": 5710.0,
  "trend": {
    "slope": -0.0022295557786925573,
    "direction": "decreasing",
    "r_squared": 0.03236332047765751,
    "p_value": 1.8613723524435665e-21
  },
  "trend_slope": -0.0022295557786925573,
  "trend_direction": "decreasing",
  "anomalies": [],
  "anomaly_count": 0,
  "flow_status": {
    "status": "Low Flow",
    "latest_flow": 62.7,
    "percentile": 1.4166363966581912
  },
  "recent_change": {
    "change_cfs": -4047.3,
    "change_pct": -98.47445255474453
  },
  "summary": "Low Flow conditions (avg: 3822 cfs, trend: decreasing)",
  "analysis_date": "2026-04-19 08:56:46",
  "sites_analyzed": [
    "01646500",
    "01491000"
  ]
}