{
  "mean_flow": 2968.391363022942,
  "median_flow": 3450.0,
  "std_flow": 1828.9445710136565,
  "min_flow": 10.7,
  "max_flow": 5290.0,
  "total_records": 2964,
  "percentile_25": 27.2,
  "percentile_75": 4490.0,
  "percentile_90": 4880.0,
  "trend": {
    "slope": -0.0026945036956853023,
    "direction": "decreasing",
    "r_squared": 0.08101877761119086,
    "p_value": 2.3297096175790355e-56
  },
  "trend_slope": -0.0026945036956853023,
  "trend_direction": "decreasing",
  "anomalies": [],
  "anomaly_count": 0,
  "flow_status": {
    "status": "Normal",
    "latest_flow": 2550.0,
    "percentile": 25.134952766531715
  },
  "recent_change": {
    "change_cfs": -50.0,
    "change_pct": -1.9230769230769231
  },
  "summary": "Normal conditions (avg: 2968 cfs, trend: decreasing)",
  "analysis_date": "2026-06-17 22:01:44",
  "sites_analyzed": [
    "01646500",
    "01491000"
  ]
}