{
  "mean_flow": 1688.1929721921272,
  "median_flow": 2070.0,
  "std_flow": 993.2378095397353,
  "min_flow": 1.04,
  "max_flow": 2700.0,
  "total_records": 2769,
  "percentile_25": 13.9,
  "percentile_75": 2400.0,
  "percentile_90": 2500.0,
  "trend": {
    "slope": -0.0008699434970755834,
    "direction": "decreasing",
    "r_squared": 0.02507212188803616,
    "p_value": 5.234090553290229e-17
  },
  "trend_slope": -0.0008699434970755834,
  "trend_direction": "decreasing",
  "anomalies": [],
  "anomaly_count": 0,
  "flow_status": {
    "status": "Above Normal",
    "latest_flow": 2400.0,
    "percentile": 81.2206572769953
  },
  "recent_change": {
    "change_cfs": 140.0,
    "change_pct": 6.1946902654867255
  },
  "summary": "Above Normal conditions (avg: 1688 cfs, trend: decreasing)",
  "analysis_date": "2026-07-07 10:25:47",
  "sites_analyzed": [
    "01646500",
    "01491000"
  ]
}