{
  "mean_flow": 1993.828167539267,
  "median_flow": 2550.0,
  "std_flow": 1139.102485367624,
  "min_flow": 30.3,
  "max_flow": 3010.0,
  "total_records": 2865,
  "percentile_25": 39.9,
  "percentile_75": 2700.0,
  "percentile_90": 2800.0,
  "trend": {
    "slope": -0.00043148578803205715,
    "direction": "decreasing",
    "r_squared": 0.0049704497141668585,
    "p_value": 0.0001589260493350582
  },
  "trend_slope": -0.00043148578803205715,
  "trend_direction": "decreasing",
  "anomalies": [],
  "anomaly_count": 0,
  "flow_status": {
    "status": "Low Flow",
    "latest_flow": 30.3,
    "percentile": 1.2216404886561953
  },
  "recent_change": {
    "change_cfs": 0.0,
    "change_pct": 0.0
  },
  "summary": "Low Flow conditions (avg: 1994 cfs, trend: decreasing)",
  "analysis_date": "2026-05-18 15:35:40",
  "sites_analyzed": [
    "01646500",
    "01491000"
  ]
}