{
  "mean_flow": 2687.521236465246,
  "median_flow": 3400.0,
  "std_flow": 1571.8758917883667,
  "min_flow": 33.9,
  "max_flow": 4230.0,
  "total_records": 2863,
  "percentile_25": 45.7,
  "percentile_75": 3800.0,
  "percentile_90": 3980.0,
  "trend": {
    "slope": -0.0013820770306867355,
    "direction": "decreasing",
    "r_squared": 0.026874250128878802,
    "p_value": 1.0699157980753096e-18
  },
  "trend_slope": -0.0013820770306867355,
  "trend_direction": "decreasing",
  "anomalies": [],
  "anomaly_count": 0,
  "flow_status": {
    "status": "Low Flow",
    "latest_flow": 35.5,
    "percentile": 4.924903946908836
  },
  "recent_change": {
    "change_cfs": 1.6000000000000014,
    "change_pct": 4.719764011799414
  },
  "summary": "Low Flow conditions (avg: 2688 cfs, trend: decreasing)",
  "analysis_date": "2026-05-10 16:58:15",
  "sites_analyzed": [
    "01646500",
    "01491000"
  ]
}