{
  "mean_flow": 1879.7389823804388,
  "median_flow": 2400.0,
  "std_flow": 1095.8302038403833,
  "min_flow": 1.59,
  "max_flow": 3010.0,
  "total_records": 2781,
  "percentile_25": 9.75,
  "percentile_75": 2550.0,
  "percentile_90": 2750.0,
  "trend": {
    "slope": 3.901742355330271e-05,
    "direction": "stable",
    "r_squared": 4.1398000337399236e-05,
    "p_value": 0.7344922865367902
  },
  "trend_slope": 3.901742355330271e-05,
  "trend_direction": "stable",
  "anomalies": [],
  "anomaly_count": 0,
  "flow_status": {
    "status": "Low Flow",
    "latest_flow": 1.59,
    "percentile": 0.0719165767709457
  },
  "recent_change": {
    "change_cfs": -2348.41,
    "change_pct": -99.9323404255319
  },
  "summary": "Low Flow conditions (avg: 1880 cfs, trend: stable)",
  "analysis_date": "2026-07-03 10:37:12",
  "sites_analyzed": [
    "01646500",
    "01491000"
  ]
}