{
  "mean_flow": 8314.475386273805,
  "median_flow": 9960.0,
  "std_flow": 4952.68517516586,
  "min_flow": 102.0,
  "max_flow": 14100.0,
  "total_records": 2783,
  "percentile_25": 191.0,
  "percentile_75": 12000.0,
  "percentile_90": 13000.0,
  "trend": {
    "slope": -0.005975424250869805,
    "direction": "decreasing",
    "r_squared": 0.04989422402750582,
    "p_value": 8.313060659035377e-33
  },
  "trend_slope": -0.005975424250869805,
  "trend_direction": "decreasing",
  "anomalies": [],
  "anomaly_count": 0,
  "flow_status": {
    "status": "Low Flow",
    "latest_flow": 102.0,
    "percentile": 1.1498383039885016
  },
  "recent_change": {
    "change_cfs": -9028.0,
    "change_pct": -98.8828039430449
  },
  "summary": "Low Flow conditions (avg: 8314 cfs, trend: decreasing)",
  "analysis_date": "2026-03-26 13:48:24",
  "sites_analyzed": [
    "01646500",
    "01491000"
  ]
}