{
  "mean_flow": 1925.4218608578183,
  "median_flow": 2450.0,
  "std_flow": 1125.2520983245486,
  "min_flow": 4.8,
  "max_flow": 3120.0,
  "total_records": 2961,
  "percentile_25": 16.4,
  "percentile_75": 2600.0,
  "percentile_90": 2850.0,
  "trend": {
    "slope": -5.3471978357993825e-05,
    "direction": "stable",
    "r_squared": 8.355328846405812e-05,
    "p_value": 0.6190516412144846
  },
  "trend_slope": -5.3471978357993825e-05,
  "trend_direction": "stable",
  "anomalies": [],
  "anomaly_count": 0,
  "flow_status": {
    "status": "Low Flow",
    "latest_flow": 4.8,
    "percentile": 0.033772374197906116
  },
  "recent_change": {
    "change_cfs": -2395.2,
    "change_pct": -99.79999999999998
  },
  "summary": "Low Flow conditions (avg: 1925 cfs, trend: stable)",
  "analysis_date": "2026-07-01 21:39:19",
  "sites_analyzed": [
    "01646500",
    "01491000"
  ]
}