{
  "mean_flow": 6057.947911275416,
  "median_flow": 7570.0,
  "std_flow": 3483.9988973423847,
  "min_flow": 80.7,
  "max_flow": 9410.0,
  "total_records": 2705,
  "percentile_25": 203.0,
  "percentile_75": 8250.0,
  "percentile_90": 9040.0,
  "trend": {
    "slope": -0.0026784321911792904,
    "direction": "decreasing",
    "r_squared": 0.018251068064526397,
    "p_value": 1.72059895663216e-12
  },
  "trend_slope": -0.0026784321911792904,
  "trend_direction": "decreasing",
  "anomalies": [],
  "anomaly_count": 0,
  "flow_status": {
    "status": "Below Normal",
    "latest_flow": 143.0,
    "percentile": 18.00369685767098
  },
  "recent_change": {
    "change_cfs": -7427.0,
    "change_pct": -98.110964332893
  },
  "summary": "Below Normal conditions (avg: 6058 cfs, trend: decreasing)",
  "analysis_date": "2026-04-06 06:00:18",
  "sites_analyzed": [
    "01646500",
    "01491000"
  ]
}