{
  "mean_flow": 1971.386200716846,
  "median_flow": 2450.0,
  "std_flow": 1189.0253230732924,
  "min_flow": 22.0,
  "max_flow": 4810.0,
  "total_records": 2790,
  "percentile_25": 523.575,
  "percentile_75": 2600.0,
  "percentile_90": 2960.0,
  "trend": {
    "slope": 0.0010362710348485458,
    "direction": "increasing",
    "r_squared": 0.025136099407748018,
    "p_value": 3.6407048203411484e-17
  },
  "trend_slope": 0.0010362710348485458,
  "trend_direction": "increasing",
  "anomalies": [],
  "anomaly_count": 0,
  "flow_status": {
    "status": "High Flow",
    "latest_flow": 4810.0,
    "percentile": 100.0
  },
  "recent_change": {
    "change_cfs": 260.0,
    "change_pct": 5.714285714285714
  },
  "summary": "High Flow conditions (avg: 1971 cfs, trend: increasing)",
  "analysis_date": "2026-05-23 11:11:15",
  "sites_analyzed": [
    "01646500",
    "01491000"
  ]
}