{
  "mean_flow": 2699.5618996798294,
  "median_flow": 3400.0,
  "std_flow": 1573.3839319821896,
  "min_flow": 33.9,
  "max_flow": 4230.0,
  "total_records": 2811,
  "percentile_25": 45.7,
  "percentile_75": 3800.0,
  "percentile_90": 4050.0,
  "trend": {
    "slope": -0.001344078430216082,
    "direction": "decreasing",
    "r_squared": 0.024459434251425362,
    "p_value": 7.456163957601337e-17
  },
  "trend_slope": -0.001344078430216082,
  "trend_direction": "decreasing",
  "anomalies": [],
  "anomaly_count": 0,
  "flow_status": {
    "status": "Normal",
    "latest_flow": 2960.0,
    "percentile": 29.313411597296334
  },
  "recent_change": {
    "change_cfs": 60.0,
    "change_pct": 2.0689655172413794
  },
  "summary": "Normal conditions (avg: 2700 cfs, trend: decreasing)",
  "analysis_date": "2026-05-10 13:21:45",
  "sites_analyzed": [
    "01646500",
    "01491000"
  ]
}