{
  "mean_flow": 8378.224748415952,
  "median_flow": 10200.0,
  "std_flow": 4971.674463170257,
  "min_flow": 102.0,
  "max_flow": 14100.0,
  "total_records": 2683,
  "percentile_25": 192.5,
  "percentile_75": 12000.0,
  "percentile_90": 13000.0,
  "trend": {
    "slope": -0.00602518981244796,
    "direction": "decreasing",
    "r_squared": 0.04681334838810684,
    "p_value": 8.657154470606977e-30
  },
  "trend_slope": -0.00602518981244796,
  "trend_direction": "decreasing",
  "anomalies": [],
  "anomaly_count": 0,
  "flow_status": {
    "status": "Normal",
    "latest_flow": 9220.0,
    "percentile": 28.811032426388373
  },
  "recent_change": {
    "change_cfs": 0.0,
    "change_pct": 0.0
  },
  "summary": "Normal conditions (avg: 8378 cfs, trend: decreasing)",
  "analysis_date": "2026-03-26 07:22:11",
  "sites_analyzed": [
    "01646500",
    "01491000"
  ]
}