{
  "mean_flow": 2099.002542680712,
  "median_flow": 2700.0,
  "std_flow": 1202.3980220082235,
  "min_flow": 32.5,
  "max_flow": 3170.0,
  "total_records": 2753,
  "percentile_25": 39.9,
  "percentile_75": 2900.0,
  "percentile_90": 3010.0,
  "trend": {
    "slope": -0.0005955429572472581,
    "direction": "decreasing",
    "r_squared": 0.00784671019582587,
    "p_value": 3.2423833760103536e-06
  },
  "trend_slope": -0.0005955429572472581,
  "trend_direction": "decreasing",
  "anomalies": [],
  "anomaly_count": 0,
  "flow_status": {
    "status": "Below Normal",
    "latest_flow": 35.5,
    "percentile": 13.839447875045405
  },
  "recent_change": {
    "change_cfs": -2464.5,
    "change_pct": -98.58
  },
  "summary": "Below Normal conditions (avg: 2099 cfs, trend: decreasing)",
  "analysis_date": "2026-05-16 08:48:00",
  "sites_analyzed": [
    "01646500",
    "01491000"
  ]
}