{
  "mean_flow": 3824.575990518117,
  "median_flow": 4610.0,
  "std_flow": 2312.5213533070914,
  "min_flow": 12.2,
  "max_flow": 7410.0,
  "total_records": 2953,
  "percentile_25": 27.2,
  "percentile_75": 5220.0,
  "percentile_90": 6214.000000000015,
  "trend": {
    "slope": -0.002281945788272392,
    "direction": "decreasing",
    "r_squared": 0.03606216636881629,
    "p_value": 2.232980899237642e-25
  },
  "trend_slope": -0.002281945788272392,
  "trend_direction": "decreasing",
  "anomalies": [],
  "anomaly_count": 0,
  "flow_status": {
    "status": "Below Normal",
    "latest_flow": 25.7,
    "percentile": 22.82424652895361
  },
  "recent_change": {
    "change_cfs": 0.0,
    "change_pct": 0.0
  },
  "summary": "Below Normal conditions (avg: 3825 cfs, trend: decreasing)",
  "analysis_date": "2026-06-12 21:46:35",
  "sites_analyzed": [
    "01646500",
    "01491000"
  ]
}