{
  "mean_flow": 1903.1977311790995,
  "median_flow": 2120.0,
  "std_flow": 1165.57586144254,
  "min_flow": 17.7,
  "max_flow": 3230.0,
  "total_records": 2909,
  "percentile_25": 32.5,
  "percentile_75": 2900.0,
  "percentile_90": 3120.0,
  "trend": {
    "slope": -0.0017951583272377892,
    "direction": "decreasing",
    "r_squared": 0.08505049273484125,
    "p_value": 3.9307484802610444e-58
  },
  "trend_slope": -0.0017951583272377892,
  "trend_direction": "decreasing",
  "anomalies": [],
  "anomaly_count": 0,
  "flow_status": {
    "status": "Below Normal",
    "latest_flow": 21.6,
    "percentile": 16.466139566861465
  },
  "recent_change": {
    "change_cfs": 0.40000000000000213,
    "change_pct": 1.8867924528301987
  },
  "summary": "Below Normal conditions (avg: 1903 cfs, trend: decreasing)",
  "analysis_date": "2025-11-09 18:33:28",
  "sites_analyzed": [
    "01646500",
    "01491000"
  ]
}