{
  "mean_flow": 3043.1368224651337,
  "median_flow": 2850.0,
  "std_flow": 2525.8577590670725,
  "min_flow": 1.86,
  "max_flow": 9040.0,
  "total_records": 2653,
  "percentile_25": 14.8,
  "percentile_75": 4950.0,
  "percentile_90": 6920.0,
  "trend": {
    "slope": 0.00742493238071991,
    "direction": "increasing",
    "r_squared": 0.257421932400789,
    "p_value": 1.4225839733072172e-173
  },
  "trend_slope": 0.00742493238071991,
  "trend_direction": "increasing",
  "anomalies": [],
  "anomaly_count": 0,
  "flow_status": {
    "status": "Below Normal",
    "latest_flow": 14.2,
    "percentile": 22.76667923105918
  },
  "recent_change": {
    "change_cfs": 0.0,
    "change_pct": 0.0
  },
  "summary": "Below Normal conditions (avg: 3043 cfs, trend: increasing)",
  "analysis_date": "2026-07-12 02:51:39",
  "sites_analyzed": [
    "01646500",
    "01491000"
  ]
}