{
  "mean_flow": 1576.9067656196066,
  "median_flow": 2030.0,
  "std_flow": 909.5451986913558,
  "min_flow": 22.0,
  "max_flow": 2400.0,
  "total_records": 2897,
  "percentile_25": 27.2,
  "percentile_75": 2210.0,
  "percentile_90": 2260.0,
  "trend": {
    "slope": 0.0005438122006386738,
    "direction": "increasing",
    "r_squared": 0.012661454455124654,
    "p_value": 1.2546214675034056e-09
  },
  "trend_slope": 0.0005438122006386738,
  "trend_direction": "increasing",
  "anomalies": [],
  "anomaly_count": 0,
  "flow_status": {
    "status": "Below Normal",
    "latest_flow": 23.8,
    "percentile": 12.56472212633759
  },
  "recent_change": {
    "change_cfs": 0.0,
    "change_pct": 0.0
  },
  "summary": "Below Normal conditions (avg: 1577 cfs, trend: increasing)",
  "analysis_date": "2025-12-01 18:45:09",
  "sites_analyzed": [
    "01646500",
    "01491000"
  ]
}