{
  "mean_flow": 3657.180256670044,
  "median_flow": 4230.0,
  "std_flow": 2500.5754422359228,
  "min_flow": 6.99,
  "max_flow": 9040.0,
  "total_records": 2961,
  "percentile_25": 14.8,
  "percentile_75": 5220.0,
  "percentile_90": 6770.0,
  "trend": {
    "slope": 0.0017789049023014122,
    "direction": "increasing",
    "r_squared": 0.018725621720883046,
    "p_value": 7.528780975555561e-14
  },
  "trend_slope": 0.0017789049023014122,
  "trend_direction": "increasing",
  "anomalies": [],
  "anomaly_count": 0,
  "flow_status": {
    "status": "Low Flow",
    "latest_flow": 6.99,
    "percentile": 0.10131712259371835
  },
  "recent_change": {
    "change_cfs": -4163.01,
    "change_pct": -99.83237410071943
  },
  "summary": "Low Flow conditions (avg: 3657 cfs, trend: increasing)",
  "analysis_date": "2026-07-14 21:57:15",
  "sites_analyzed": [
    "01646500",
    "01491000"
  ]
}