{
  "mean_flow": 2311.310055452865,
  "median_flow": 2800.0,
  "std_flow": 1377.9977687725209,
  "min_flow": 59.0,
  "max_flow": 3920.0,
  "total_records": 2705,
  "percentile_25": 104.0,
  "percentile_75": 3230.0,
  "percentile_90": 3740.0,
  "trend": {
    "slope": -0.0016347157787961492,
    "direction": "decreasing",
    "r_squared": 0.04345807358789871,
    "p_value": 6.094624885799319e-28
  },
  "trend_slope": -0.0016347157787961492,
  "trend_direction": "decreasing",
  "anomalies": [],
  "anomaly_count": 0,
  "flow_status": {
    "status": "Low Flow",
    "latest_flow": 59.0,
    "percentile": 0.6284658040665434
  },
  "recent_change": {
    "change_cfs": -1971.0,
    "change_pct": -97.0935960591133
  },
  "summary": "Low Flow conditions (avg: 2311 cfs, trend: decreasing)",
  "analysis_date": "2026-01-22 06:48:07",
  "sites_analyzed": [
    "01646500",
    "01491000"
  ]
}