{
  "mean_flow": 1861.168707114482,
  "median_flow": 2070.0,
  "std_flow": 1262.019648606232,
  "min_flow": 1.04,
  "max_flow": 5080.0,
  "total_records": 2769,
  "percentile_25": 13.9,
  "percentile_75": 2400.0,
  "percentile_90": 2650.0,
  "trend": {
    "slope": 0.0012066729016941302,
    "direction": "increasing",
    "r_squared": 0.02991390298518804,
    "p_value": 4.898208904510786e-20
  },
  "trend_slope": 0.0012066729016941302,
  "trend_direction": "increasing",
  "anomalies": [],
  "anomaly_count": 0,
  "flow_status": {
    "status": "High Flow",
    "latest_flow": 3630.0,
    "percentile": 91.18815456843626
  },
  "recent_change": {
    "change_cfs": -170.0,
    "change_pct": -4.473684210526316
  },
  "summary": "High Flow conditions (avg: 1861 cfs, trend: increasing)",
  "analysis_date": "2026-07-08 10:19:57",
  "sites_analyzed": [
    "01646500",
    "01491000"
  ]
}