{
  "mean_flow": 15902.868346296924,
  "median_flow": 13800.0,
  "std_flow": 12494.005022694286,
  "min_flow": 22.9,
  "max_flow": 39100.0,
  "total_records": 2957,
  "percentile_25": 7820.0,
  "percentile_75": 25500.0,
  "percentile_90": 35100.0,
  "trend": {
    "slope": -0.03345303442336483,
    "direction": "decreasing",
    "r_squared": 0.26454796439314704,
    "p_value": 1.9454657005012212e-199
  },
  "trend_slope": -0.03345303442336483,
  "trend_direction": "decreasing",
  "anomalies": [],
  "anomaly_count": 0,
  "flow_status": {
    "status": "Normal",
    "latest_flow": 7820.0,
    "percentile": 25.05918160297599
  },
  "recent_change": {
    "change_cfs": -170.0,
    "change_pct": -2.127659574468085
  },
  "summary": "Normal conditions (avg: 15903 cfs, trend: decreasing)",
  "analysis_date": "2026-06-04 22:21:35",
  "sites_analyzed": [
    "01646500",
    "01491000"
  ]
}