{
  "mean_flow": 9787.696359137504,
  "median_flow": 12500.0,
  "std_flow": 5712.221610094734,
  "min_flow": 138.0,
  "max_flow": 16700.0,
  "total_records": 2829,
  "percentile_25": 198.0,
  "percentile_75": 13400.0,
  "percentile_90": 14600.0,
  "trend": {
    "slope": 0.00040940353458623766,
    "direction": "stable",
    "r_squared": 0.00017372678994526415,
    "p_value": 0.4834452955284344
  },
  "trend_slope": 0.00040940353458623766,
  "trend_direction": "stable",
  "anomalies": [],
  "anomaly_count": 0,
  "flow_status": {
    "status": "Normal",
    "latest_flow": 198.0,
    "percentile": 25.097207493814068
  },
  "recent_change": {
    "change_cfs": 4.0,
    "change_pct": 2.0618556701030926
  },
  "summary": "Normal conditions (avg: 9788 cfs, trend: stable)",
  "analysis_date": "2026-03-18 13:45:02",
  "sites_analyzed": [
    "01646500",
    "01491000"
  ]
}