{
  "mean_flow": 2084.936339074637,
  "median_flow": 2700.0,
  "std_flow": 1195.08508537557,
  "min_flow": 32.5,
  "max_flow": 3170.0,
  "total_records": 2961,
  "percentile_25": 39.9,
  "percentile_75": 2850.0,
  "percentile_90": 2960.0,
  "trend": {
    "slope": -0.000597711617713641,
    "direction": "decreasing",
    "r_squared": 0.009255426730657552,
    "p_value": 1.5630954428099465e-07
  },
  "trend_slope": -0.000597711617713641,
  "trend_direction": "decreasing",
  "anomalies": [],
  "anomaly_count": 0,
  "flow_status": {
    "status": "Low Flow",
    "latest_flow": 33.9,
    "percentile": 6.247889226612631
  },
  "recent_change": {
    "change_cfs": -2516.1,
    "change_pct": -98.6705882352941
  },
  "summary": "Low Flow conditions (avg: 2085 cfs, trend: decreasing)",
  "analysis_date": "2026-05-16 21:49:58",
  "sites_analyzed": [
    "01646500",
    "01491000"
  ]
}