{
  "mean_flow": 1644.1452482269501,
  "median_flow": 1940.0,
  "std_flow": 974.3730986664549,
  "min_flow": 33.9,
  "max_flow": 3170.0,
  "total_records": 2820,
  "percentile_25": 306.0,
  "percentile_75": 2350.0,
  "percentile_90": 2700.0,
  "trend": {
    "slope": 0.0011198105441333106,
    "direction": "increasing",
    "r_squared": 0.04702029782229417,
    "p_value": 2.325866847113844e-31
  },
  "trend_slope": 0.0011198105441333106,
  "trend_direction": "increasing",
  "anomalies": [],
  "anomaly_count": 0,
  "flow_status": {
    "status": "Below Normal",
    "latest_flow": 155.0,
    "percentile": 19.148936170212767
  },
  "recent_change": {
    "change_cfs": -2495.0,
    "change_pct": -94.15094339622641
  },
  "summary": "Below Normal conditions (avg: 1644 cfs, trend: increasing)",
  "analysis_date": "2026-01-13 18:41:25",
  "sites_analyzed": [
    "01646500",
    "01491000"
  ]
}