{
  "mean_flow": 1671.5005349500714,
  "median_flow": 2160.0,
  "std_flow": 964.9549588473374,
  "min_flow": 22.0,
  "max_flow": 2850.0,
  "total_records": 2804,
  "percentile_25": 46.7,
  "percentile_75": 2260.0,
  "percentile_90": 2350.0,
  "trend": {
    "slope": 0.0004169430636193363,
    "direction": "increasing",
    "r_squared": 0.006245697343311073,
    "p_value": 2.795281990922987e-05
  },
  "trend_slope": 0.0004169430636193363,
  "trend_direction": "increasing",
  "anomalies": [],
  "anomaly_count": 0,
  "flow_status": {
    "status": "High Flow",
    "latest_flow": 2850.0,
    "percentile": 100.0
  },
  "recent_change": {
    "change_cfs": 0.0,
    "change_pct": 0.0
  },
  "summary": "High Flow conditions (avg: 1672 cfs, trend: increasing)",
  "analysis_date": "2025-12-03 13:00:26",
  "sites_analyzed": [
    "01646500",
    "01491000"
  ]
}