{
  "mean_flow": 3461.1538405267006,
  "median_flow": 4360.0,
  "std_flow": 2004.5448608271827,
  "min_flow": 59.0,
  "max_flow": 5430.0,
  "total_records": 2734,
  "percentile_25": 81.225,
  "percentile_75": 4810.0,
  "percentile_90": 5220.0,
  "trend": {
    "slope": -0.0017662177854410272,
    "direction": "decreasing",
    "r_squared": 0.02484861356238565,
    "p_value": 1.1282213820431238e-16
  },
  "trend_slope": -0.0017662177854410272,
  "trend_direction": "decreasing",
  "anomalies": [],
  "anomaly_count": 0,
  "flow_status": {
    "status": "Low Flow",
    "latest_flow": 61.5,
    "percentile": 3.218727139722019
  },
  "recent_change": {
    "change_cfs": 2.5,
    "change_pct": 4.23728813559322
  },
  "summary": "Low Flow conditions (avg: 3461 cfs, trend: decreasing)",
  "analysis_date": "2026-04-21 08:52:58",
  "sites_analyzed": [
    "01646500",
    "01491000"
  ]
}