{
  "mean_flow": 2604.7615272195835,
  "median_flow": 3230.0,
  "std_flow": 1521.209384668163,
  "min_flow": 33.9,
  "max_flow": 4170.0,
  "total_records": 2737,
  "percentile_25": 45.7,
  "percentile_75": 3690.0,
  "percentile_90": 3920.0,
  "trend": {
    "slope": -0.0015724471178636488,
    "direction": "decreasing",
    "r_squared": 0.033780819375248274,
    "p_value": 3.2034533876511694e-22
  },
  "trend_slope": -0.0015724471178636488,
  "trend_direction": "decreasing",
  "anomalies": [],
  "anomaly_count": 0,
  "flow_status": {
    "status": "Low Flow",
    "latest_flow": 35.5,
    "percentile": 7.12458896602119
  },
  "recent_change": {
    "change_cfs": 0.0,
    "change_pct": 0.0
  },
  "summary": "Low Flow conditions (avg: 2605 cfs, trend: decreasing)",
  "analysis_date": "2026-05-11 07:42:52",
  "sites_analyzed": [
    "01646500",
    "01491000"
  ]
}