{
  "mean_flow": 9379.049981067777,
  "median_flow": 8250.0,
  "std_flow": 6403.888918586257,
  "min_flow": 158.0,
  "max_flow": 18300.0,
  "total_records": 2641,
  "percentile_25": 277.0,
  "percentile_75": 15800.0,
  "percentile_90": 17700.0,
  "trend": {
    "slope": 0.016664984799264274,
    "direction": "increasing",
    "r_squared": 0.19934787475139681,
    "p_value": 1.364236741256291e-129
  },
  "trend_slope": 0.016664984799264274,
  "trend_direction": "increasing",
  "anomalies": [],
  "anomaly_count": 0,
  "flow_status": {
    "status": "Low Flow",
    "latest_flow": 158.0,
    "percentile": 0.2271866717152594
  },
  "recent_change": {
    "change_cfs": -3.0,
    "change_pct": -1.8633540372670807
  },
  "summary": "Low Flow conditions (avg: 9379 cfs, trend: increasing)",
  "analysis_date": "2026-03-11 02:42:25",
  "sites_analyzed": [
    "01646500",
    "01491000"
  ]
}