{
  "mean_flow": 3065.202981938813,
  "median_flow": 2960.0,
  "std_flow": 2519.9445965230057,
  "min_flow": 1.86,
  "max_flow": 9040.0,
  "total_records": 2713,
  "percentile_25": 1850.0,
  "percentile_75": 5010.0,
  "percentile_90": 6840.0,
  "trend": {
    "slope": 0.007155350295884234,
    "direction": "increasing",
    "r_squared": 0.25114887743100783,
    "p_value": 1.690338797770462e-172
  },
  "trend_slope": 0.007155350295884234,
  "trend_direction": "increasing",
  "anomalies": [],
  "anomaly_count": 0,
  "flow_status": {
    "status": "Normal",
    "latest_flow": 4950.0,
    "percentile": 74.97235532620715
  },
  "recent_change": {
    "change_cfs": -60.0,
    "change_pct": -1.1976047904191618
  },
  "summary": "Normal conditions (avg: 3065 cfs, trend: increasing)",
  "analysis_date": "2026-07-12 06:33:16",
  "sites_analyzed": [
    "01646500",
    "01491000"
  ]
}