{
  "mean_flow": 1881.3260978222065,
  "median_flow": 2350.0,
  "std_flow": 1097.8538636784317,
  "min_flow": 28.2,
  "max_flow": 3340.0,
  "total_records": 2801,
  "percentile_25": 207.0,
  "percentile_75": 2550.0,
  "percentile_90": 3060.0,
  "trend": {
    "slope": 0.0014603794386552971,
    "direction": "increasing",
    "r_squared": 0.05858834628505875,
    "p_value": 1.24895257070134e-38
  },
  "trend_slope": 0.0014603794386552971,
  "trend_direction": "increasing",
  "anomalies": [],
  "anomaly_count": 0,
  "flow_status": {
    "status": "Low Flow",
    "latest_flow": 45.7,
    "percentile": 2.4634059264548376
  },
  "recent_change": {
    "change_cfs": 0.0,
    "change_pct": 0.0
  },
  "summary": "Low Flow conditions (avg: 1881 cfs, trend: increasing)",
  "analysis_date": "2025-12-26 12:57:21",
  "sites_analyzed": [
    "01646500",
    "01491000"
  ]
}