{
  "mean_flow": 1739.8581516095535,
  "median_flow": 2160.0,
  "std_flow": 1012.8051793198474,
  "min_flow": 22.0,
  "max_flow": 2850.0,
  "total_records": 2889,
  "percentile_25": 56.6,
  "percentile_75": 2300.0,
  "percentile_90": 2650.0,
  "trend": {
    "slope": 0.0006835689700572247,
    "direction": "increasing",
    "r_squared": 0.016130853343170156,
    "p_value": 7.31431762161361e-12
  },
  "trend_slope": 0.0006835689700572247,
  "trend_direction": "increasing",
  "anomalies": [],
  "anomaly_count": 0,
  "flow_status": {
    "status": "Below Normal",
    "latest_flow": 55.4,
    "percentile": 24.299065420560748
  },
  "recent_change": {
    "change_cfs": 0.0,
    "change_pct": 0.0
  },
  "summary": "Below Normal conditions (avg: 1740 cfs, trend: increasing)",
  "analysis_date": "2025-12-04 18:43:27",
  "sites_analyzed": [
    "01646500",
    "01491000"
  ]
}