{
  "mean_flow": 2302.7703935105283,
  "median_flow": 2850.0,
  "std_flow": 1370.642542995756,
  "min_flow": 2.49,
  "max_flow": 4050.0,
  "total_records": 2897,
  "percentile_25": 49.8,
  "percentile_75": 3230.0,
  "percentile_90": 3630.0,
  "trend": {
    "slope": 0.0001825213141116509,
    "direction": "stable",
    "r_squared": 0.0006280772070843321,
    "p_value": 0.17748708287857626
  },
  "trend_slope": 0.0001825213141116509,
  "trend_direction": "stable",
  "anomalies": [],
  "anomaly_count": 0,
  "flow_status": {
    "status": "Below Normal",
    "latest_flow": 26.7,
    "percentile": 15.705902657921989
  },
  "recent_change": {
    "change_cfs": -1.0,
    "change_pct": -3.6101083032490973
  },
  "summary": "Below Normal conditions (avg: 2303 cfs, trend: stable)",
  "analysis_date": "2026-07-24 17:38:37",
  "sites_analyzed": [
    "01646500",
    "01491000"
  ]
}