{
  "mean_flow": 3113.094267955801,
  "median_flow": 3800.0,
  "std_flow": 1869.1803313494324,
  "min_flow": 12.2,
  "max_flow": 5290.0,
  "total_records": 2896,
  "percentile_25": 27.2,
  "percentile_75": 4490.0,
  "percentile_90": 4880.0,
  "trend": {
    "slope": -0.0017312527044097113,
    "direction": "decreasing",
    "r_squared": 0.030640243184100212,
    "p_value": 2.328951480971819e-21
  },
  "trend_slope": -0.0017312527044097113,
  "trend_direction": "decreasing",
  "anomalies": [],
  "anomaly_count": 0,
  "flow_status": {
    "status": "Normal",
    "latest_flow": 3120.0,
    "percentile": 28.79834254143646
  },
  "recent_change": {
    "change_cfs": 0.0,
    "change_pct": 0.0
  },
  "summary": "Normal conditions (avg: 3113 cfs, trend: decreasing)",
  "analysis_date": "2026-06-16 18:27:14",
  "sites_analyzed": [
    "01646500",
    "01491000"
  ]
}