{
  "mean_flow": 1839.6725555555556,
  "median_flow": 2350.0,
  "std_flow": 1063.1524888589654,
  "min_flow": 23.4,
  "max_flow": 2850.0,
  "total_records": 2700,
  "percentile_25": 56.6,
  "percentile_75": 2600.0,
  "percentile_90": 2700.0,
  "trend": {
    "slope": 0.00015714402811898664,
    "direction": "stable",
    "r_squared": 0.0006756995703422125,
    "p_value": 0.17691910421656273
  },
  "trend_slope": 0.00015714402811898664,
  "trend_direction": "stable",
  "anomalies": [],
  "anomaly_count": 0,
  "flow_status": {
    "status": "Low Flow",
    "latest_flow": 32.5,
    "percentile": 6.851851851851852
  },
  "recent_change": {
    "change_cfs": 0.0,
    "change_pct": 0.0
  },
  "summary": "Low Flow conditions (avg: 1840 cfs, trend: stable)",
  "analysis_date": "2025-12-08 06:46:47",
  "sites_analyzed": [
    "01646500",
    "01491000"
  ]
}