{
  "mean_flow": 15924.035549235692,
  "median_flow": 16800.0,
  "std_flow": 10901.130662162046,
  "min_flow": 148.0,
  "max_flow": 32800.0,
  "total_records": 2813,
  "percentile_25": 8510.0,
  "percentile_75": 25000.0,
  "percentile_90": 30700.0,
  "trend": {
    "slope": 0.01005980033072405,
    "direction": "increasing",
    "r_squared": 0.028439179796387336,
    "p_value": 2.160052297818722e-19
  },
  "trend_slope": 0.01005980033072405,
  "trend_direction": "increasing",
  "anomalies": [],
  "anomaly_count": 0,
  "flow_status": {
    "status": "Normal",
    "latest_flow": 14800.0,
    "percentile": 38.85531461073587
  },
  "recent_change": {
    "change_cfs": -200.0,
    "change_pct": -1.3333333333333335
  },
  "summary": "Normal conditions (avg: 15924 cfs, trend: increasing)",
  "analysis_date": "2026-02-26 13:25:58",
  "sites_analyzed": [
    "01646500",
    "01491000"
  ]
}