{
  "mean_flow": 1764.563101604278,
  "median_flow": 2260.0,
  "std_flow": 1035.0641475450557,
  "min_flow": 37.2,
  "max_flow": 2960.0,
  "total_records": 2805,
  "percentile_25": 45.7,
  "percentile_75": 2400.0,
  "percentile_90": 2650.0,
  "trend": {
    "slope": -0.0006742079890771317,
    "direction": "decreasing",
    "r_squared": 0.015388807273716118,
    "p_value": 4.321788203085106e-11
  },
  "trend_slope": -0.0006742079890771317,
  "trend_direction": "decreasing",
  "anomalies": [],
  "anomaly_count": 0,
  "flow_status": {
    "status": "Low Flow",
    "latest_flow": 38.1,
    "percentile": 3.2798573975044563
  },
  "recent_change": {
    "change_cfs": -1901.9,
    "change_pct": -98.0360824742268
  },
  "summary": "Low Flow conditions (avg: 1765 cfs, trend: decreasing)",
  "analysis_date": "2026-01-03 18:38:18",
  "sites_analyzed": [
    "01646500",
    "01491000"
  ]
}