{
  "mean_flow": 1865.4090573012938,
  "median_flow": 2300.0,
  "std_flow": 1085.7747056845972,
  "min_flow": 28.2,
  "max_flow": 3340.0,
  "total_records": 2705,
  "percentile_25": 207.0,
  "percentile_75": 2550.0,
  "percentile_90": 3010.0,
  "trend": {
    "slope": 0.001460333543565285,
    "direction": "increasing",
    "r_squared": 0.055860867049275606,
    "p_value": 1.1773426472362693e-35
  },
  "trend_slope": 0.001460333543565285,
  "trend_direction": "increasing",
  "anomalies": [],
  "anomaly_count": 0,
  "flow_status": {
    "status": "Low Flow",
    "latest_flow": 45.7,
    "percentile": 1.77449168207024
  },
  "recent_change": {
    "change_cfs": -3184.3,
    "change_pct": -98.58513931888545
  },
  "summary": "Low Flow conditions (avg: 1865 cfs, trend: increasing)",
  "analysis_date": "2025-12-26 06:43:09",
  "sites_analyzed": [
    "01646500",
    "01491000"
  ]
}