{
  "mean_flow": 1557.9333089311858,
  "median_flow": 1850.0,
  "std_flow": 939.5696662166339,
  "min_flow": 33.9,
  "max_flow": 3170.0,
  "total_records": 2732,
  "percentile_25": 268.25,
  "percentile_75": 1980.0,
  "percentile_90": 2700.0,
  "trend": {
    "slope": 0.0009746033357114829,
    "direction": "increasing",
    "r_squared": 0.0347964558236776,
    "p_value": 8.195169363853516e-23
  },
  "trend_slope": 0.0009746033357114829,
  "trend_direction": "increasing",
  "anomalies": [],
  "anomaly_count": 0,
  "flow_status": {
    "status": "Above Normal",
    "latest_flow": 2350.0,
    "percentile": 86.42020497803806
  },
  "recent_change": {
    "change_cfs": 2055.0,
    "change_pct": 696.6101694915254
  },
  "summary": "Above Normal conditions (avg: 1558 cfs, trend: increasing)",
  "analysis_date": "2026-01-12 13:04:16",
  "sites_analyzed": [
    "01646500",
    "01491000"
  ]
}