{
  "mean_flow": 1886.5578745644598,
  "median_flow": 2450.0,
  "std_flow": 1087.595326193386,
  "min_flow": 22.0,
  "max_flow": 3120.0,
  "total_records": 2870,
  "percentile_25": 524.925,
  "percentile_75": 2600.0,
  "percentile_90": 2750.0,
  "trend": {
    "slope": -0.0004738992670208264,
    "direction": "decreasing",
    "r_squared": 0.0066379477936482165,
    "p_value": 1.2418972937292195e-05
  },
  "trend_slope": -0.0004738992670208264,
  "trend_direction": "decreasing",
  "anomalies": [],
  "anomaly_count": 0,
  "flow_status": {
    "status": "Above Normal",
    "latest_flow": 2700.0,
    "percentile": 85.6794425087108
  },
  "recent_change": {
    "change_cfs": 0.0,
    "change_pct": 0.0
  },
  "summary": "Above Normal conditions (avg: 1887 cfs, trend: decreasing)",
  "analysis_date": "2026-05-21 16:39:05",
  "sites_analyzed": [
    "01646500",
    "01491000"
  ]
}