{
  "mean_flow": 2804.9338175046555,
  "median_flow": 3570.0,
  "std_flow": 1615.7907446519014,
  "min_flow": 37.2,
  "max_flow": 4230.0,
  "total_records": 2685,
  "percentile_25": 53.1,
  "percentile_75": 3860.0,
  "percentile_90": 4050.0,
  "trend": {
    "slope": 0.0006357392011160586,
    "direction": "increasing",
    "r_squared": 0.004851452419546406,
    "p_value": 0.0003039826175335869
  },
  "trend_slope": 0.0006357392011160586,
  "trend_direction": "increasing",
  "anomalies": [],
  "anomaly_count": 0,
  "flow_status": {
    "status": "Normal",
    "latest_flow": 3510.0,
    "percentile": 39.77653631284917
  },
  "recent_change": {
    "change_cfs": 0.0,
    "change_pct": 0.0
  },
  "summary": "Normal conditions (avg: 2805 cfs, trend: increasing)",
  "analysis_date": "2026-05-06 06:30:04",
  "sites_analyzed": [
    "01646500",
    "01491000"
  ]
}