{
  "mean_flow": 5476.139887640449,
  "median_flow": 7160.0,
  "std_flow": 3165.457894197908,
  "min_flow": 91.8,
  "max_flow": 8340.0,
  "total_records": 2848,
  "percentile_25": 153.0,
  "percentile_75": 7570.0,
  "percentile_90": 7990.0,
  "trend": {
    "slope": -0.0016298967706021568,
    "direction": "decreasing",
    "r_squared": 0.009363906052159128,
    "p_value": 2.2910427248922e-07
  },
  "trend_slope": -0.0016298967706021568,
  "trend_direction": "decreasing",
  "anomalies": [],
  "anomaly_count": 0,
  "flow_status": {
    "status": "Low Flow",
    "latest_flow": 91.8,
    "percentile": 0.7724719101123595
  },
  "recent_change": {
    "change_cfs": -2.4000000000000057,
    "change_pct": -2.5477707006369488
  },
  "summary": "Low Flow conditions (avg: 5476 cfs, trend: decreasing)",
  "analysis_date": "2026-04-12 16:41:55",
  "sites_analyzed": [
    "01646500",
    "01491000"
  ]
}