{
  "mean_flow": 1703.7477229238423,
  "median_flow": 2210.0,
  "std_flow": 993.656594577589,
  "min_flow": 37.2,
  "max_flow": 2750.0,
  "total_records": 2613,
  "percentile_25": 45.7,
  "percentile_75": 2350.0,
  "percentile_90": 2450.0,
  "trend": {
    "slope": -0.00041349083489848723,
    "direction": "decreasing",
    "r_squared": 0.005417831954973769,
    "p_value": 0.0001659765966266595
  },
  "trend_slope": -0.00041349083489848723,
  "trend_direction": "decreasing",
  "anomalies": [],
  "anomaly_count": 0,
  "flow_status": {
    "status": "Low Flow",
    "latest_flow": 38.1,
    "percentile": 5.281285878300804
  },
  "recent_change": {
    "change_cfs": -1941.9,
    "change_pct": -98.07575757575758
  },
  "summary": "Low Flow conditions (avg: 1704 cfs, trend: decreasing)",
  "analysis_date": "2026-01-04 06:42:17",
  "sites_analyzed": [
    "01646500",
    "01491000"
  ]
}