{
  "mean_flow": 1181.9252939080868,
  "median_flow": 1520.0,
  "std_flow": 687.8471350880222,
  "min_flow": 24.3,
  "max_flow": 1890.0,
  "total_records": 2807,
  "percentile_25": 40.8,
  "percentile_75": 1640.0,
  "percentile_90": 1680.0,
  "trend": {
    "slope": -0.00022971374009530352,
    "direction": "decreasing",
    "r_squared": 0.0038605696320710473,
    "p_value": 0.0009890671640876796
  },
  "trend_slope": -0.00022971374009530352,
  "trend_direction": "decreasing",
  "anomalies": [],
  "anomaly_count": 0,
  "flow_status": {
    "status": "Low Flow",
    "latest_flow": 24.3,
    "percentile": 0.14250089063056642
  },
  "recent_change": {
    "change_cfs": -1455.7,
    "change_pct": -98.35810810810811
  },
  "summary": "Low Flow conditions (avg: 1182 cfs, trend: decreasing)",
  "analysis_date": "2025-11-18 18:39:28",
  "sites_analyzed": [
    "01646500",
    "01491000"
  ]
}