{
  "mean_flow": 1982.105901173125,
  "median_flow": 2450.0,
  "std_flow": 1190.5696699470723,
  "min_flow": 17.7,
  "max_flow": 3230.0,
  "total_records": 2813,
  "percentile_25": 35.5,
  "percentile_75": 2960.0,
  "percentile_90": 3120.0,
  "trend": {
    "slope": -0.001232877316951259,
    "direction": "decreasing",
    "r_squared": 0.03596156743253683,
    "p_value": 3.468271952257767e-24
  },
  "trend_slope": -0.001232877316951259,
  "trend_direction": "decreasing",
  "anomalies": [],
  "anomaly_count": 0,
  "flow_status": {
    "status": "Low Flow",
    "latest_flow": 18.0,
    "percentile": 2.310700319943121
  },
  "recent_change": {
    "change_cfs": 0.0,
    "change_pct": 0.0
  },
  "summary": "Low Flow conditions (avg: 1982 cfs, trend: decreasing)",
  "analysis_date": "2025-11-08 12:49:17",
  "sites_analyzed": [
    "01646500",
    "01491000"
  ]
}