{
  "mean_flow": 1952.0367971163746,
  "median_flow": 2450.0,
  "std_flow": 1146.6641994974855,
  "min_flow": 5.24,
  "max_flow": 3450.0,
  "total_records": 2913,
  "percentile_25": 16.4,
  "percentile_75": 2700.0,
  "percentile_90": 2900.0,
  "trend": {
    "slope": -9.340055026841987e-05,
    "direction": "stable",
    "r_squared": 0.00023759853233755462,
    "p_value": 0.40561638031814584
  },
  "trend_slope": -9.340055026841987e-05,
  "trend_direction": "stable",
  "anomalies": [],
  "anomaly_count": 0,
  "flow_status": {
    "status": "Low Flow",
    "latest_flow": 8.56,
    "percentile": 9.509097150703742
  },
  "recent_change": {
    "change_cfs": -0.3899999999999988,
    "change_pct": -4.357541899441328
  },
  "summary": "Low Flow conditions (avg: 1952 cfs, trend: stable)",
  "analysis_date": "2026-06-30 18:55:31",
  "sites_analyzed": [
    "01646500",
    "01491000"
  ]
}