{
  "mean_flow": 1167.8959573686145,
  "median_flow": 1480.0,
  "std_flow": 670.5353776898361,
  "min_flow": 14.2,
  "max_flow": 1890.0,
  "total_records": 2721,
  "percentile_25": 19.5,
  "percentile_75": 1560.0,
  "percentile_90": 1640.0,
  "trend": {
    "slope": -8.184635642064213e-05,
    "direction": "stable",
    "r_squared": 0.0004655430541320449,
    "p_value": 0.2605422372880372
  },
  "trend_slope": -8.184635642064213e-05,
  "trend_direction": "stable",
  "anomalies": [],
  "anomaly_count": 0,
  "flow_status": {
    "status": "Low Flow",
    "latest_flow": 15.4,
    "percentile": 6.651966188901139
  },
  "recent_change": {
    "change_cfs": 0.0,
    "change_pct": 0.0
  },
  "summary": "Low Flow conditions (avg: 1168 cfs, trend: stable)",
  "analysis_date": "2025-10-26 06:35:55",
  "sites_analyzed": [
    "01646500",
    "01491000"
  ]
}