{
  "mean_flow": 15374.691595990747,
  "median_flow": 16400.0,
  "std_flow": 11424.629260665182,
  "min_flow": 148.0,
  "max_flow": 32800.0,
  "total_records": 2594,
  "percentile_25": 706.0,
  "percentile_75": 25900.0,
  "percentile_90": 30700.0,
  "trend": {
    "slope": 0.029963959422576392,
    "direction": "increasing",
    "r_squared": 0.1963112702514752,
    "p_value": 3.4818932786923427e-125
  },
  "trend_slope": 0.029963959422576392,
  "trend_direction": "increasing",
  "anomalies": [],
  "anomaly_count": 0,
  "flow_status": {
    "status": "Normal",
    "latest_flow": 19600.0,
    "percentile": 58.55821125674634
  },
  "recent_change": {
    "change_cfs": -200.0,
    "change_pct": -1.0101010101010102
  },
  "summary": "Normal conditions (avg: 15375 cfs, trend: increasing)",
  "analysis_date": "2026-02-25 07:12:39",
  "sites_analyzed": [
    "01646500",
    "01491000"
  ]
}