{
  "mean_flow": 1209.009372666169,
  "median_flow": 1560.0,
  "std_flow": 699.3409048264809,
  "min_flow": 19.1,
  "max_flow": 1940.0,
  "total_records": 2678,
  "percentile_25": 27.7,
  "percentile_75": 1680.0,
  "percentile_90": 1730.0,
  "trend": {
    "slope": 0.00043405036643186554,
    "direction": "increasing",
    "r_squared": 0.011755135925935618,
    "p_value": 1.8583651481875466e-08
  },
  "trend_slope": 0.00043405036643186554,
  "trend_direction": "increasing",
  "anomalies": [],
  "anomaly_count": 0,
  "flow_status": {
    "status": "Normal",
    "latest_flow": 27.7,
    "percentile": 25.280059746079164
  },
  "recent_change": {
    "change_cfs": -1862.3,
    "change_pct": -98.53439153439153
  },
  "summary": "Normal conditions (avg: 1209 cfs, trend: increasing)",
  "analysis_date": "2025-11-23 06:37:39",
  "sites_analyzed": [
    "01646500",
    "01491000"
  ]
}