{
  "mean_flow": 14562.966939210806,
  "median_flow": 13300.0,
  "std_flow": 10525.90435341777,
  "min_flow": 402.0,
  "max_flow": 32800.0,
  "total_records": 2813,
  "percentile_25": 9500.0,
  "percentile_75": 23100.0,
  "percentile_90": 30700.0,
  "trend": {
    "slope": -0.031039615026070045,
    "direction": "decreasing",
    "r_squared": 0.2903990887956854,
    "p_value": 1.1117449433903493e-211
  },
  "trend_slope": -0.031039615026070045,
  "trend_direction": "decreasing",
  "anomalies": [],
  "anomaly_count": 0,
  "flow_status": {
    "status": "Normal",
    "latest_flow": 9500.0,
    "percentile": 25.630998933522932
  },
  "recent_change": {
    "change_cfs": -90.0,
    "change_pct": -0.9384775808133473
  },
  "summary": "Normal conditions (avg: 14563 cfs, trend: decreasing)",
  "analysis_date": "2026-03-01 13:05:36",
  "sites_analyzed": [
    "01646500",
    "01491000"
  ]
}