{
  "mean_flow": 4170.889422744555,
  "median_flow": 4680.0,
  "std_flow": 2669.9114842298654,
  "min_flow": 12.2,
  "max_flow": 9130.0,
  "total_records": 2893,
  "percentile_25": 26.2,
  "percentile_75": 5710.0,
  "percentile_90": 7410.0,
  "trend": {
    "slope": -0.004656385327964548,
    "direction": "decreasing",
    "r_squared": 0.10778955361816825,
    "p_value": 1.13329767391932e-73
  },
  "trend_slope": -0.004656385327964548,
  "trend_direction": "decreasing",
  "anomalies": [],
  "anomaly_count": 0,
  "flow_status": {
    "status": "Low Flow",
    "latest_flow": 20.7,
    "percentile": 7.569996543380573
  },
  "recent_change": {
    "change_cfs": 1.1999999999999993,
    "change_pct": 6.15384615384615
  },
  "summary": "Low Flow conditions (avg: 4171 cfs, trend: decreasing)",
  "analysis_date": "2026-06-11 17:36:40",
  "sites_analyzed": [
    "01646500",
    "01491000"
  ]
}