{
  "mean_flow": 3424.576548792927,
  "median_flow": 3340.0,
  "std_flow": 2542.1430887786637,
  "min_flow": 3.12,
  "max_flow": 9040.0,
  "total_records": 2941,
  "percentile_25": 14.8,
  "percentile_75": 5220.0,
  "percentile_90": 6770.0,
  "trend": {
    "slope": 0.004642485503583791,
    "direction": "increasing",
    "r_squared": 0.12183042793281101,
    "p_value": 5.155897611175008e-85
  },
  "trend_slope": 0.004642485503583791,
  "trend_direction": "increasing",
  "anomalies": [],
  "anomaly_count": 0,
  "flow_status": {
    "status": "Low Flow",
    "latest_flow": 10.9,
    "percentile": 9.044542672560354
  },
  "recent_change": {
    "change_cfs": -0.29999999999999893,
    "change_pct": -2.678571428571419
  },
  "summary": "Low Flow conditions (avg: 3425 cfs, trend: increasing)",
  "analysis_date": "2026-07-13 20:57:36",
  "sites_analyzed": [
    "01646500",
    "01491000"
  ]
}