{
  "mean_flow": 22480.379985880692,
  "median_flow": 26200.0,
  "std_flow": 14160.721823908894,
  "min_flow": 29.8,
  "max_flow": 41900.0,
  "total_records": 2833,
  "percentile_25": 61.5,
  "percentile_75": 33300.0,
  "percentile_90": 38600.0,
  "trend": {
    "slope": -0.014696514364020618,
    "direction": "decreasing",
    "r_squared": 0.03648311292830245,
    "p_value": 1.106139932114746e-24
  },
  "trend_slope": -0.014696514364020618,
  "trend_direction": "decreasing",
  "anomalies": [],
  "anomaly_count": 0,
  "flow_status": {
    "status": "Low Flow",
    "latest_flow": 31.4,
    "percentile": 4.094599364631133
  },
  "recent_change": {
    "change_cfs": -0.6000000000000014,
    "change_pct": -1.8750000000000044
  },
  "summary": "Low Flow conditions (avg: 22480 cfs, trend: decreasing)",
  "analysis_date": "2026-06-01 13:37:21",
  "sites_analyzed": [
    "01646500",
    "01491000"
  ]
}