{
  "mean_flow": 6992.850941306756,
  "median_flow": 5620.0,
  "std_flow": 6789.385467393167,
  "min_flow": 62.7,
  "max_flow": 22800.0,
  "total_records": 1806,
  "percentile_25": 186.0,
  "percentile_75": 12800.0,
  "percentile_90": 16800.0,
  "trend": {
    "slope": 0.02557702388821598,
    "direction": "increasing",
    "r_squared": 0.4238425892689028,
    "p_value": 2.9373277452032135e-218
  },
  "trend_slope": 0.02557702388821598,
  "trend_direction": "increasing",
  "anomalies": [],
  "anomaly_count": 0,
  "flow_status": {
    "status": "Normal",
    "latest_flow": 706.0,
    "percentile": 40.19933554817276
  },
  "recent_change": {
    "change_cfs": -21094.0,
    "change_pct": -96.76146788990826
  },
  "summary": "Normal conditions (avg: 6993 cfs, trend: increasing)",
  "analysis_date": "2026-02-21 18:48:48",
  "sites_analyzed": [
    "01646500",
    "01491000"
  ]
}