{
  "mean_flow": 2582.659647911633,
  "median_flow": 3120.0,
  "std_flow": 1510.4029240095651,
  "min_flow": 33.9,
  "max_flow": 4170.0,
  "total_records": 2897,
  "percentile_25": 45.7,
  "percentile_75": 3690.0,
  "percentile_90": 3920.0,
  "trend": {
    "slope": -0.0015193362561725108,
    "direction": "decreasing",
    "r_squared": 0.035839046139308994,
    "p_value": 8.839246016638913e-25
  },
  "trend_slope": -0.0015193362561725108,
  "trend_direction": "decreasing",
  "anomalies": [],
  "anomaly_count": 0,
  "flow_status": {
    "status": "Below Normal",
    "latest_flow": 36.4,
    "percentile": 10.838798757335175
  },
  "recent_change": {
    "change_cfs": 0.8999999999999986,
    "change_pct": 2.5352112676056295
  },
  "summary": "Below Normal conditions (avg: 2583 cfs, trend: decreasing)",
  "analysis_date": "2026-05-11 17:55:30",
  "sites_analyzed": [
    "01646500",
    "01491000"
  ]
}