{
  "mean_flow": -749365.291799787,
  "median_flow": -999999.0,
  "std_flow": 433469.2996166382,
  "min_flow": -999999.0,
  "max_flow": 80.7,
  "total_records": 2817,
  "percentile_25": -999999.0,
  "percentile_75": 21.2,
  "percentile_90": 53.1,
  "trend": {
    "slope": 0.0042066635632779905,
    "direction": "stable",
    "r_squared": 3.154091683858478e-06,
    "p_value": 0.9249352543842939
  },
  "trend_slope": 0.0042066635632779905,
  "trend_direction": "stable",
  "anomalies": [],
  "anomaly_count": 0,
  "flow_status": {
    "status": "High Flow",
    "latest_flow": 60.2,
    "percentile": 99.04153354632588
  },
  "recent_change": {
    "change_cfs": 1.2000000000000028,
    "change_pct": 2.0338983050847506
  },
  "summary": "High Flow conditions (avg: -749365 cfs, trend: stable)",
  "analysis_date": "2026-02-12 13:38:21",
  "sites_analyzed": [
    "01646500",
    "01491000"
  ]
}