{
  "mean_flow": 6356.485259568018,
  "median_flow": 8340.0,
  "std_flow": 3658.6281292388603,
  "min_flow": 80.7,
  "max_flow": 9410.0,
  "total_records": 2639,
  "percentile_25": 139.0,
  "percentile_75": 8600.0,
  "percentile_90": 9040.0,
  "trend": {
    "slope": -0.00040534787306890625,
    "direction": "stable",
    "r_squared": 0.00036784394153625046,
    "p_value": 0.32468043078846553
  },
  "trend_slope": -0.00040534787306890625,
  "trend_direction": "stable",
  "anomalies": [],
  "anomaly_count": 0,
  "flow_status": {
    "status": "Normal",
    "latest_flow": 7820.0,
    "percentile": 32.43652898825313
  },
  "recent_change": {
    "change_cfs": 0.0,
    "change_pct": 0.0
  },
  "summary": "Normal conditions (avg: 6356 cfs, trend: stable)",
  "analysis_date": "2026-04-03 03:18:58",
  "sites_analyzed": [
    "01646500",
    "01491000"
  ]
}