{
  "mean_flow": 2793.574838954149,
  "median_flow": 3570.0,
  "std_flow": 1615.1194567215157,
  "min_flow": 35.5,
  "max_flow": 4230.0,
  "total_records": 2639,
  "percentile_25": 45.7,
  "percentile_75": 3860.0,
  "percentile_90": 4050.0,
  "trend": {
    "slope": -0.0006906706823831303,
    "direction": "decreasing",
    "r_squared": 0.005451018797524862,
    "p_value": 0.00014694728287656064
  },
  "trend_slope": -0.0006906706823831303,
  "trend_direction": "decreasing",
  "anomalies": [],
  "anomaly_count": 0,
  "flow_status": {
    "status": "Low Flow",
    "latest_flow": 37.2,
    "percentile": 5.41871921182266
  },
  "recent_change": {
    "change_cfs": -3192.8,
    "change_pct": -98.84829721362229
  },
  "summary": "Low Flow conditions (avg: 2794 cfs, trend: decreasing)",
  "analysis_date": "2026-05-09 02:48:38",
  "sites_analyzed": [
    "01646500",
    "01491000"
  ]
}