{
  "mean_flow": 5605.590414778669,
  "median_flow": 5430.0,
  "std_flow": 4102.0302227298525,
  "min_flow": 17.3,
  "max_flow": 14400.0,
  "total_records": 2869,
  "percentile_25": 33.9,
  "percentile_75": 8330.0,
  "percentile_90": 11700.0,
  "trend": {
    "slope": -0.011228473507273599,
    "direction": "decreasing",
    "r_squared": 0.26029997127216475,
    "p_value": 5.705264276836137e-190
  },
  "trend_slope": -0.011228473507273599,
  "trend_direction": "decreasing",
  "anomalies": [],
  "anomaly_count": 0,
  "flow_status": {
    "status": "Low Flow",
    "latest_flow": 17.3,
    "percentile": 0.03485535029627048
  },
  "recent_change": {
    "change_cfs": -4092.7,
    "change_pct": -99.57907542579075
  },
  "summary": "Low Flow conditions (avg: 5606 cfs, trend: decreasing)",
  "analysis_date": "2026-06-09 16:31:33",
  "sites_analyzed": [
    "01646500",
    "01491000"
  ]
}