{
  "mean_flow": 1164.176862341229,
  "median_flow": 1480.0,
  "std_flow": 668.0370996106601,
  "min_flow": 14.2,
  "max_flow": 1890.0,
  "total_records": 2913,
  "percentile_25": 19.9,
  "percentile_75": 1560.0,
  "percentile_90": 1640.0,
  "trend": {
    "slope": 1.2952685546963287e-05,
    "direction": "stable",
    "r_squared": 1.3462814805064678e-05,
    "p_value": 0.8430850052208074
  },
  "trend_slope": 1.2952685546963287e-05,
  "trend_direction": "stable",
  "anomalies": [],
  "anomaly_count": 0,
  "flow_status": {
    "status": "Low Flow",
    "latest_flow": 14.8,
    "percentile": 3.192584963954686
  },
  "recent_change": {
    "change_cfs": 0.0,
    "change_pct": 0.0
  },
  "summary": "Low Flow conditions (avg: 1164 cfs, trend: stable)",
  "analysis_date": "2025-10-25 18:33:43",
  "sites_analyzed": [
    "01646500",
    "01491000"
  ]
}