{
  "mean_flow": 7007.05827212312,
  "median_flow": 8690.0,
  "std_flow": 4118.521670526812,
  "min_flow": 91.8,
  "max_flow": 11600.0,
  "total_records": 2859,
  "percentile_25": 133.0,
  "percentile_75": 9680.0,
  "percentile_90": 10500.0,
  "trend": {
    "slope": -0.0034470858880239117,
    "direction": "decreasing",
    "r_squared": 0.025110484821124823,
    "p_value": 1.5527375250884713e-17
  },
  "trend_slope": -0.0034470858880239117,
  "trend_direction": "decreasing",
  "anomalies": [],
  "anomaly_count": 0,
  "flow_status": {
    "status": "Low Flow",
    "latest_flow": 91.8,
    "percentile": 0.5596362364463099
  },
  "recent_change": {
    "change_cfs": -8328.2,
    "change_pct": -98.90973871733968
  },
  "summary": "Low Flow conditions (avg: 7007 cfs, trend: decreasing)",
  "analysis_date": "2026-03-29 18:56:17",
  "sites_analyzed": [
    "01646500",
    "01491000"
  ]
}