{
  "mean_flow": 1758.8362082066872,
  "median_flow": 2120.0,
  "std_flow": 1014.1217601082759,
  "min_flow": 29.3,
  "max_flow": 2800.0,
  "total_records": 2632,
  "percentile_25": 1499.45,
  "percentile_75": 2500.0,
  "percentile_90": 2600.0,
  "trend": {
    "slope": -0.0009387557690274706,
    "direction": "decreasing",
    "r_squared": 0.025137929465390802,
    "p_value": 2.791580560030199e-16
  },
  "trend_slope": -0.0009387557690274706,
  "trend_direction": "decreasing",
  "anomalies": [],
  "anomaly_count": 0,
  "flow_status": {
    "status": "Normal",
    "latest_flow": 1980.0,
    "percentile": 25.60790273556231
  },
  "recent_change": {
    "change_cfs": -50.0,
    "change_pct": -2.4630541871921183
  },
  "summary": "Normal conditions (avg: 1759 cfs, trend: decreasing)",
  "analysis_date": "2025-12-11 02:12:37",
  "sites_analyzed": [
    "01646500",
    "01491000"
  ]
}