{
  "mean_flow": 2719.279951439473,
  "median_flow": 3400.0,
  "std_flow": 1567.0043702219384,
  "min_flow": 41.8,
  "max_flow": 4230.0,
  "total_records": 2883,
  "percentile_25": 56.0,
  "percentile_75": 3690.0,
  "percentile_90": 3980.0,
  "trend": {
    "slope": 0.0009373421568828589,
    "direction": "increasing",
    "r_squared": 0.012734577420341562,
    "p_value": 1.232333193496516e-09
  },
  "trend_slope": 0.0009373421568828589,
  "trend_direction": "increasing",
  "anomalies": [],
  "anomaly_count": 0,
  "flow_status": {
    "status": "Low Flow",
    "latest_flow": 43.7,
    "percentile": 6.486298994103365
  },
  "recent_change": {
    "change_cfs": -1.0,
    "change_pct": -2.2371364653243844
  },
  "summary": "Low Flow conditions (avg: 2719 cfs, trend: increasing)",
  "analysis_date": "2026-05-04 17:42:24",
  "sites_analyzed": [
    "01646500",
    "01491000"
  ]
}