{
  "mean_flow": 1309.229288415263,
  "median_flow": 1600.0,
  "std_flow": 833.3481640005765,
  "min_flow": 52.0,
  "max_flow": 2700.0,
  "total_records": 2909,
  "percentile_25": 526.0,
  "percentile_75": 1980.0,
  "percentile_90": 2160.0,
  "trend": {
    "slope": 0.0016181761240864241,
    "direction": "increasing",
    "r_squared": 0.1346550621612967,
    "p_value": 2.0379821784026076e-93
  },
  "trend_slope": 0.0016181761240864241,
  "trend_direction": "increasing",
  "anomalies": [],
  "anomaly_count": 0,
  "flow_status": {
    "status": "Above Normal",
    "latest_flow": 1980.0,
    "percentile": 78.51495359229976
  },
  "recent_change": {
    "change_cfs": 0.0,
    "change_pct": 0.0
  },
  "summary": "Above Normal conditions (avg: 1309 cfs, trend: increasing)",
  "analysis_date": "2026-02-03 19:06:35",
  "sites_analyzed": [
    "01646500",
    "01491000"
  ]
}