{
  "mean_flow": 1836.301312384473,
  "median_flow": 2070.0,
  "std_flow": 1239.7028470685614,
  "min_flow": 1.04,
  "max_flow": 5080.0,
  "total_records": 2705,
  "percentile_25": 13.9,
  "percentile_75": 2400.0,
  "percentile_90": 2500.0,
  "trend": {
    "slope": 0.001044272748270617,
    "direction": "increasing",
    "r_squared": 0.02216033545547318,
    "p_value": 7.130183404147678e-15
  },
  "trend_slope": 0.001044272748270617,
  "trend_direction": "increasing",
  "anomalies": [],
  "anomaly_count": 0,
  "flow_status": {
    "status": "High Flow",
    "latest_flow": 4170.0,
    "percentile": 94.30683918669132
  },
  "recent_change": {
    "change_cfs": -250.0,
    "change_pct": -5.656108597285068
  },
  "summary": "High Flow conditions (avg: 1836 cfs, trend: increasing)",
  "analysis_date": "2026-07-08 06:28:53",
  "sites_analyzed": [
    "01646500",
    "01491000"
  ]
}