{
  "mean_flow": 3308.135809390329,
  "median_flow": 4110.0,
  "std_flow": 1913.3027277767283,
  "min_flow": 55.4,
  "max_flow": 5150.0,
  "total_records": 2854,
  "percentile_25": 76.5,
  "percentile_75": 4610.0,
  "percentile_90": 4880.0,
  "trend": {
    "slope": -0.0014029306406151008,
    "direction": "decreasing",
    "r_squared": 0.01913899165419875,
    "p_value": 1.143258450863071e-13
  },
  "trend_slope": -0.0014029306406151008,
  "trend_direction": "decreasing",
  "anomalies": [],
  "anomaly_count": 0,
  "flow_status": {
    "status": "Normal",
    "latest_flow": 4050.0,
    "percentile": 46.53118430273301
  },
  "recent_change": {
    "change_cfs": 0.0,
    "change_pct": 0.0
  },
  "summary": "Normal conditions (avg: 3308 cfs, trend: decreasing)",
  "analysis_date": "2026-04-22 17:04:21",
  "sites_analyzed": [
    "01646500",
    "01491000"
  ]
}