{
  "mean_flow": 2610.4830576993754,
  "median_flow": 3400.0,
  "std_flow": 1485.1393748430403,
  "min_flow": 48.8,
  "max_flow": 3920.0,
  "total_records": 2721,
  "percentile_25": 56.6,
  "percentile_75": 3510.0,
  "percentile_90": 3690.0,
  "trend": {
    "slope": 4.887085984805684e-05,
    "direction": "stable",
    "r_squared": 3.383530364839606e-05,
    "p_value": 0.7616713705824183
  },
  "trend_slope": 4.887085984805684e-05,
  "trend_direction": "stable",
  "anomalies": [],
  "anomaly_count": 0,
  "flow_status": {
    "status": "Low Flow",
    "latest_flow": 48.8,
    "percentile": 0.3675119441381845
  },
  "recent_change": {
    "change_cfs": 0.0,
    "change_pct": 0.0
  },
  "summary": "Low Flow conditions (avg: 2610 cfs, trend: stable)",
  "analysis_date": "2026-05-01 06:38:10",
  "sites_analyzed": [
    "01646500",
    "01491000"
  ]
}