{
  "mean_flow": 5679.113564560439,
  "median_flow": 7410.0,
  "std_flow": 3239.636075114058,
  "min_flow": 99.1,
  "max_flow": 8340.0,
  "total_records": 2912,
  "percentile_25": 201.0,
  "percentile_75": 7660.0,
  "percentile_90": 7990.0,
  "trend": {
    "slope": -8.602466097816957e-05,
    "direction": "stable",
    "r_squared": 2.597673587432089e-05,
    "p_value": 0.7833786940827465
  },
  "trend_slope": -8.602466097816957e-05,
  "trend_direction": "stable",
  "anomalies": [],
  "anomaly_count": 0,
  "flow_status": {
    "status": "Low Flow",
    "latest_flow": 102.0,
    "percentile": 1.7857142857142856
  },
  "recent_change": {
    "change_cfs": -6668.0,
    "change_pct": -98.49335302806499
  },
  "summary": "Low Flow conditions (avg: 5679 cfs, trend: stable)",
  "analysis_date": "2026-04-10 20:39:56",
  "sites_analyzed": [
    "01646500",
    "01491000"
  ]
}