{
  "mean_flow": 22649.85191815857,
  "median_flow": 26900.0,
  "std_flow": 14539.274113077125,
  "min_flow": 32.0,
  "max_flow": 41900.0,
  "total_records": 2737,
  "percentile_25": 61.5,
  "percentile_75": 34200.0,
  "percentile_90": 38700.0,
  "trend": {
    "slope": 0.007252500578790801,
    "direction": "increasing",
    "r_squared": 0.007866583720955039,
    "p_value": 3.3651224572628434e-06
  },
  "trend_slope": 0.007252500578790801,
  "trend_direction": "increasing",
  "anomalies": [],
  "anomaly_count": 0,
  "flow_status": {
    "status": "Low Flow",
    "latest_flow": 32.0,
    "percentile": 0.36536353671903543
  },
  "recent_change": {
    "change_cfs": 0.0,
    "change_pct": 0.0
  },
  "summary": "Low Flow conditions (avg: 22650 cfs, trend: increasing)",
  "analysis_date": "2026-05-31 07:50:32",
  "sites_analyzed": [
    "01646500",
    "01491000"
  ]
}