{
  "mean_flow": 6775.285314945956,
  "median_flow": 8510.0,
  "std_flow": 3953.6606420824996,
  "min_flow": 85.0,
  "max_flow": 10500.0,
  "total_records": 2683,
  "percentile_25": 126.0,
  "percentile_75": 9410.0,
  "percentile_90": 9870.0,
  "trend": {
    "slope": -0.0024541396370685573,
    "direction": "decreasing",
    "r_squared": 0.011983246946566148,
    "p_value": 1.310900449587934e-08
  },
  "trend_slope": -0.0024541396370685573,
  "trend_direction": "decreasing",
  "anomalies": [],
  "anomaly_count": 0,
  "flow_status": {
    "status": "Low Flow",
    "latest_flow": 85.0,
    "percentile": 0.2609019754006709
  },
  "recent_change": {
    "change_cfs": -8605.0,
    "change_pct": -99.02186421173764
  },
  "summary": "Low Flow conditions (avg: 6775 cfs, trend: decreasing)",
  "analysis_date": "2026-03-30 07:56:07",
  "sites_analyzed": [
    "01646500",
    "01491000"
  ]
}