{
  "mean_flow": 1918.977284038393,
  "median_flow": 2120.0,
  "std_flow": 1172.3632629307858,
  "min_flow": 17.7,
  "max_flow": 3230.0,
  "total_records": 2813,
  "percentile_25": 32.5,
  "percentile_75": 2960.0,
  "percentile_90": 3120.0,
  "trend": {
    "slope": -0.0018301623152410281,
    "direction": "decreasing",
    "r_squared": 0.08172241943517201,
    "p_value": 4.780940090954547e-54
  },
  "trend_slope": -0.0018301623152410281,
  "trend_direction": "decreasing",
  "anomalies": [],
  "anomaly_count": 0,
  "flow_status": {
    "status": "Below Normal",
    "latest_flow": 19.9,
    "percentile": 14.18414504088162
  },
  "recent_change": {
    "change_cfs": 0.3999999999999986,
    "change_pct": 2.051282051282044
  },
  "summary": "Below Normal conditions (avg: 1919 cfs, trend: decreasing)",
  "analysis_date": "2025-11-09 12:49:24",
  "sites_analyzed": [
    "01646500",
    "01491000"
  ]
}