{
  "mean_flow": 4035.5567684021544,
  "median_flow": 4880.0,
  "std_flow": 2353.976558899283,
  "min_flow": 64.0,
  "max_flow": 6840.0,
  "total_records": 2785,
  "percentile_25": 102.0,
  "percentile_75": 5570.0,
  "percentile_90": 6150.0,
  "trend": {
    "slope": -0.0026021551933260094,
    "direction": "decreasing",
    "r_squared": 0.039999644112272845,
    "p_value": 1.605446792689026e-26
  },
  "trend_slope": -0.0026021551933260094,
  "trend_direction": "decreasing",
  "anomalies": [],
  "anomaly_count": 0,
  "flow_status": {
    "status": "Low Flow",
    "latest_flow": 65.7,
    "percentile": 2.118491921005386
  },
  "recent_change": {
    "change_cfs": -1.7000000000000028,
    "change_pct": -2.5222551928783425
  },
  "summary": "Low Flow conditions (avg: 4036 cfs, trend: decreasing)",
  "analysis_date": "2026-04-18 10:40:29",
  "sites_analyzed": [
    "01646500",
    "01491000"
  ]
}