{
  "mean_flow": 1876.217545787546,
  "median_flow": 2450.0,
  "std_flow": 1085.7672903416947,
  "min_flow": 22.0,
  "max_flow": 3120.0,
  "total_records": 2730,
  "percentile_25": 39.225,
  "percentile_75": 2550.0,
  "percentile_90": 2750.0,
  "trend": {
    "slope": -8.249681646778102e-05,
    "direction": "stable",
    "r_squared": 0.00018287495400438832,
    "p_value": 0.48001155379724103
  },
  "trend_slope": -8.249681646778102e-05,
  "trend_direction": "stable",
  "anomalies": [],
  "anomaly_count": 0,
  "flow_status": {
    "status": "Low Flow",
    "latest_flow": 25.2,
    "percentile": 9.523809523809524
  },
  "recent_change": {
    "change_cfs": -2824.8,
    "change_pct": -99.11578947368422
  },
  "summary": "Low Flow conditions (avg: 1876 cfs, trend: stable)",
  "analysis_date": "2026-05-22 07:47:08",
  "sites_analyzed": [
    "01646500",
    "01491000"
  ]
}