{
  "mean_flow": 1815.8116666666667,
  "median_flow": 1980.0,
  "std_flow": 1064.1769351624462,
  "min_flow": 33.9,
  "max_flow": 3170.0,
  "total_records": 2820,
  "percentile_25": 306.0,
  "percentile_75": 2700.0,
  "percentile_90": 2800.0,
  "trend": {
    "slope": 0.0012774366881097103,
    "direction": "increasing",
    "r_squared": 0.052423648134987996,
    "p_value": 7.30893505827955e-35
  },
  "trend_slope": 0.0012774366881097103,
  "trend_direction": "increasing",
  "anomalies": [],
  "anomaly_count": 0,
  "flow_status": {
    "status": "Below Normal",
    "latest_flow": 94.2,
    "percentile": 10.78014184397163
  },
  "recent_change": {
    "change_cfs": -2555.8,
    "change_pct": -96.44528301886794
  },
  "summary": "Below Normal conditions (avg: 1816 cfs, trend: increasing)",
  "analysis_date": "2026-01-15 18:49:21",
  "sites_analyzed": [
    "01646500",
    "01491000"
  ]
}