{
  "mean_flow": 2800.7,
  "median_flow": 3570.0,
  "std_flow": 1613.2728997908005,
  "min_flow": 37.2,
  "max_flow": 4230.0,
  "total_records": 2749,
  "percentile_25": 53.1,
  "percentile_75": 3860.0,
  "percentile_90": 4050.0,
  "trend": {
    "slope": 0.0005541405924507616,
    "direction": "increasing",
    "r_squared": 0.0038737020525535103,
    "p_value": 0.0010949022281508411
  },
  "trend_slope": 0.0005541405924507616,
  "trend_direction": "increasing",
  "anomalies": [],
  "anomaly_count": 0,
  "flow_status": {
    "status": "Normal",
    "latest_flow": 3510.0,
    "percentile": 41.178610403783196
  },
  "recent_change": {
    "change_cfs": 0.0,
    "change_pct": 0.0
  },
  "summary": "Normal conditions (avg: 2801 cfs, trend: increasing)",
  "analysis_date": "2026-05-06 10:20:56",
  "sites_analyzed": [
    "01646500",
    "01491000"
  ]
}