{
  "mean_flow": 1551.9657400972899,
  "median_flow": 1940.0,
  "std_flow": 890.5703339599687,
  "min_flow": 35.5,
  "max_flow": 2450.0,
  "total_records": 2878,
  "percentile_25": 42.025,
  "percentile_75": 2210.0,
  "percentile_90": 2260.0,
  "trend": {
    "slope": -0.0005370977174711532,
    "direction": "decreasing",
    "r_squared": 0.012832638447230146,
    "p_value": 1.0999766024917758e-09
  },
  "trend_slope": -0.0005370977174711532,
  "trend_direction": "decreasing",
  "anomalies": [],
  "anomaly_count": 0,
  "flow_status": {
    "status": "Normal",
    "latest_flow": 2030.0,
    "percentile": 64.62821403752605
  },
  "recent_change": {
    "change_cfs": 0.0,
    "change_pct": 0.0
  },
  "summary": "Normal conditions (avg: 1552 cfs, trend: decreasing)",
  "analysis_date": "2026-01-07 18:44:52",
  "sites_analyzed": [
    "01646500",
    "01491000"
  ]
}