{
  "mean_flow": 1497.8288229202622,
  "median_flow": 1940.0,
  "std_flow": 854.6698172432787,
  "min_flow": 34.7,
  "max_flow": 2350.0,
  "total_records": 2897,
  "percentile_25": 40.8,
  "percentile_75": 1980.0,
  "percentile_90": 2210.0,
  "trend": {
    "slope": -0.00033785694664897073,
    "direction": "decreasing",
    "r_squared": 0.0055348167439909475,
    "p_value": 6.120394777411906e-05
  },
  "trend_slope": -0.00033785694664897073,
  "trend_direction": "decreasing",
  "anomalies": [],
  "anomaly_count": 0,
  "flow_status": {
    "status": "Low Flow",
    "latest_flow": 34.7,
    "percentile": 0.44874007594062826
  },
  "recent_change": {
    "change_cfs": 0.0,
    "change_pct": 0.0
  },
  "summary": "Low Flow conditions (avg: 1498 cfs, trend: decreasing)",
  "analysis_date": "2026-01-09 18:43:11",
  "sites_analyzed": [
    "01646500",
    "01491000"
  ]
}