{
  "mean_flow": 1712.4336629897298,
  "median_flow": 2160.0,
  "std_flow": 991.7750379200204,
  "min_flow": 22.0,
  "max_flow": 2850.0,
  "total_records": 2629,
  "percentile_25": 52.0,
  "percentile_75": 2260.0,
  "percentile_90": 2600.0,
  "trend": {
    "slope": 0.0005995216119653389,
    "direction": "increasing",
    "r_squared": 0.010726043549027325,
    "p_value": 1.0260868072888153e-07
  },
  "trend_slope": 0.0005995216119653389,
  "trend_direction": "increasing",
  "anomalies": [],
  "anomaly_count": 0,
  "flow_status": {
    "status": "High Flow",
    "latest_flow": 2600.0,
    "percentile": 91.44161278052492
  },
  "recent_change": {
    "change_cfs": 50.0,
    "change_pct": 1.9607843137254901
  },
  "summary": "High Flow conditions (avg: 1712 cfs, trend: increasing)",
  "analysis_date": "2025-12-04 02:08:52",
  "sites_analyzed": [
    "01646500",
    "01491000"
  ]
}