{
  "mean_flow": -382962.30938809726,
  "median_flow": 60.2,
  "std_flow": 486421.0152236455,
  "min_flow": -999999.0,
  "max_flow": 1870.0,
  "total_records": 1193,
  "percentile_25": -999999.0,
  "percentile_75": 80.7,
  "percentile_90": 226.0,
  "trend": {
    "slope": -1.66098761626966,
    "direction": "decreasing",
    "r_squared": 0.41862831390804944,
    "p_value": 1.926452770830937e-142
  },
  "trend_slope": -1.66098761626966,
  "trend_direction": "decreasing",
  "anomalies": [],
  "anomaly_count": 0,
  "flow_status": {
    "status": "Normal",
    "latest_flow": -999999.0,
    "percentile": 38.30678960603521
  },
  "recent_change": {
    "change_cfs": 0.0,
    "change_pct": -0.0
  },
  "summary": "Normal conditions (avg: -382962 cfs, trend: decreasing)",
  "analysis_date": "2026-02-18 13:24:37",
  "sites_analyzed": [
    "01646500",
    "01491000"
  ]
}