{
  "mean_flow": -372149.6370683039,
  "median_flow": 64.0,
  "std_flow": 484432.78714170394,
  "min_flow": -999999.0,
  "max_flow": 7990.0,
  "total_records": 1303,
  "percentile_25": -999999.0,
  "percentile_75": 186.0,
  "percentile_90": 1783.9999999999964,
  "trend": {
    "slope": -1.2263411970747324,
    "direction": "decreasing",
    "r_squared": 0.17676726705377238,
    "p_value": 5.847219501841897e-57
  },
  "trend_slope": -1.2263411970747324,
  "trend_direction": "decreasing",
  "anomalies": [],
  "anomaly_count": 0,
  "flow_status": {
    "status": "Normal",
    "latest_flow": 177.0,
    "percentile": 73.75287797390638
  },
  "recent_change": {
    "change_cfs": -3.0,
    "change_pct": -1.6666666666666667
  },
  "summary": "Normal conditions (avg: -372150 cfs, trend: decreasing)",
  "analysis_date": "2026-02-19 02:52:25",
  "sites_analyzed": [
    "01646500",
    "01491000"
  ]
}