{
  "mean_flow": 1363.2459095616155,
  "median_flow": 1690.0,
  "std_flow": 790.9202457099608,
  "min_flow": 22.0,
  "max_flow": 2260.0,
  "total_records": 2897,
  "percentile_25": 28.2,
  "percentile_75": 1850.0,
  "percentile_90": 2070.0,
  "trend": {
    "slope": 0.0006918589358964805,
    "direction": "increasing",
    "r_squared": 0.027102165842269894,
    "p_value": 4.749818171472308e-19
  },
  "trend_slope": 0.0006918589358964805,
  "trend_direction": "increasing",
  "anomalies": [],
  "anomaly_count": 0,
  "flow_status": {
    "status": "Below Normal",
    "latest_flow": 25.2,
    "percentile": 15.326199516741458
  },
  "recent_change": {
    "change_cfs": 0.0,
    "change_pct": 0.0
  },
  "summary": "Below Normal conditions (avg: 1363 cfs, trend: increasing)",
  "analysis_date": "2025-11-27 18:36:58",
  "sites_analyzed": [
    "01646500",
    "01491000"
  ]
}