{
  "mean_flow": 1572.9676155268023,
  "median_flow": 2030.0,
  "std_flow": 907.9948576451465,
  "min_flow": 22.0,
  "max_flow": 2400.0,
  "total_records": 2705,
  "percentile_25": 27.2,
  "percentile_75": 2210.0,
  "percentile_90": 2260.0,
  "trend": {
    "slope": 0.0006277505318778899,
    "direction": "increasing",
    "r_squared": 0.014760137096737255,
    "p_value": 2.3082669711683504e-10
  },
  "trend_slope": 0.0006277505318778899,
  "trend_direction": "increasing",
  "anomalies": [],
  "anomaly_count": 0,
  "flow_status": {
    "status": "Low Flow",
    "latest_flow": 23.4,
    "percentile": 8.576709796672828
  },
  "recent_change": {
    "change_cfs": -2186.6,
    "change_pct": -98.94117647058823
  },
  "summary": "Low Flow conditions (avg: 1573 cfs, trend: increasing)",
  "analysis_date": "2025-12-01 06:45:17",
  "sites_analyzed": [
    "01646500",
    "01491000"
  ]
}