{
  "mean_flow": 1296.4155457552372,
  "median_flow": 1450.0,
  "std_flow": 848.8435792500147,
  "min_flow": 14.2,
  "max_flow": 2800.0,
  "total_records": 2721,
  "percentile_25": 41.8,
  "percentile_75": 1520.0,
  "percentile_90": 2550.0,
  "trend": {
    "slope": 0.0015174406964220566,
    "direction": "increasing",
    "r_squared": 0.0998556542710986,
    "p_value": 3.723579762977385e-64
  },
  "trend_slope": 0.0015174406964220566,
  "trend_direction": "increasing",
  "anomalies": [],
  "anomaly_count": 0,
  "flow_status": {
    "status": "Below Normal",
    "latest_flow": 34.7,
    "percentile": 21.13193678794561
  },
  "recent_change": {
    "change_cfs": 0.0,
    "change_pct": 0.0
  },
  "summary": "Below Normal conditions (avg: 1296 cfs, trend: increasing)",
  "analysis_date": "2025-11-01 06:35:26",
  "sites_analyzed": [
    "01646500",
    "01491000"
  ]
}