{
  "mean_flow": 6762.179760609359,
  "median_flow": 8600.0,
  "std_flow": 3963.371990635967,
  "min_flow": 82.8,
  "max_flow": 10500.0,
  "total_records": 2757,
  "percentile_25": 126.0,
  "percentile_75": 9410.0,
  "percentile_90": 9870.0,
  "trend": {
    "slope": -0.002291701983413078,
    "direction": "decreasing",
    "r_squared": 0.011169804978694789,
    "p_value": 2.660809922640777e-08
  },
  "trend_slope": -0.002291701983413078,
  "trend_direction": "decreasing",
  "anomalies": [],
  "anomaly_count": 0,
  "flow_status": {
    "status": "Low Flow",
    "latest_flow": 82.8,
    "percentile": 0.29017047515415306
  },
  "recent_change": {
    "change_cfs": -8957.2,
    "change_pct": -99.08407079646018
  },
  "summary": "Low Flow conditions (avg: 6762 cfs, trend: decreasing)",
  "analysis_date": "2026-03-30 13:52:53",
  "sites_analyzed": [
    "01646500",
    "01491000"
  ]
}