{
  "mean_flow": 5499.129184549356,
  "median_flow": 7160.0,
  "std_flow": 3167.8549253713995,
  "min_flow": 91.8,
  "max_flow": 8340.0,
  "total_records": 2796,
  "percentile_25": 155.0,
  "percentile_75": 7570.0,
  "percentile_90": 7990.0,
  "trend": {
    "slope": -0.0015029767373596428,
    "direction": "decreasing",
    "r_squared": 0.007668166505772927,
    "p_value": 3.5316905531765593e-06
  },
  "trend_slope": -0.0015029767373596428,
  "trend_direction": "decreasing",
  "anomalies": [],
  "anomaly_count": 0,
  "flow_status": {
    "status": "Normal",
    "latest_flow": 6150.0,
    "percentile": 31.04434907010014
  },
  "recent_change": {
    "change_cfs": 0.0,
    "change_pct": 0.0
  },
  "summary": "Normal conditions (avg: 5499 cfs, trend: decreasing)",
  "analysis_date": "2026-04-12 13:05:10",
  "sites_analyzed": [
    "01646500",
    "01491000"
  ]
}