{
  "mean_flow": 2046.2743359521137,
  "median_flow": 2650.0,
  "std_flow": 1170.0142439539707,
  "min_flow": 32.5,
  "max_flow": 3010.0,
  "total_records": 2673,
  "percentile_25": 39.9,
  "percentile_75": 2800.0,
  "percentile_90": 2900.0,
  "trend": {
    "slope": -0.0005111075718497823,
    "direction": "decreasing",
    "r_squared": 0.005754276443007897,
    "p_value": 8.647517518674983e-05
  },
  "trend_slope": -0.0005111075718497823,
  "trend_direction": "decreasing",
  "anomalies": [],
  "anomaly_count": 0,
  "flow_status": {
    "status": "Low Flow",
    "latest_flow": 32.5,
    "percentile": 1.0475121586232696
  },
  "recent_change": {
    "change_cfs": -0.6000000000000014,
    "change_pct": -1.8126888217522703
  },
  "summary": "Low Flow conditions (avg: 2046 cfs, trend: decreasing)",
  "analysis_date": "2026-05-17 03:35:25",
  "sites_analyzed": [
    "01646500",
    "01491000"
  ]
}