{
  "mean_flow": 2607.8472502805835,
  "median_flow": 3400.0,
  "std_flow": 1483.5554117344202,
  "min_flow": 49.8,
  "max_flow": 3920.0,
  "total_records": 2673,
  "percentile_25": 56.6,
  "percentile_75": 3450.0,
  "percentile_90": 3690.0,
  "trend": {
    "slope": 2.5543556068269124e-05,
    "direction": "stable",
    "r_squared": 8.939301015149705e-06,
    "p_value": 0.8772097436969738
  },
  "trend_slope": 2.5543556068269124e-05,
  "trend_direction": "stable",
  "anomalies": [],
  "anomaly_count": 0,
  "flow_status": {
    "status": "Below Normal",
    "latest_flow": 50.9,
    "percentile": 13.243546576879911
  },
  "recent_change": {
    "change_cfs": 1.1000000000000014,
    "change_pct": 2.208835341365465
  },
  "summary": "Below Normal conditions (avg: 2608 cfs, trend: stable)",
  "analysis_date": "2026-05-01 03:33:18",
  "sites_analyzed": [
    "01646500",
    "01491000"
  ]
}