{
  "mean_flow": 1777.049796069707,
  "median_flow": 2210.0,
  "std_flow": 1033.362785093702,
  "min_flow": 22.0,
  "max_flow": 2850.0,
  "total_records": 2697,
  "percentile_25": 56.6,
  "percentile_75": 2550.0,
  "percentile_90": 2700.0,
  "trend": {
    "slope": 0.0007382814589419803,
    "direction": "increasing",
    "r_squared": 0.015706746482523733,
    "p_value": 6.520622072774786e-11
  },
  "trend_slope": 0.0007382814589419803,
  "trend_direction": "increasing",
  "anomalies": [],
  "anomaly_count": 0,
  "flow_status": {
    "status": "Below Normal",
    "latest_flow": 47.7,
    "percentile": 19.688542825361512
  },
  "recent_change": {
    "change_cfs": -1.0999999999999943,
    "change_pct": -2.2540983606557266
  },
  "summary": "Below Normal conditions (avg: 1777 cfs, trend: increasing)",
  "analysis_date": "2025-12-05 06:42:35",
  "sites_analyzed": [
    "01646500",
    "01491000"
  ]
}