{
  "mean_flow": 2380.06,
  "median_flow": 2800.0,
  "std_flow": 1370.983573006133,
  "min_flow": 69.1,
  "max_flow": 3920.0,
  "total_records": 2705,
  "percentile_25": 228.0,
  "percentile_75": 3230.0,
  "percentile_90": 3740.0,
  "trend": {
    "slope": 0.0006815755590928827,
    "direction": "increasing",
    "r_squared": 0.0076321431101776215,
    "p_value": 5.35764212210869e-06
  },
  "trend_slope": 0.0006815755590928827,
  "trend_direction": "increasing",
  "anomalies": [],
  "anomaly_count": 0,
  "flow_status": {
    "status": "Low Flow",
    "latest_flow": 69.1,
    "percentile": 0.2587800369685767
  },
  "recent_change": {
    "change_cfs": -2890.9,
    "change_pct": -97.66554054054055
  },
  "summary": "Low Flow conditions (avg: 2380 cfs, trend: increasing)",
  "analysis_date": "2026-01-20 06:49:52",
  "sites_analyzed": [
    "01646500",
    "01491000"
  ]
}