{
  "mean_flow": 4203.072948669914,
  "median_flow": 4610.0,
  "std_flow": 2704.503161853642,
  "min_flow": 12.2,
  "max_flow": 9130.0,
  "total_records": 2669,
  "percentile_25": 26.2,
  "percentile_75": 5850.0,
  "percentile_90": 7490.0,
  "trend": {
    "slope": -0.005583430728686448,
    "direction": "decreasing",
    "r_squared": 0.12852644616274445,
    "p_value": 9.168268966530035e-82
  },
  "trend_slope": -0.005583430728686448,
  "trend_direction": "decreasing",
  "anomalies": [],
  "anomaly_count": 0,
  "flow_status": {
    "status": "Low Flow",
    "latest_flow": 16.7,
    "percentile": 5.095541401273886
  },
  "recent_change": {
    "change_cfs": 1.0,
    "change_pct": 6.369426751592357
  },
  "summary": "Low Flow conditions (avg: 4203 cfs, trend: decreasing)",
  "analysis_date": "2026-06-11 03:57:42",
  "sites_analyzed": [
    "01646500",
    "01491000"
  ]
}