{
  "mean_flow": 2656.540839303992,
  "median_flow": 3400.0,
  "std_flow": 1522.5909419379566,
  "min_flow": 41.8,
  "max_flow": 4230.0,
  "total_records": 2931,
  "percentile_25": 56.6,
  "percentile_75": 3570.0,
  "percentile_90": 3800.0,
  "trend": {
    "slope": 0.0006174358568852012,
    "direction": "increasing",
    "r_squared": 0.006043556198301494,
    "p_value": 2.516192431514278e-05
  },
  "trend_slope": 0.0006174358568852012,
  "trend_direction": "increasing",
  "anomalies": [],
  "anomaly_count": 0,
  "flow_status": {
    "status": "Low Flow",
    "latest_flow": 43.7,
    "percentile": 4.1965199590583415
  },
  "recent_change": {
    "change_cfs": 0.0,
    "change_pct": 0.0
  },
  "summary": "Low Flow conditions (avg: 2657 cfs, trend: increasing)",
  "analysis_date": "2026-05-03 20:45:33",
  "sites_analyzed": [
    "01646500",
    "01491000"
  ]
}