{
  "mean_flow": 20393.33148335015,
  "median_flow": 25800.0,
  "std_flow": 15059.759266938736,
  "min_flow": 27.2,
  "max_flow": 41900.0,
  "total_records": 2973,
  "percentile_25": 3690.0,
  "percentile_75": 33400.0,
  "percentile_90": 38600.0,
  "trend": {
    "slope": 0.025643207501589493,
    "direction": "increasing",
    "r_squared": 0.10815129343875232,
    "p_value": 6.379665975237635e-76
  },
  "trend_slope": 0.025643207501589493,
  "trend_direction": "increasing",
  "anomalies": [],
  "anomaly_count": 0,
  "flow_status": {
    "status": "Normal",
    "latest_flow": 29600.0,
    "percentile": 65.62394887319206
  },
  "recent_change": {
    "change_cfs": -700.0,
    "change_pct": -2.31023102310231
  },
  "summary": "Normal conditions (avg: 20393 cfs, trend: increasing)",
  "analysis_date": "2026-05-30 22:01:25",
  "sites_analyzed": [
    "01646500",
    "01491000"
  ]
}