{
  "mean_flow": 6183.059427926232,
  "median_flow": 7820.0,
  "std_flow": 3550.7007846972506,
  "min_flow": 80.7,
  "max_flow": 9410.0,
  "total_records": 2657,
  "percentile_25": 203.0,
  "percentile_75": 8510.0,
  "percentile_90": 9040.0,
  "trend": {
    "slope": -0.0022279377693047073,
    "direction": "decreasing",
    "r_squared": 0.011730393218573281,
    "p_value": 2.185425646880416e-08
  },
  "trend_slope": -0.0022279377693047073,
  "trend_direction": "decreasing",
  "anomalies": [],
  "anomaly_count": 0,
  "flow_status": {
    "status": "Below Normal",
    "latest_flow": 143.0,
    "percentile": 17.95257809559654
  },
  "recent_change": {
    "change_cfs": -2.0,
    "change_pct": -1.3793103448275863
  },
  "summary": "Below Normal conditions (avg: 6183 cfs, trend: decreasing)",
  "analysis_date": "2026-04-05 02:38:14",
  "sites_analyzed": [
    "01646500",
    "01491000"
  ]
}