{
  "mean_flow": 1893.1870869858396,
  "median_flow": 2450.0,
  "std_flow": 1091.8048777263853,
  "min_flow": 22.0,
  "max_flow": 3120.0,
  "total_records": 2966,
  "percentile_25": 524.925,
  "percentile_75": 2600.0,
  "percentile_90": 2750.0,
  "trend": {
    "slope": -0.00037097991670242346,
    "direction": "decreasing",
    "r_squared": 0.004311449918467851,
    "p_value": 0.00034576704860731557
  },
  "trend_slope": -0.00037097991670242346,
  "trend_direction": "decreasing",
  "anomalies": [],
  "anomaly_count": 0,
  "flow_status": {
    "status": "High Flow",
    "latest_flow": 2800.0,
    "percentile": 97.6062036412677
  },
  "recent_change": {
    "change_cfs": 2776.2,
    "change_pct": 11664.70588235294
  },
  "summary": "High Flow conditions (avg: 1893 cfs, trend: decreasing)",
  "analysis_date": "2026-05-21 22:18:58",
  "sites_analyzed": [
    "01646500",
    "01491000"
  ]
}