{
  "mean_flow": 1839.8523333333333,
  "median_flow": 2350.0,
  "std_flow": 1062.439529871375,
  "min_flow": 23.4,
  "max_flow": 2850.0,
  "total_records": 2700,
  "percentile_25": 56.6,
  "percentile_75": 2600.0,
  "percentile_90": 2700.0,
  "trend": {
    "slope": -0.0005283681078847547,
    "direction": "decreasing",
    "r_squared": 0.007650982212539361,
    "p_value": 5.321662483093862e-06
  },
  "trend_slope": -0.0005283681078847547,
  "trend_direction": "decreasing",
  "anomalies": [],
  "anomaly_count": 0,
  "flow_status": {
    "status": "Low Flow",
    "latest_flow": 30.9,
    "percentile": 3.111111111111111
  },
  "recent_change": {
    "change_cfs": -0.5,
    "change_pct": -1.5923566878980893
  },
  "summary": "Low Flow conditions (avg: 1840 cfs, trend: decreasing)",
  "analysis_date": "2025-12-09 06:42:59",
  "sites_analyzed": [
    "01646500",
    "01491000"
  ]
}