{
  "mean_flow": 1796.3210018903592,
  "median_flow": 2070.0,
  "std_flow": 1194.1240384561931,
  "min_flow": 1.04,
  "max_flow": 5080.0,
  "total_records": 2645,
  "percentile_25": 13.9,
  "percentile_75": 2400.0,
  "percentile_90": 2450.0,
  "trend": {
    "slope": 0.0007078491423258597,
    "direction": "increasing",
    "r_squared": 0.010493991550993505,
    "p_value": 1.2928374356898141e-07
  },
  "trend_slope": 0.0007078491423258597,
  "trend_direction": "increasing",
  "anomalies": [],
  "anomaly_count": 0,
  "flow_status": {
    "status": "Below Normal",
    "latest_flow": 12.2,
    "percentile": 21.814744801512287
  },
  "recent_change": {
    "change_cfs": -4997.8,
    "change_pct": -99.7564870259481
  },
  "summary": "Below Normal conditions (avg: 1796 cfs, trend: increasing)",
  "analysis_date": "2026-07-08 02:46:55",
  "sites_analyzed": [
    "01646500",
    "01491000"
  ]
}