{
  "mean_flow": 3332.1245225362873,
  "median_flow": 4170.0,
  "std_flow": 1932.2694911817152,
  "min_flow": 56.6,
  "max_flow": 5150.0,
  "total_records": 2618,
  "percentile_25": 76.5,
  "percentile_75": 4680.0,
  "percentile_90": 4880.0,
  "trend": {
    "slope": -0.0015576603209351179,
    "direction": "decreasing",
    "r_squared": 0.01943774359103806,
    "p_value": 7.767529954530351e-13
  },
  "trend_slope": -0.0015576603209351179,
  "trend_direction": "decreasing",
  "anomalies": [],
  "anomaly_count": 0,
  "flow_status": {
    "status": "Low Flow",
    "latest_flow": 56.6,
    "percentile": 0.53475935828877
  },
  "recent_change": {
    "change_cfs": -3993.4,
    "change_pct": -98.60246913580248
  },
  "summary": "Low Flow conditions (avg: 3332 cfs, trend: decreasing)",
  "analysis_date": "2026-04-22 02:42:24",
  "sites_analyzed": [
    "01646500",
    "01491000"
  ]
}