{
  "mean_flow": 2736.3241054141267,
  "median_flow": 2070.0,
  "std_flow": 2382.235475595945,
  "min_flow": 1.04,
  "max_flow": 9040.0,
  "total_records": 2789,
  "percentile_25": 14.5,
  "percentile_75": 3690.0,
  "percentile_90": 6840.0,
  "trend": {
    "slope": 0.006904755522424554,
    "direction": "increasing",
    "r_squared": 0.27724532747831687,
    "p_value": 9.147992952945734e-199
  },
  "trend_slope": 0.006904755522424554,
  "trend_direction": "increasing",
  "anomalies": [],
  "anomaly_count": 0,
  "flow_status": {
    "status": "Above Normal",
    "latest_flow": 6450.0,
    "percentile": 88.66977411258516
  },
  "recent_change": {
    "change_cfs": -390.0,
    "change_pct": -5.701754385964912
  },
  "summary": "Above Normal conditions (avg: 2736 cfs, trend: increasing)",
  "analysis_date": "2026-07-11 11:05:20",
  "sites_analyzed": [
    "01646500",
    "01491000"
  ]
}