{
  "mean_flow": 1170.9237762237763,
  "median_flow": 1480.0,
  "std_flow": 671.6119861023247,
  "min_flow": 16.7,
  "max_flow": 1890.0,
  "total_records": 2717,
  "percentile_25": 26.2,
  "percentile_75": 1560.0,
  "percentile_90": 1680.0,
  "trend": {
    "slope": -2.4169635352108197e-05,
    "direction": "stable",
    "r_squared": 4.0517406874882004e-05,
    "p_value": 0.7401592427617011
  },
  "trend_slope": -2.4169635352108197e-05,
  "trend_direction": "stable",
  "anomalies": [],
  "anomaly_count": 0,
  "flow_status": {
    "status": "Low Flow",
    "latest_flow": 16.7,
    "percentile": 0.44166359955833645
  },
  "recent_change": {
    "change_cfs": -0.3000000000000007,
    "change_pct": -1.7647058823529453
  },
  "summary": "Low Flow conditions (avg: 1171 cfs, trend: stable)",
  "analysis_date": "2025-10-22 06:39:09",
  "sites_analyzed": [
    "01646500",
    "01491000"
  ]
}