{
  "mean_flow": 4897.806342877854,
  "median_flow": 5780.0,
  "std_flow": 2896.246072020654,
  "min_flow": 76.5,
  "max_flow": 8250.0,
  "total_records": 2759,
  "percentile_25": 2612.5,
  "percentile_75": 7000.0,
  "percentile_90": 7910.0,
  "trend": {
    "slope": -0.003976436331459068,
    "direction": "decreasing",
    "r_squared": 0.060853637116105135,
    "p_value": 1.584785606322585e-39
  },
  "trend_slope": -0.003976436331459068,
  "trend_direction": "decreasing",
  "anomalies": [],
  "anomaly_count": 0,
  "flow_status": {
    "status": "Normal",
    "latest_flow": 5080.0,
    "percentile": 26.531351939108372
  },
  "recent_change": {
    "change_cfs": 0.0,
    "change_pct": 0.0
  },
  "summary": "Normal conditions (avg: 4898 cfs, trend: decreasing)",
  "analysis_date": "2026-04-15 09:22:12",
  "sites_analyzed": [
    "01646500",
    "01491000"
  ]
}