{
  "mean_flow": 8680.112672079067,
  "median_flow": 7570.0,
  "std_flow": 7046.068261368268,
  "min_flow": 21.2,
  "max_flow": 26700.0,
  "total_records": 2833,
  "percentile_25": 37.2,
  "percentile_75": 13200.0,
  "percentile_90": 19100.0,
  "trend": {
    "slope": -0.02218955716118626,
    "direction": "decreasing",
    "r_squared": 0.3359213146008436,
    "p_value": 5.811268434741108e-254
  },
  "trend_slope": -0.02218955716118626,
  "trend_direction": "decreasing",
  "anomalies": [],
  "anomaly_count": 0,
  "flow_status": {
    "status": "Low Flow",
    "latest_flow": 21.2,
    "percentile": 0.8824567596187787
  },
  "recent_change": {
    "change_cfs": 0.0,
    "change_pct": 0.0
  },
  "summary": "Low Flow conditions (avg: 8680 cfs, trend: decreasing)",
  "analysis_date": "2026-06-07 13:55:35",
  "sites_analyzed": [
    "01646500",
    "01491000"
  ]
}