{
  "mean_flow": 2609.528705964423,
  "median_flow": 3400.0,
  "std_flow": 1489.114894461476,
  "min_flow": 47.7,
  "max_flow": 3860.0,
  "total_records": 2867,
  "percentile_25": 56.6,
  "percentile_75": 3510.0,
  "percentile_90": 3690.0,
  "trend": {
    "slope": 4.000268992129658e-05,
    "direction": "stable",
    "r_squared": 2.5176230601049307e-05,
    "p_value": 0.7882772557106166
  },
  "trend_slope": 4.000268992129658e-05,
  "trend_direction": "stable",
  "anomalies": [],
  "anomaly_count": 0,
  "flow_status": {
    "status": "Low Flow",
    "latest_flow": 47.7,
    "percentile": 1.2556679455877224
  },
  "recent_change": {
    "change_cfs": 0.0,
    "change_pct": 0.0
  },
  "summary": "Low Flow conditions (avg: 2610 cfs, trend: stable)",
  "analysis_date": "2026-05-01 16:58:58",
  "sites_analyzed": [
    "01646500",
    "01491000"
  ]
}