{
  "mean_flow": 5637.93219126506,
  "median_flow": 7330.0,
  "std_flow": 3228.207805590347,
  "min_flow": 99.1,
  "max_flow": 8340.0,
  "total_records": 2656,
  "percentile_25": 186.0,
  "percentile_75": 7660.0,
  "percentile_90": 7990.0,
  "trend": {
    "slope": -0.0002747630711828004,
    "direction": "stable",
    "r_squared": 0.0002231573458959556,
    "p_value": 0.44156421072995167
  },
  "trend_slope": -0.0002747630711828004,
  "trend_direction": "stable",
  "anomalies": [],
  "anomaly_count": 0,
  "flow_status": {
    "status": "Low Flow",
    "latest_flow": 99.1,
    "percentile": 0.7153614457831325
  },
  "recent_change": {
    "change_cfs": -6590.9,
    "change_pct": -98.5186846038864
  },
  "summary": "Low Flow conditions (avg: 5638 cfs, trend: stable)",
  "analysis_date": "2026-04-11 04:55:32",
  "sites_analyzed": [
    "01646500",
    "01491000"
  ]
}