{
  "mean_flow": 5176.7793103448275,
  "median_flow": 6230.0,
  "std_flow": 3048.702615608305,
  "min_flow": 78.6,
  "max_flow": 8340.0,
  "total_records": 2668,
  "percentile_25": 155.0,
  "percentile_75": 7570.0,
  "percentile_90": 7990.0,
  "trend": {
    "slope": -0.003567727695996974,
    "direction": "decreasing",
    "r_squared": 0.04177162772672086,
    "p_value": 1.4896451118799504e-26
  },
  "trend_slope": -0.003567727695996974,
  "trend_direction": "decreasing",
  "anomalies": [],
  "anomaly_count": 0,
  "flow_status": {
    "status": "Normal",
    "latest_flow": 5430.0,
    "percentile": 27.023988005997
  },
  "recent_change": {
    "change_cfs": 0.0,
    "change_pct": 0.0
  },
  "summary": "Normal conditions (avg: 5177 cfs, trend: decreasing)",
  "analysis_date": "2026-04-14 05:24:04",
  "sites_analyzed": [
    "01646500",
    "01491000"
  ]
}