{
  "mean_flow": 2018.2564066360749,
  "median_flow": 2500.0,
  "std_flow": 1186.6305685795842,
  "min_flow": 41.8,
  "max_flow": 3340.0,
  "total_records": 2833,
  "percentile_25": 59.0,
  "percentile_75": 2800.0,
  "percentile_90": 3120.0,
  "trend": {
    "slope": -0.000496874937016684,
    "direction": "decreasing",
    "r_squared": 0.006077637224590178,
    "p_value": 3.267945512691556e-05
  },
  "trend_slope": -0.000496874937016684,
  "trend_direction": "decreasing",
  "anomalies": [],
  "anomaly_count": 0,
  "flow_status": {
    "status": "Low Flow",
    "latest_flow": 41.8,
    "percentile": 1.4119308153900458
  },
  "recent_change": {
    "change_cfs": 0.0,
    "change_pct": 0.0
  },
  "summary": "Low Flow conditions (avg: 2018 cfs, trend: decreasing)",
  "analysis_date": "2025-12-30 18:42:16",
  "sites_analyzed": [
    "01646500",
    "01491000"
  ]
}