{
  "mean_flow": 17577.07288933737,
  "median_flow": 18000.0,
  "std_flow": 12597.805295703049,
  "min_flow": 26.7,
  "max_flow": 39100.0,
  "total_records": 2973,
  "percentile_25": 9590.0,
  "percentile_75": 26700.0,
  "percentile_90": 35060.00000000004,
  "trend": {
    "slope": -0.025187600420436676,
    "direction": "decreasing",
    "r_squared": 0.1491100411327414,
    "p_value": 2.5398195572477956e-106
  },
  "trend_slope": -0.025187600420436676,
  "trend_direction": "decreasing",
  "anomalies": [],
  "anomaly_count": 0,
  "flow_status": {
    "status": "Normal",
    "latest_flow": 9590.0,
    "percentile": 25.29431550622267
  },
  "recent_change": {
    "change_cfs": -190.0,
    "change_pct": -1.9427402862985685
  },
  "summary": "Normal conditions (avg: 17577 cfs, trend: decreasing)",
  "analysis_date": "2026-06-03 22:28:53",
  "sites_analyzed": [
    "01646500",
    "01491000"
  ]
}