{
  "mean_flow": 2326.11660338281,
  "median_flow": 2750.0,
  "std_flow": 1338.4946718141703,
  "min_flow": 70.9,
  "max_flow": 3920.0,
  "total_records": 2897,
  "percentile_25": 309.0,
  "percentile_75": 3230.0,
  "percentile_90": 3740.0,
  "trend": {
    "slope": 0.0011079329302222769,
    "direction": "increasing",
    "r_squared": 0.024267661171630216,
    "p_value": 3.3800232750088176e-17
  },
  "trend_slope": 0.0011079329302222769,
  "trend_direction": "increasing",
  "anomalies": [],
  "anomaly_count": 0,
  "flow_status": {
    "status": "Low Flow",
    "latest_flow": 72.6,
    "percentile": 6.282361063168795
  },
  "recent_change": {
    "change_cfs": 1.6999999999999886,
    "change_pct": 2.397743300423115
  },
  "summary": "Low Flow conditions (avg: 2326 cfs, trend: increasing)",
  "analysis_date": "2026-01-19 18:43:12",
  "sites_analyzed": [
    "01646500",
    "01491000"
  ]
}