{
  "mean_flow": 5402.457431402439,
  "median_flow": 6770.0,
  "std_flow": 3143.8505424333757,
  "min_flow": 87.2,
  "max_flow": 8340.0,
  "total_records": 2624,
  "percentile_25": 153.0,
  "percentile_75": 7570.0,
  "percentile_90": 7990.0,
  "trend": {
    "slope": -0.0025687915977402474,
    "direction": "decreasing",
    "r_squared": 0.019957155501757615,
    "p_value": 3.606041195011721e-13
  },
  "trend_slope": -0.0025687915977402474,
  "trend_direction": "decreasing",
  "anomalies": [],
  "anomaly_count": 0,
  "flow_status": {
    "status": "Low Flow",
    "latest_flow": 87.2,
    "percentile": 0.1524390243902439
  },
  "recent_change": {
    "change_cfs": -5692.8,
    "change_pct": -98.49134948096886
  },
  "summary": "Low Flow conditions (avg: 5402 cfs, trend: decreasing)",
  "analysis_date": "2026-04-13 02:50:15",
  "sites_analyzed": [
    "01646500",
    "01491000"
  ]
}