{
  "mean_flow": 7062.7005225830535,
  "median_flow": 8860.0,
  "std_flow": 4141.02813849424,
  "min_flow": 96.6,
  "max_flow": 11600.0,
  "total_records": 2679,
  "percentile_25": 133.0,
  "percentile_75": 9680.0,
  "percentile_90": 10700.0,
  "trend": {
    "slope": -0.003603050585769599,
    "direction": "decreasing",
    "r_squared": 0.023906306566259403,
    "p_value": 8.449223767166219e-16
  },
  "trend_slope": -0.003603050585769599,
  "trend_direction": "decreasing",
  "anomalies": [],
  "anomaly_count": 0,
  "flow_status": {
    "status": "Normal",
    "latest_flow": 8340.0,
    "percentile": 37.7752892870474
  },
  "recent_change": {
    "change_cfs": 90.0,
    "change_pct": 1.090909090909091
  },
  "summary": "Normal conditions (avg: 7063 cfs, trend: decreasing)",
  "analysis_date": "2026-03-29 07:15:58",
  "sites_analyzed": [
    "01646500",
    "01491000"
  ]
}