{
  "mean_flow": 2766.8344112478035,
  "median_flow": 3570.0,
  "std_flow": 1596.155647038041,
  "min_flow": 39.9,
  "max_flow": 4230.0,
  "total_records": 2845,
  "percentile_25": 53.1,
  "percentile_75": 3800.0,
  "percentile_90": 3980.0,
  "trend": {
    "slope": 0.0008752767762943945,
    "direction": "increasing",
    "r_squared": 0.010563269402110135,
    "p_value": 3.9257103294822836e-08
  },
  "trend_slope": 0.0008752767762943945,
  "trend_direction": "increasing",
  "anomalies": [],
  "anomaly_count": 0,
  "flow_status": {
    "status": "Above Normal",
    "latest_flow": 3800.0,
    "percentile": 76.94200351493848
  },
  "recent_change": {
    "change_cfs": 60.0,
    "change_pct": 1.6042780748663104
  },
  "summary": "Above Normal conditions (avg: 2767 cfs, trend: increasing)",
  "analysis_date": "2026-05-05 15:59:01",
  "sites_analyzed": [
    "01646500",
    "01491000"
  ]
}