{
  "mean_flow": 1810.5424145299144,
  "median_flow": 2210.0,
  "std_flow": 1044.0780596051147,
  "min_flow": 29.3,
  "max_flow": 2850.0,
  "total_records": 2808,
  "percentile_25": 1499.45,
  "percentile_75": 2550.0,
  "percentile_90": 2650.0,
  "trend": {
    "slope": -0.0009276755873879355,
    "direction": "decreasing",
    "r_squared": 0.02638958968834725,
    "p_value": 4.63510320530127e-18
  },
  "trend_slope": -0.0009276755873879355,
  "trend_direction": "decreasing",
  "anomalies": [],
  "anomaly_count": 0,
  "flow_status": {
    "status": "Normal",
    "latest_flow": 2070.0,
    "percentile": 33.2977207977208
  },
  "recent_change": {
    "change_cfs": -50.0,
    "change_pct": -2.358490566037736
  },
  "summary": "Normal conditions (avg: 1811 cfs, trend: decreasing)",
  "analysis_date": "2025-12-10 13:01:29",
  "sites_analyzed": [
    "01646500",
    "01491000"
  ]
}