{
  "mean_flow": 1168.1882903105125,
  "median_flow": 1520.0,
  "std_flow": 673.0214336045511,
  "min_flow": 19.1,
  "max_flow": 1770.0,
  "total_records": 2673,
  "percentile_25": 26.5,
  "percentile_75": 1600.0,
  "percentile_90": 1680.0,
  "trend": {
    "slope": -1.5441651354074135e-05,
    "direction": "stable",
    "r_squared": 1.6383992534940035e-05,
    "p_value": 0.8343123170304974
  },
  "trend_slope": -1.5441651354074135e-05,
  "trend_direction": "stable",
  "anomalies": [],
  "anomaly_count": 0,
  "flow_status": {
    "status": "Below Normal",
    "latest_flow": 23.8,
    "percentile": 22.072577628133182
  },
  "recent_change": {
    "change_cfs": -1706.2,
    "change_pct": -98.6242774566474
  },
  "summary": "Below Normal conditions (avg: 1168 cfs, trend: stable)",
  "analysis_date": "2025-11-20 06:38:59",
  "sites_analyzed": [
    "01646500",
    "01491000"
  ]
}