{
  "mean_flow": 1470.4329390018484,
  "median_flow": 1850.0,
  "std_flow": 851.4899143653743,
  "min_flow": 23.4,
  "max_flow": 2350.0,
  "total_records": 2705,
  "percentile_25": 28.2,
  "percentile_75": 2070.0,
  "percentile_90": 2210.0,
  "trend": {
    "slope": 0.0007290687976432242,
    "direction": "increasing",
    "r_squared": 0.0226391959174809,
    "p_value": 3.6399363218895e-15
  },
  "trend_slope": 0.0007290687976432242,
  "trend_direction": "increasing",
  "anomalies": [],
  "anomaly_count": 0,
  "flow_status": {
    "status": "Low Flow",
    "latest_flow": 23.8,
    "percentile": 5.138632162661738
  },
  "recent_change": {
    "change_cfs": -2136.2,
    "change_pct": -98.89814814814814
  },
  "summary": "Low Flow conditions (avg: 1470 cfs, trend: increasing)",
  "analysis_date": "2025-11-29 06:38:05",
  "sites_analyzed": [
    "01646500",
    "01491000"
  ]
}