{
  "mean_flow": 22613.986911183027,
  "median_flow": 26900.0,
  "std_flow": 14476.98073917313,
  "min_flow": 31.4,
  "max_flow": 41900.0,
  "total_records": 2781,
  "percentile_25": 7660.0,
  "percentile_75": 34000.0,
  "percentile_90": 38700.0,
  "trend": {
    "slope": 0.006574812781187458,
    "direction": "increasing",
    "r_squared": 0.0067321936758336035,
    "p_value": 1.475730538177407e-05
  },
  "trend_slope": 0.006574812781187458,
  "trend_direction": "increasing",
  "anomalies": [],
  "anomaly_count": 0,
  "flow_status": {
    "status": "Normal",
    "latest_flow": 24300.0,
    "percentile": 32.14670981661273
  },
  "recent_change": {
    "change_cfs": -700.0,
    "change_pct": -2.8000000000000003
  },
  "summary": "Normal conditions (avg: 22614 cfs, trend: increasing)",
  "analysis_date": "2026-05-31 10:17:25",
  "sites_analyzed": [
    "01646500",
    "01491000"
  ]
}