{
  "mean_flow": 1957.2044225146199,
  "median_flow": 2450.0,
  "std_flow": 1167.5736588998009,
  "min_flow": 33.9,
  "max_flow": 3920.0,
  "total_records": 2736,
  "percentile_25": 306.0,
  "percentile_75": 2750.0,
  "percentile_90": 3060.0,
  "trend": {
    "slope": 0.0017289651858794052,
    "direction": "increasing",
    "r_squared": 0.07484662927519907,
    "p_value": 3.619520084652801e-48
  },
  "trend_slope": 0.0017289651858794052,
  "trend_direction": "increasing",
  "anomalies": [],
  "anomaly_count": 0,
  "flow_status": {
    "status": "High Flow",
    "latest_flow": 3860.0,
    "percentile": 99.63450292397661
  },
  "recent_change": {
    "change_cfs": 3775.0,
    "change_pct": 4441.176470588235
  },
  "summary": "High Flow conditions (avg: 1957 cfs, trend: increasing)",
  "analysis_date": "2026-01-16 13:01:52",
  "sites_analyzed": [
    "01646500",
    "01491000"
  ]
}