{
  "mean_flow": 3000.3654406409323,
  "median_flow": 3980.0,
  "std_flow": 1733.5979522232822,
  "min_flow": 50.9,
  "max_flow": 4680.0,
  "total_records": 2746,
  "percentile_25": 65.7,
  "percentile_75": 4110.0,
  "percentile_90": 4230.0,
  "trend": {
    "slope": -0.0009626425501226271,
    "direction": "decreasing",
    "r_squared": 0.010146805362026631,
    "p_value": 1.2257831787597017e-07
  },
  "trend_slope": -0.0009626425501226271,
  "trend_direction": "decreasing",
  "anomalies": [],
  "anomaly_count": 0,
  "flow_status": {
    "status": "Low Flow",
    "latest_flow": 50.9,
    "percentile": 1.4202476329206117
  },
  "recent_change": {
    "change_cfs": -3399.1,
    "change_pct": -98.52463768115942
  },
  "summary": "Low Flow conditions (avg: 3000 cfs, trend: decreasing)",
  "analysis_date": "2026-04-25 10:43:28",
  "sites_analyzed": [
    "01646500",
    "01491000"
  ]
}