{
  "mean_flow": 1948.9606499102335,
  "median_flow": 2450.0,
  "std_flow": 1141.7173489785434,
  "min_flow": 8.37,
  "max_flow": 3230.0,
  "total_records": 2785,
  "percentile_25": 16.1,
  "percentile_75": 2600.0,
  "percentile_90": 2960.0,
  "trend": {
    "slope": -0.000953853093266054,
    "direction": "decreasing",
    "r_squared": 0.022847558077613253,
    "p_value": 1.0625862127736697e-15
  },
  "trend_slope": -0.000953853093266054,
  "trend_direction": "decreasing",
  "anomalies": [],
  "anomaly_count": 0,
  "flow_status": {
    "status": "Below Normal",
    "latest_flow": 15.4,
    "percentile": 24.81149012567325
  },
  "recent_change": {
    "change_cfs": 0.0,
    "change_pct": 0.0
  },
  "summary": "Below Normal conditions (avg: 1949 cfs, trend: decreasing)",
  "analysis_date": "2026-06-23 10:36:20",
  "sites_analyzed": [
    "01646500",
    "01491000"
  ]
}