{
  "mean_flow": 1166.9850938535149,
  "median_flow": 1480.0,
  "std_flow": 669.887884275151,
  "min_flow": 16.1,
  "max_flow": 1890.0,
  "total_records": 2717,
  "percentile_25": 21.6,
  "percentile_75": 1560.0,
  "percentile_90": 1640.0,
  "trend": {
    "slope": 0.00016591807581032566,
    "direction": "increasing",
    "r_squared": 0.0019142605545044691,
    "p_value": 0.02257077675025796
  },
  "trend_slope": 0.00016591807581032566,
  "trend_direction": "increasing",
  "anomalies": [],
  "anomaly_count": 0,
  "flow_status": {
    "status": "Low Flow",
    "latest_flow": 16.1,
    "percentile": 0.18402649981597352
  },
  "recent_change": {
    "change_cfs": -0.5999999999999979,
    "change_pct": -3.5928143712574725
  },
  "summary": "Low Flow conditions (avg: 1167 cfs, trend: increasing)",
  "analysis_date": "2025-10-24 06:37:31",
  "sites_analyzed": [
    "01646500",
    "01491000"
  ]
}