{
  "mean_flow": 3110.0132883350643,
  "median_flow": 2960.0,
  "std_flow": 2507.5982886912225,
  "min_flow": 1.86,
  "max_flow": 9040.0,
  "total_records": 2889,
  "percentile_25": 1850.0,
  "percentile_75": 5010.0,
  "percentile_90": 6840.0,
  "trend": {
    "slope": 0.006321313212351313,
    "direction": "increasing",
    "r_squared": 0.2243927604181993,
    "p_value": 1.5619713830030184e-161
  },
  "trend_slope": 0.006321313212351313,
  "trend_direction": "increasing",
  "anomalies": [],
  "anomaly_count": 0,
  "flow_status": {
    "status": "Above Normal",
    "latest_flow": 5430.0,
    "percentile": 82.55451713395638
  },
  "recent_change": {
    "change_cfs": 0.0,
    "change_pct": 0.0
  },
  "summary": "Above Normal conditions (avg: 3110 cfs, trend: increasing)",
  "analysis_date": "2026-07-12 16:59:40",
  "sites_analyzed": [
    "01646500",
    "01491000"
  ]
}