{
  "mean_flow": 13708.392592592592,
  "median_flow": 4880.0,
  "std_flow": 14629.962854359972,
  "min_flow": 23.4,
  "max_flow": 41900.0,
  "total_records": 2673,
  "percentile_25": 61.5,
  "percentile_75": 27100.0,
  "percentile_90": 36800.0,
  "trend": {
    "slope": 0.04956813054387566,
    "direction": "increasing",
    "r_squared": 0.3461521417324632,
    "p_value": 9.722160904045972e-249
  },
  "trend_slope": 0.04956813054387566,
  "trend_direction": "increasing",
  "anomalies": [],
  "anomaly_count": 0,
  "flow_status": {
    "status": "Below Normal",
    "latest_flow": 41.8,
    "percentile": 12.383090160867939
  },
  "recent_change": {
    "change_cfs": -1.9000000000000057,
    "change_pct": -4.347826086956535
  },
  "summary": "Below Normal conditions (avg: 13708 cfs, trend: increasing)",
  "analysis_date": "2026-05-28 03:35:13",
  "sites_analyzed": [
    "01646500",
    "01491000"
  ]
}