{
  "mean_flow": 1256.0837744533947,
  "median_flow": 1600.0,
  "std_flow": 736.4053622361694,
  "min_flow": 18.7,
  "max_flow": 1980.0,
  "total_records": 2607,
  "percentile_25": 42.7,
  "percentile_75": 1730.0,
  "percentile_90": 1890.0,
  "trend": {
    "slope": -0.00040773072279011885,
    "direction": "decreasing",
    "r_squared": 0.00961768664218902,
    "p_value": 5.2478685012729e-07
  },
  "trend_slope": -0.00040773072279011885,
  "trend_direction": "decreasing",
  "anomalies": [],
  "anomaly_count": 0,
  "flow_status": {
    "status": "Low Flow",
    "latest_flow": 26.2,
    "percentile": 5.9071729957805905
  },
  "recent_change": {
    "change_cfs": -1533.8,
    "change_pct": -98.32051282051282
  },
  "summary": "Low Flow conditions (avg: 1256 cfs, trend: decreasing)",
  "analysis_date": "2025-11-16 06:37:29",
  "sites_analyzed": [
    "01646500",
    "01491000"
  ]
}