{
  "mean_flow": 2639.6199927299162,
  "median_flow": 3400.0,
  "std_flow": 1506.213942888882,
  "min_flow": 41.8,
  "max_flow": 3920.0,
  "total_records": 2751,
  "percentile_25": 56.6,
  "percentile_75": 3570.0,
  "percentile_90": 3740.0,
  "trend": {
    "slope": 0.000572095940153405,
    "direction": "increasing",
    "r_squared": 0.004672114943275476,
    "p_value": 0.0003336417690626218
  },
  "trend_slope": 0.000572095940153405,
  "trend_direction": "increasing",
  "anomalies": [],
  "anomaly_count": 0,
  "flow_status": {
    "status": "High Flow",
    "latest_flow": 3860.0,
    "percentile": 97.92802617230099
  },
  "recent_change": {
    "change_cfs": -60.0,
    "change_pct": -1.530612244897959
  },
  "summary": "High Flow conditions (avg: 2640 cfs, trend: increasing)",
  "analysis_date": "2026-05-03 09:23:05",
  "sites_analyzed": [
    "01646500",
    "01491000"
  ]
}