{
  "mean_flow": -749323.4219613783,
  "median_flow": -999999.0,
  "std_flow": 433499.0645451262,
  "min_flow": -999999.0,
  "max_flow": 67.4,
  "total_records": 2641,
  "percentile_25": -999999.0,
  "percentile_75": 21.2,
  "percentile_90": 54.3,
  "trend": {
    "slope": 0.0047959427338135265,
    "direction": "stable",
    "r_squared": 3.602972892283176e-06,
    "p_value": 0.9223284738652573
  },
  "trend_slope": 0.0047959427338135265,
  "trend_direction": "stable",
  "anomalies": [],
  "anomaly_count": 0,
  "flow_status": {
    "status": "High Flow",
    "latest_flow": 65.7,
    "percentile": 99.46989776599773
  },
  "recent_change": {
    "change_cfs": 1.7000000000000028,
    "change_pct": 2.6562500000000044
  },
  "summary": "High Flow conditions (avg: -749323 cfs, trend: stable)",
  "analysis_date": "2026-02-14 02:44:48",
  "sites_analyzed": [
    "01646500",
    "01491000"
  ]
}