{
  "mean_flow": 2033.2507278020378,
  "median_flow": 2550.0,
  "std_flow": 1216.0769026262424,
  "min_flow": 18.4,
  "max_flow": 3230.0,
  "total_records": 2748,
  "percentile_25": 41.8,
  "percentile_75": 2960.0,
  "percentile_90": 3120.0,
  "trend": {
    "slope": -0.0004272646282633839,
    "direction": "decreasing",
    "r_squared": 0.0040153060429209695,
    "p_value": 0.0008886842261474812
  },
  "trend_slope": -0.0004272646282633839,
  "trend_direction": "decreasing",
  "anomalies": [],
  "anomaly_count": 0,
  "flow_status": {
    "status": "Low Flow",
    "latest_flow": 18.4,
    "percentile": 1.0917030567685588
  },
  "recent_change": {
    "change_cfs": -1961.6,
    "change_pct": -99.07070707070706
  },
  "summary": "Low Flow conditions (avg: 2033 cfs, trend: decreasing)",
  "analysis_date": "2025-11-07 12:54:41",
  "sites_analyzed": [
    "01646500",
    "01491000"
  ]
}