{
  "mean_flow": 6033.213849357862,
  "median_flow": 7490.0,
  "std_flow": 3467.654343872164,
  "min_flow": 80.7,
  "max_flow": 9410.0,
  "total_records": 2881,
  "percentile_25": 203.0,
  "percentile_75": 8080.0,
  "percentile_90": 9040.0,
  "trend": {
    "slope": -0.0024366747131342793,
    "direction": "decreasing",
    "r_squared": 0.01729609990039514,
    "p_value": 1.3727007234644012e-12
  },
  "trend_slope": -0.0024366747131342793,
  "trend_direction": "decreasing",
  "anomalies": [],
  "anomaly_count": 0,
  "flow_status": {
    "status": "Below Normal",
    "latest_flow": 145.0,
    "percentile": 18.63936133287053
  },
  "recent_change": {
    "change_cfs": -3.0,
    "change_pct": -2.027027027027027
  },
  "summary": "Below Normal conditions (avg: 6033 cfs, trend: decreasing)",
  "analysis_date": "2026-04-06 16:51:49",
  "sites_analyzed": [
    "01646500",
    "01491000"
  ]
}