{
  "mean_flow": 1833.2307745504843,
  "median_flow": 2300.0,
  "std_flow": 1059.1694443921403,
  "min_flow": 22.0,
  "max_flow": 2850.0,
  "total_records": 2892,
  "percentile_25": 56.6,
  "percentile_75": 2600.0,
  "percentile_90": 2695.0000000000045,
  "trend": {
    "slope": 0.00036964675294511165,
    "direction": "increasing",
    "r_squared": 0.004317620029046679,
    "p_value": 0.0004063480790835113
  },
  "trend_slope": 0.00036964675294511165,
  "trend_direction": "increasing",
  "anomalies": [],
  "anomaly_count": 0,
  "flow_status": {
    "status": "Below Normal",
    "latest_flow": 33.9,
    "percentile": 11.307053941908714
  },
  "recent_change": {
    "change_cfs": 0.0,
    "change_pct": 0.0
  },
  "summary": "Below Normal conditions (avg: 1833 cfs, trend: increasing)",
  "analysis_date": "2025-12-07 18:35:58",
  "sites_analyzed": [
    "01646500",
    "01491000"
  ]
}