{
  "mean_flow": 1413.762370581935,
  "median_flow": 1810.0,
  "std_flow": 821.291566439684,
  "min_flow": 22.0,
  "max_flow": 2350.0,
  "total_records": 2801,
  "percentile_25": 28.2,
  "percentile_75": 1940.0,
  "percentile_90": 2160.0,
  "trend": {
    "slope": 0.0007615517306680685,
    "direction": "increasing",
    "r_squared": 0.028469050450332763,
    "p_value": 2.464008871307435e-19
  },
  "trend_slope": 0.0007615517306680685,
  "trend_direction": "increasing",
  "anomalies": [],
  "anomaly_count": 0,
  "flow_status": {
    "status": "Below Normal",
    "latest_flow": 24.8,
    "percentile": 10.924669760799715
  },
  "recent_change": {
    "change_cfs": -0.3999999999999986,
    "change_pct": -1.5873015873015817
  },
  "summary": "Below Normal conditions (avg: 1414 cfs, trend: increasing)",
  "analysis_date": "2025-11-28 12:55:56",
  "sites_analyzed": [
    "01646500",
    "01491000"
  ]
}