{
  "mean_flow": 1730.083662280702,
  "median_flow": 1980.0,
  "std_flow": 1017.7739173172854,
  "min_flow": 33.9,
  "max_flow": 3170.0,
  "total_records": 2736,
  "percentile_25": 306.0,
  "percentile_75": 2600.0,
  "percentile_90": 2750.0,
  "trend": {
    "slope": 0.001274151563900967,
    "direction": "increasing",
    "r_squared": 0.053437521064390196,
    "p_value": 1.6326134940043374e-34
  },
  "trend_slope": 0.001274151563900967,
  "trend_direction": "increasing",
  "anomalies": [],
  "anomaly_count": 0,
  "flow_status": {
    "status": "High Flow",
    "latest_flow": 2800.0,
    "percentile": 93.38450292397661
  },
  "recent_change": {
    "change_cfs": 2684.0,
    "change_pct": 2313.793103448276
  },
  "summary": "High Flow conditions (avg: 1730 cfs, trend: increasing)",
  "analysis_date": "2026-01-14 13:04:20",
  "sites_analyzed": [
    "01646500",
    "01491000"
  ]
}