{
  "mean_flow": 9754.445941155618,
  "median_flow": 12000.0,
  "std_flow": 5716.366911511491,
  "min_flow": 131.0,
  "max_flow": 16700.0,
  "total_records": 2821,
  "percentile_25": 210.0,
  "percentile_75": 13500.0,
  "percentile_90": 15000.0,
  "trend": {
    "slope": 5.508521818518084e-05,
    "direction": "stable",
    "r_squared": 3.143446752269183e-06,
    "p_value": 0.9250085823840215
  },
  "trend_slope": 5.508521818518084e-05,
  "trend_direction": "stable",
  "anomalies": [],
  "anomaly_count": 0,
  "flow_status": {
    "status": "Normal",
    "latest_flow": 11100.0,
    "percentile": 34.31407302375044
  },
  "recent_change": {
    "change_cfs": -100.0,
    "change_pct": -0.8928571428571428
  },
  "summary": "Normal conditions (avg: 9754 cfs, trend: stable)",
  "analysis_date": "2026-03-22 13:09:36",
  "sites_analyzed": [
    "01646500",
    "01491000"
  ]
}