{
  "mean_flow": 9852.445073612684,
  "median_flow": 12300.0,
  "std_flow": 5778.840131479954,
  "min_flow": 138.0,
  "max_flow": 16700.0,
  "total_records": 2649,
  "percentile_25": 208.0,
  "percentile_75": 13700.0,
  "percentile_90": 15100.0,
  "trend": {
    "slope": 0.002760566385287106,
    "direction": "increasing",
    "r_squared": 0.006806301946511891,
    "p_value": 2.1243183050832135e-05
  },
  "trend_slope": 0.002760566385287106,
  "trend_direction": "increasing",
  "anomalies": [],
  "anomaly_count": 0,
  "flow_status": {
    "status": "Low Flow",
    "latest_flow": 138.0,
    "percentile": 0.604001510003775
  },
  "recent_change": {
    "change_cfs": -5.0,
    "change_pct": -3.4965034965034967
  },
  "summary": "Low Flow conditions (avg: 9852 cfs, trend: increasing)",
  "analysis_date": "2026-03-21 02:41:01",
  "sites_analyzed": [
    "01646500",
    "01491000"
  ]
}