{
  "mean_flow": 2351.4869076869077,
  "median_flow": 2900.0,
  "std_flow": 1376.0366676472875,
  "min_flow": 33.9,
  "max_flow": 3860.0,
  "total_records": 2849,
  "percentile_25": 40.8,
  "percentile_75": 3280.0,
  "percentile_90": 3630.0,
  "trend": {
    "slope": -0.001439284199461945,
    "direction": "decreasing",
    "r_squared": 0.03747640571233992,
    "p_value": 1.8625327494068813e-25
  },
  "trend_slope": -0.001439284199461945,
  "trend_direction": "decreasing",
  "anomalies": [],
  "anomaly_count": 0,
  "flow_status": {
    "status": "Low Flow",
    "latest_flow": 34.7,
    "percentile": 5.0895050895050895
  },
  "recent_change": {
    "change_cfs": 0.0,
    "change_pct": 0.0
  },
  "summary": "Low Flow conditions (avg: 2351 cfs, trend: decreasing)",
  "analysis_date": "2026-05-13 14:37:47",
  "sites_analyzed": [
    "01646500",
    "01491000"
  ]
}