{
  "mean_flow": 5790.695674676525,
  "median_flow": 7490.0,
  "std_flow": 3281.1774202938986,
  "min_flow": 80.7,
  "max_flow": 8600.0,
  "total_records": 2705,
  "percentile_25": 203.0,
  "percentile_75": 7820.0,
  "percentile_90": 8080.0,
  "trend": {
    "slope": -0.0005061382581016853,
    "direction": "stable",
    "r_squared": 0.0007347877278002194,
    "p_value": 0.15870796608383128
  },
  "trend_slope": -0.0005061382581016853,
  "trend_direction": "stable",
  "anomalies": [],
  "anomaly_count": 0,
  "flow_status": {
    "status": "Below Normal",
    "latest_flow": 145.0,
    "percentile": 14.269870609981517
  },
  "recent_change": {
    "change_cfs": -8105.0,
    "change_pct": -98.24242424242425
  },
  "summary": "Below Normal conditions (avg: 5791 cfs, trend: stable)",
  "analysis_date": "2026-04-08 05:48:18",
  "sites_analyzed": [
    "01646500",
    "01491000"
  ]
}