{
  "mean_flow": 1876.1767207906814,
  "median_flow": 2350.0,
  "std_flow": 1102.31387760114,
  "min_flow": 5.24,
  "max_flow": 3450.0,
  "total_records": 2833,
  "percentile_25": 16.4,
  "percentile_75": 2500.0,
  "percentile_90": 2850.0,
  "trend": {
    "slope": -7.57073727985187e-05,
    "direction": "stable",
    "r_squared": 0.00015977167367547823,
    "p_value": 0.5012589997818414
  },
  "trend_slope": -7.57073727985187e-05,
  "trend_direction": "stable",
  "anomalies": [],
  "anomaly_count": 0,
  "flow_status": {
    "status": "Low Flow",
    "latest_flow": 7.83,
    "percentile": 7.977409106953759
  },
  "recent_change": {
    "change_cfs": 0.0,
    "change_pct": 0.0
  },
  "summary": "Low Flow conditions (avg: 1876 cfs, trend: stable)",
  "analysis_date": "2026-06-28 13:48:39",
  "sites_analyzed": [
    "01646500",
    "01491000"
  ]
}