{
  "mean_flow": 9835.401400663472,
  "median_flow": 12300.0,
  "std_flow": 5766.7120268181225,
  "min_flow": 138.0,
  "max_flow": 16700.0,
  "total_records": 2713,
  "percentile_25": 208.0,
  "percentile_75": 13600.0,
  "percentile_90": 15100.0,
  "trend": {
    "slope": 0.002403382312778804,
    "direction": "increasing",
    "r_squared": 0.005434329448991852,
    "p_value": 0.00012145755852081913
  },
  "trend_slope": 0.002403382312778804,
  "trend_direction": "increasing",
  "anomalies": [],
  "anomaly_count": 0,
  "flow_status": {
    "status": "Low Flow",
    "latest_flow": 140.0,
    "percentile": 2.0641356431994105
  },
  "recent_change": {
    "change_cfs": 0.0,
    "change_pct": 0.0
  },
  "summary": "Low Flow conditions (avg: 9835 cfs, trend: increasing)",
  "analysis_date": "2026-03-21 06:57:17",
  "sites_analyzed": [
    "01646500",
    "01491000"
  ]
}