{
  "mean_flow": 3584.6845522898157,
  "median_flow": 4550.0,
  "std_flow": 2084.9421418754346,
  "min_flow": 61.5,
  "max_flow": 5710.0,
  "total_records": 2926,
  "percentile_25": 87.775,
  "percentile_75": 4950.0,
  "percentile_90": 5430.0,
  "trend": {
    "slope": -0.001962676172781959,
    "direction": "decreasing",
    "r_squared": 0.032328301733578015,
    "p_value": 1.1070868451749082e-22
  },
  "trend_slope": -0.001962676172781959,
  "trend_direction": "decreasing",
  "anomalies": [],
  "anomaly_count": 0,
  "flow_status": {
    "status": "Low Flow",
    "latest_flow": 61.5,
    "percentile": 1.4354066985645932
  },
  "recent_change": {
    "change_cfs": -1.2000000000000028,
    "change_pct": -1.9138755980861288
  },
  "summary": "Low Flow conditions (avg: 3585 cfs, trend: decreasing)",
  "analysis_date": "2026-04-20 20:50:56",
  "sites_analyzed": [
    "01646500",
    "01491000"
  ]
}