{
  "mean_flow": 1213.5525891829689,
  "median_flow": 1560.0,
  "std_flow": 708.7454083251321,
  "min_flow": 25.2,
  "max_flow": 1890.0,
  "total_records": 2607,
  "percentile_25": 42.7,
  "percentile_75": 1680.0,
  "percentile_90": 1770.0,
  "trend": {
    "slope": -0.00023457275583031717,
    "direction": "decreasing",
    "r_squared": 0.003321386472329438,
    "p_value": 0.0032438899462034097
  },
  "trend_slope": -0.00023457275583031717,
  "trend_direction": "decreasing",
  "anomalies": [],
  "anomaly_count": 0,
  "flow_status": {
    "status": "Low Flow",
    "latest_flow": 25.7,
    "percentile": 2.109704641350211
  },
  "recent_change": {
    "change_cfs": -1654.3,
    "change_pct": -98.47023809523809
  },
  "summary": "Low Flow conditions (avg: 1214 cfs, trend: decreasing)",
  "analysis_date": "2025-11-17 06:40:37",
  "sites_analyzed": [
    "01646500",
    "01491000"
  ]
}