{
  "mean_flow": 9058.793142005217,
  "median_flow": 10900.0,
  "std_flow": 5468.452742757679,
  "min_flow": 112.0,
  "max_flow": 16700.0,
  "total_records": 2683,
  "percentile_25": 206.0,
  "percentile_75": 12900.0,
  "percentile_90": 14200.0,
  "trend": {
    "slope": -0.008125192009855273,
    "direction": "decreasing",
    "r_squared": 0.06958585539938178,
    "p_value": 5.95577582911273e-44
  },
  "trend_slope": -0.008125192009855273,
  "trend_direction": "decreasing",
  "anomalies": [],
  "anomaly_count": 0,
  "flow_status": {
    "status": "Normal",
    "latest_flow": 9410.0,
    "percentile": 26.76108833395453
  },
  "recent_change": {
    "change_cfs": 0.0,
    "change_pct": 0.0
  },
  "summary": "Normal conditions (avg: 9059 cfs, trend: decreasing)",
  "analysis_date": "2026-03-25 07:13:52",
  "sites_analyzed": [
    "01646500",
    "01491000"
  ]
}