{
  "mean_flow": 9851.801851217004,
  "median_flow": 12500.0,
  "std_flow": 5746.644386201771,
  "min_flow": 140.0,
  "max_flow": 16700.0,
  "total_records": 2917,
  "percentile_25": 210.0,
  "percentile_75": 13400.0,
  "percentile_90": 14900.0,
  "trend": {
    "slope": 0.002651826351267592,
    "direction": "increasing",
    "r_squared": 0.007689340403959726,
    "p_value": 2.1045112138407783e-06
  },
  "trend_slope": 0.002651826351267592,
  "trend_direction": "increasing",
  "anomalies": [],
  "anomaly_count": 0,
  "flow_status": {
    "status": "Normal",
    "latest_flow": 12600.0,
    "percentile": 56.11930065135413
  },
  "recent_change": {
    "change_cfs": 0.0,
    "change_pct": 0.0
  },
  "summary": "Normal conditions (avg: 9852 cfs, trend: increasing)",
  "analysis_date": "2026-03-20 19:01:27",
  "sites_analyzed": [
    "01646500",
    "01491000"
  ]
}