{
  "mean_flow": 1164.325747679615,
  "median_flow": 1480.0,
  "std_flow": 668.2172229522628,
  "min_flow": 15.1,
  "max_flow": 1890.0,
  "total_records": 2909,
  "percentile_25": 21.6,
  "percentile_75": 1560.0,
  "percentile_90": 1640.0,
  "trend": {
    "slope": 0.00011082110306571352,
    "direction": "stable",
    "r_squared": 0.000983650508764804,
    "p_value": 0.09078563557997285
  },
  "trend_slope": 0.00011082110306571352,
  "trend_direction": "stable",
  "anomalies": [],
  "anomaly_count": 0,
  "flow_status": {
    "status": "Low Flow",
    "latest_flow": 15.1,
    "percentile": 1.0312822275696116
  },
  "recent_change": {
    "change_cfs": 0.0,
    "change_pct": 0.0
  },
  "summary": "Low Flow conditions (avg: 1164 cfs, trend: stable)",
  "analysis_date": "2025-10-24 18:34:34",
  "sites_analyzed": [
    "01646500",
    "01491000"
  ]
}