{
  "mean_flow": 2727.95567710298,
  "median_flow": 3510.0,
  "std_flow": 1585.515236794159,
  "min_flow": 34.7,
  "max_flow": 4230.0,
  "total_records": 2651,
  "percentile_25": 45.7,
  "percentile_75": 3860.0,
  "percentile_90": 4050.0,
  "trend": {
    "slope": -0.0013018865065580103,
    "direction": "decreasing",
    "r_squared": 0.02011138245183873,
    "p_value": 2.2107946643631873e-13
  },
  "trend_slope": -0.0013018865065580103,
  "trend_direction": "decreasing",
  "anomalies": [],
  "anomaly_count": 0,
  "flow_status": {
    "status": "Normal",
    "latest_flow": 2960.0,
    "percentile": 25.386646548472275
  },
  "recent_change": {
    "change_cfs": -50.0,
    "change_pct": -1.6611295681063125
  },
  "summary": "Normal conditions (avg: 2728 cfs, trend: decreasing)",
  "analysis_date": "2026-05-10 03:27:38",
  "sites_analyzed": [
    "01646500",
    "01491000"
  ]
}