{
  "mean_flow": 2799.0718974358974,
  "median_flow": 3570.0,
  "std_flow": 1611.4338616870518,
  "min_flow": 35.5,
  "max_flow": 4230.0,
  "total_records": 2925,
  "percentile_25": 53.1,
  "percentile_75": 3800.0,
  "percentile_90": 3980.0,
  "trend": {
    "slope": 0.00045023357316088586,
    "direction": "increasing",
    "r_squared": 0.0028970769038301433,
    "p_value": 0.0035927036417182563
  },
  "trend_slope": 0.00045023357316088586,
  "trend_direction": "increasing",
  "anomalies": [],
  "anomaly_count": 0,
  "flow_status": {
    "status": "Above Normal",
    "latest_flow": 3800.0,
    "percentile": 75.8974358974359
  },
  "recent_change": {
    "change_cfs": -60.0,
    "change_pct": -1.5544041450777202
  },
  "summary": "Above Normal conditions (avg: 2799 cfs, trend: increasing)",
  "analysis_date": "2026-05-06 21:12:41",
  "sites_analyzed": [
    "01646500",
    "01491000"
  ]
}