{
  "mean_flow": 3833.991829944547,
  "median_flow": 4750.0,
  "std_flow": 2221.652149860842,
  "min_flow": 62.7,
  "max_flow": 6230.0,
  "total_records": 2705,
  "percentile_25": 96.6,
  "percentile_75": 5290.0,
  "percentile_90": 5710.0,
  "trend": {
    "slope": -0.002228091033664051,
    "direction": "decreasing",
    "r_squared": 0.031059662329230426,
    "p_value": 2.602861780671871e-20
  },
  "trend_slope": -0.002228091033664051,
  "trend_direction": "decreasing",
  "anomalies": [],
  "anomaly_count": 0,
  "flow_status": {
    "status": "Low Flow",
    "latest_flow": 62.7,
    "percentile": 1.0720887245841035
  },
  "recent_change": {
    "change_cfs": -4167.3,
    "change_pct": -98.51773049645391
  },
  "summary": "Low Flow conditions (avg: 3834 cfs, trend: decreasing)",
  "analysis_date": "2026-04-19 05:59:38",
  "sites_analyzed": [
    "01646500",
    "01491000"
  ]
}