{
  "mean_flow": 15356.575853852264,
  "median_flow": 16200.0,
  "std_flow": 11511.997754515285,
  "min_flow": 148.0,
  "max_flow": 32800.0,
  "total_records": 2518,
  "percentile_25": 700.0,
  "percentile_75": 26275.0,
  "percentile_90": 30900.0,
  "trend": {
    "slope": 0.03255450997854923,
    "direction": "increasing",
    "r_squared": 0.21511002127965403,
    "p_value": 1.5996857247090994e-134
  },
  "trend_slope": 0.03255450997854923,
  "trend_direction": "increasing",
  "anomalies": [],
  "anomaly_count": 0,
  "flow_status": {
    "status": "Below Normal",
    "latest_flow": 519.0,
    "percentile": 22.55758538522637
  },
  "recent_change": {
    "change_cfs": 0.0,
    "change_pct": 0.0
  },
  "summary": "Below Normal conditions (avg: 15357 cfs, trend: increasing)",
  "analysis_date": "2026-02-25 02:51:53",
  "sites_analyzed": [
    "01646500",
    "01491000"
  ]
}