{
  "mean_flow": 1601.2035318559556,
  "median_flow": 2070.0,
  "std_flow": 921.7605050262498,
  "min_flow": 22.0,
  "max_flow": 2550.0,
  "total_records": 2888,
  "percentile_25": 27.2,
  "percentile_75": 2210.0,
  "percentile_90": 2260.0,
  "trend": {
    "slope": 0.00026590468942901813,
    "direction": "increasing",
    "r_squared": 0.0029557766689231515,
    "p_value": 0.003471349206028104
  },
  "trend_slope": 0.00026590468942901813,
  "trend_direction": "increasing",
  "anomalies": [],
  "anomaly_count": 0,
  "flow_status": {
    "status": "Below Normal",
    "latest_flow": 26.7,
    "percentile": 24.792243767313018
  },
  "recent_change": {
    "change_cfs": 1.5,
    "change_pct": 5.9523809523809526
  },
  "summary": "Below Normal conditions (avg: 1601 cfs, trend: increasing)",
  "analysis_date": "2025-12-02 18:43:31",
  "sites_analyzed": [
    "01646500",
    "01491000"
  ]
}