{
  "mean_flow": 1909.7079115110612,
  "median_flow": 2500.0,
  "std_flow": 1095.5932747019049,
  "min_flow": 22.5,
  "max_flow": 2850.0,
  "total_records": 2667,
  "percentile_25": 39.45,
  "percentile_75": 2600.0,
  "percentile_90": 2750.0,
  "trend": {
    "slope": -0.0005406795494155405,
    "direction": "decreasing",
    "r_squared": 0.007330558197715214,
    "p_value": 9.525866722991301e-06
  },
  "trend_slope": -0.0005406795494155405,
  "trend_direction": "decreasing",
  "anomalies": [],
  "anomaly_count": 0,
  "flow_status": {
    "status": "Low Flow",
    "latest_flow": 22.5,
    "percentile": 0.26246719160104987
  },
  "recent_change": {
    "change_cfs": -2277.5,
    "change_pct": -99.02173913043478
  },
  "summary": "Low Flow conditions (avg: 1910 cfs, trend: decreasing)",
  "analysis_date": "2026-05-20 03:41:32",
  "sites_analyzed": [
    "01646500",
    "01491000"
  ]
}