{
  "mean_flow": 2015.350321847785,
  "median_flow": 2450.0,
  "std_flow": 1191.4195992409177,
  "min_flow": 40.8,
  "max_flow": 3340.0,
  "total_records": 2641,
  "percentile_25": 52.0,
  "percentile_75": 2800.0,
  "percentile_90": 3120.0,
  "trend": {
    "slope": -0.000986797125740812,
    "direction": "decreasing",
    "r_squared": 0.02104736325829938,
    "p_value": 6.796410828350062e-14
  },
  "trend_slope": -0.000986797125740812,
  "trend_direction": "decreasing",
  "anomalies": [],
  "anomaly_count": 0,
  "flow_status": {
    "status": "Low Flow",
    "latest_flow": 40.8,
    "percentile": 0.9844755774327906
  },
  "recent_change": {
    "change_cfs": 0.0,
    "change_pct": 0.0
  },
  "summary": "Low Flow conditions (avg: 2015 cfs, trend: decreasing)",
  "analysis_date": "2025-12-31 06:44:42",
  "sites_analyzed": [
    "01646500",
    "01491000"
  ]
}