{
  "mean_flow": 10937.924404556437,
  "median_flow": 13000.0,
  "std_flow": 6481.560372687613,
  "min_flow": 140.0,
  "max_flow": 18300.0,
  "total_records": 2897,
  "percentile_25": 247.0,
  "percentile_75": 15500.0,
  "percentile_90": 17600.0,
  "trend": {
    "slope": -0.0035723657757033463,
    "direction": "decreasing",
    "r_squared": 0.010759373240963575,
    "p_value": 2.197442600895621e-08
  },
  "trend_slope": -0.0035723657757033463,
  "trend_direction": "decreasing",
  "anomalies": [],
  "anomaly_count": 0,
  "flow_status": {
    "status": "Below Normal",
    "latest_flow": 174.0,
    "percentile": 14.566793234380393
  },
  "recent_change": {
    "change_cfs": -3.0,
    "change_pct": -1.694915254237288
  },
  "summary": "Below Normal conditions (avg: 10938 cfs, trend: decreasing)",
  "analysis_date": "2026-03-14 18:52:03",
  "sites_analyzed": [
    "01646500",
    "01491000"
  ]
}