{
  "mean_flow": 1166.4526128688233,
  "median_flow": 1480.0,
  "std_flow": 669.4494048962667,
  "min_flow": 15.1,
  "max_flow": 1890.0,
  "total_records": 2813,
  "percentile_25": 21.6,
  "percentile_75": 1560.0,
  "percentile_90": 1640.0,
  "trend": {
    "slope": 0.00014394060795642292,
    "direction": "increasing",
    "r_squared": 0.001546178349957312,
    "p_value": 0.03703291522452525
  },
  "trend_slope": 0.00014394060795642292,
  "trend_direction": "increasing",
  "anomalies": [],
  "anomaly_count": 0,
  "flow_status": {
    "status": "Low Flow",
    "latest_flow": 15.1,
    "percentile": 0.21329541414859582
  },
  "recent_change": {
    "change_cfs": -0.3000000000000007,
    "change_pct": -1.9480519480519525
  },
  "summary": "Low Flow conditions (avg: 1166 cfs, trend: increasing)",
  "analysis_date": "2025-10-24 12:56:09",
  "sites_analyzed": [
    "01646500",
    "01491000"
  ]
}