{
  "mean_flow": 2173.529816685372,
  "median_flow": 2750.0,
  "std_flow": 1251.4339635314138,
  "min_flow": 32.5,
  "max_flow": 3400.0,
  "total_records": 2673,
  "percentile_25": 40.8,
  "percentile_75": 2960.0,
  "percentile_90": 3170.0,
  "trend": {
    "slope": -0.0008550402043328419,
    "direction": "decreasing",
    "r_squared": 0.014076853381976296,
    "p_value": 7.603326939618263e-10
  },
  "trend_slope": -0.0008550402043328419,
  "trend_direction": "decreasing",
  "anomalies": [],
  "anomaly_count": 0,
  "flow_status": {
    "status": "Below Normal",
    "latest_flow": 37.2,
    "percentile": 21.36176580621025
  },
  "recent_change": {
    "change_cfs": 0.8000000000000043,
    "change_pct": 2.19780219780221
  },
  "summary": "Below Normal conditions (avg: 2174 cfs, trend: decreasing)",
  "analysis_date": "2026-05-15 03:37:28",
  "sites_analyzed": [
    "01646500",
    "01491000"
  ]
}