{
  "mean_flow": 2091.784801684802,
  "median_flow": 2700.0,
  "std_flow": 1198.7363773042184,
  "min_flow": 32.5,
  "max_flow": 3170.0,
  "total_records": 2849,
  "percentile_25": 39.9,
  "percentile_75": 2850.0,
  "percentile_90": 2960.0,
  "trend": {
    "slope": -0.0006034375185563807,
    "direction": "decreasing",
    "r_squared": 0.008680446768109282,
    "p_value": 6.304682892166685e-07
  },
  "trend_slope": -0.0006034375185563807,
  "trend_direction": "decreasing",
  "anomalies": [],
  "anomaly_count": 0,
  "flow_status": {
    "status": "Low Flow",
    "latest_flow": 34.7,
    "percentile": 9.301509301509302
  },
  "recent_change": {
    "change_cfs": 0.0,
    "change_pct": 0.0
  },
  "summary": "Low Flow conditions (avg: 2092 cfs, trend: decreasing)",
  "analysis_date": "2026-05-16 14:56:37",
  "sites_analyzed": [
    "01646500",
    "01491000"
  ]
}