{
  "mean_flow": 2041.8120444915255,
  "median_flow": 2500.0,
  "std_flow": 1208.102380326038,
  "min_flow": 8.37,
  "max_flow": 3570.0,
  "total_records": 2832,
  "percentile_25": 18.4,
  "percentile_75": 2800.0,
  "percentile_90": 3170.0,
  "trend": {
    "slope": -0.0012588314921655823,
    "direction": "decreasing",
    "r_squared": 0.03675313766676802,
    "p_value": 7.553345080073863e-25
  },
  "trend_slope": -0.0012588314921655823,
  "trend_direction": "decreasing",
  "anomalies": [],
  "anomaly_count": 0,
  "flow_status": {
    "status": "Below Normal",
    "latest_flow": 15.1,
    "percentile": 21.29237288135593
  },
  "recent_change": {
    "change_cfs": 0.29999999999999893,
    "change_pct": 2.0270270270270196
  },
  "summary": "Below Normal conditions (avg: 2042 cfs, trend: decreasing)",
  "analysis_date": "2026-06-22 13:35:53",
  "sites_analyzed": [
    "01646500",
    "01491000"
  ]
}