{
  "mean_flow": 1164.5009569377992,
  "median_flow": 1480.0,
  "std_flow": 667.9290154132364,
  "min_flow": 16.1,
  "max_flow": 1890.0,
  "total_records": 2717,
  "percentile_25": 22.5,
  "percentile_75": 1560.0,
  "percentile_90": 1640.0,
  "trend": {
    "slope": 0.0001710289111598729,
    "direction": "increasing",
    "r_squared": 0.002049320678636508,
    "p_value": 0.01828548879211692
  },
  "trend_slope": 0.0001710289111598729,
  "trend_direction": "increasing",
  "anomalies": [],
  "anomaly_count": 0,
  "flow_status": {
    "status": "Below Normal",
    "latest_flow": 18.0,
    "percentile": 10.4158998895841
  },
  "recent_change": {
    "change_cfs": 0.0,
    "change_pct": 0.0
  },
  "summary": "Below Normal conditions (avg: 1165 cfs, trend: increasing)",
  "analysis_date": "2025-10-23 06:38:25",
  "sites_analyzed": [
    "01646500",
    "01491000"
  ]
}