{
  "mean_flow": 9806.770825480588,
  "median_flow": 12500.0,
  "std_flow": 5747.037732221172,
  "min_flow": 138.0,
  "max_flow": 16700.0,
  "total_records": 2653,
  "percentile_25": 206.0,
  "percentile_75": 13200.0,
  "percentile_90": 15100.0,
  "trend": {
    "slope": 0.003244631768678776,
    "direction": "increasing",
    "r_squared": 0.009492198951332045,
    "p_value": 4.960172173964956e-07
  },
  "trend_slope": 0.003244631768678776,
  "trend_direction": "increasing",
  "anomalies": [],
  "anomaly_count": 0,
  "flow_status": {
    "status": "Below Normal",
    "latest_flow": 198.0,
    "percentile": 23.595929136826236
  },
  "recent_change": {
    "change_cfs": 0.0,
    "change_pct": 0.0
  },
  "summary": "Below Normal conditions (avg: 9807 cfs, trend: increasing)",
  "analysis_date": "2026-03-19 02:56:17",
  "sites_analyzed": [
    "01646500",
    "01491000"
  ]
}