{
  "mean_flow": 2017.0894197952218,
  "median_flow": 2450.0,
  "std_flow": 1202.6117564905649,
  "min_flow": 17.7,
  "max_flow": 3230.0,
  "total_records": 2637,
  "percentile_25": 35.5,
  "percentile_75": 2960.0,
  "percentile_90": 3120.0,
  "trend": {
    "slope": -0.0011191005307377747,
    "direction": "decreasing",
    "r_squared": 0.025524944650002917,
    "p_value": 1.5395132185039484e-16
  },
  "trend_slope": -0.0011191005307377747,
  "trend_direction": "decreasing",
  "anomalies": [],
  "anomaly_count": 0,
  "flow_status": {
    "status": "Low Flow",
    "latest_flow": 17.7,
    "percentile": 0.720515737580584
  },
  "recent_change": {
    "change_cfs": 0.0,
    "change_pct": 0.0
  },
  "summary": "Low Flow conditions (avg: 2017 cfs, trend: decreasing)",
  "analysis_date": "2025-11-08 01:57:04",
  "sites_analyzed": [
    "01646500",
    "01491000"
  ]
}