{
  "mean_flow": 16518.735001840265,
  "median_flow": 16900.0,
  "std_flow": 10806.669806400398,
  "min_flow": 150.0,
  "max_flow": 32800.0,
  "total_records": 2717,
  "percentile_25": 12900.0,
  "percentile_75": 25400.0,
  "percentile_90": 30700.0,
  "trend": {
    "slope": -0.00718241227643499,
    "direction": "decreasing",
    "r_squared": 0.0137620734866386,
    "p_value": 8.610872049656261e-10
  },
  "trend_slope": -0.00718241227643499,
  "trend_direction": "decreasing",
  "anomalies": [],
  "anomaly_count": 0,
  "flow_status": {
    "status": "Normal",
    "latest_flow": 12900.0,
    "percentile": 25.432462274567534
  },
  "recent_change": {
    "change_cfs": -100.0,
    "change_pct": -0.7692307692307693
  },
  "summary": "Normal conditions (avg: 16519 cfs, trend: decreasing)",
  "analysis_date": "2026-02-27 07:04:47",
  "sites_analyzed": [
    "01646500",
    "01491000"
  ]
}