{
  "mean_flow": 6329.620793140408,
  "median_flow": 8250.0,
  "std_flow": 3640.862200385774,
  "min_flow": 80.7,
  "max_flow": 9410.0,
  "total_records": 2799,
  "percentile_25": 181.5,
  "percentile_75": 8600.0,
  "percentile_90": 9040.0,
  "trend": {
    "slope": -0.0005744137612877656,
    "direction": "stable",
    "r_squared": 0.000837483380558767,
    "p_value": 0.12584669561878944
  },
  "trend_slope": -0.0005744137612877656,
  "trend_direction": "stable",
  "anomalies": [],
  "anomaly_count": 0,
  "flow_status": {
    "status": "Normal",
    "latest_flow": 7660.0,
    "percentile": 27.009646302250808
  },
  "recent_change": {
    "change_cfs": -80.0,
    "change_pct": -1.03359173126615
  },
  "summary": "Normal conditions (avg: 6330 cfs, trend: stable)",
  "analysis_date": "2026-04-03 13:22:00",
  "sites_analyzed": [
    "01646500",
    "01491000"
  ]
}