{
  "mean_flow": 2729.431362555216,
  "median_flow": 3400.0,
  "std_flow": 1568.996903736422,
  "min_flow": 41.8,
  "max_flow": 4230.0,
  "total_records": 2943,
  "percentile_25": 56.6,
  "percentile_75": 3690.0,
  "percentile_90": 3980.0,
  "trend": {
    "slope": 0.000970711400737123,
    "direction": "increasing",
    "r_squared": 0.014191089061416884,
    "p_value": 8.998374329566676e-11
  },
  "trend_slope": 0.000970711400737123,
  "trend_direction": "increasing",
  "anomalies": [],
  "anomaly_count": 0,
  "flow_status": {
    "status": "High Flow",
    "latest_flow": 3980.0,
    "percentile": 90.21406727828746
  },
  "recent_change": {
    "change_cfs": -70.0,
    "change_pct": -1.728395061728395
  },
  "summary": "High Flow conditions (avg: 2729 cfs, trend: increasing)",
  "analysis_date": "2026-05-04 21:10:20",
  "sites_analyzed": [
    "01646500",
    "01491000"
  ]
}