{
  "mean_flow": 4067.7938244047614,
  "median_flow": 244.0,
  "std_flow": 4409.721004898326,
  "min_flow": 62.7,
  "max_flow": 13300.0,
  "total_records": 1344,
  "percentile_25": 143.0,
  "percentile_75": 8250.0,
  "percentile_90": 10600.0,
  "trend": {
    "slope": 0.01631587114824453,
    "direction": "increasing",
    "r_squared": 0.4074637268837362,
    "p_value": 1.0572935269292761e-154
  },
  "trend_slope": 0.01631587114824453,
  "trend_direction": "increasing",
  "anomalies": [],
  "anomaly_count": 0,
  "flow_status": {
    "status": "High Flow",
    "latest_flow": 13300.0,
    "percentile": 100.0
  },
  "recent_change": {
    "change_cfs": 300.0,
    "change_pct": 2.307692307692308
  },
  "summary": "High Flow conditions (avg: 4068 cfs, trend: increasing)",
  "analysis_date": "2026-02-20 07:06:56",
  "sites_analyzed": [
    "01646500",
    "01491000"
  ]
}