{
  "mean_flow": 1944.0977252329997,
  "median_flow": 2450.0,
  "std_flow": 1138.0577811603882,
  "min_flow": 8.37,
  "max_flow": 3450.0,
  "total_records": 2897,
  "percentile_25": 16.4,
  "percentile_75": 2600.0,
  "percentile_90": 2900.0,
  "trend": {
    "slope": 2.6238452573964645e-05,
    "direction": "stable",
    "r_squared": 1.8827041807255257e-05,
    "p_value": 0.8154178384813414
  },
  "trend_slope": 2.6238452573964645e-05,
  "trend_direction": "stable",
  "anomalies": [],
  "anomaly_count": 0,
  "flow_status": {
    "status": "Below Normal",
    "latest_flow": 15.4,
    "percentile": 22.92026234035209
  },
  "recent_change": {
    "change_cfs": -0.29999999999999893,
    "change_pct": -1.9108280254777004
  },
  "summary": "Below Normal conditions (avg: 1944 cfs, trend: stable)",
  "analysis_date": "2026-06-24 17:55:16",
  "sites_analyzed": [
    "01646500",
    "01491000"
  ]
}