{
  "mean_flow": 1539.8651708664136,
  "median_flow": 1900.0,
  "std_flow": 890.555039723067,
  "min_flow": 22.0,
  "max_flow": 2400.0,
  "total_records": 2897,
  "percentile_25": 28.2,
  "percentile_75": 2160.0,
  "percentile_90": 2260.0,
  "trend": {
    "slope": 0.0006629511122168469,
    "direction": "increasing",
    "r_squared": 0.01962798648482372,
    "p_value": 3.595718695259713e-14
  },
  "trend_slope": 0.0006629511122168469,
  "trend_direction": "increasing",
  "anomalies": [],
  "anomaly_count": 0,
  "flow_status": {
    "status": "Low Flow",
    "latest_flow": 22.5,
    "percentile": 2.3817742492233345
  },
  "recent_change": {
    "change_cfs": 0.5,
    "change_pct": 2.272727272727273
  },
  "summary": "Low Flow conditions (avg: 1540 cfs, trend: increasing)",
  "analysis_date": "2025-11-30 18:36:09",
  "sites_analyzed": [
    "01646500",
    "01491000"
  ]
}