{
  "mean_flow": -749365.0913028044,
  "median_flow": -999999.0,
  "std_flow": 433469.6463743496,
  "min_flow": -999999.0,
  "max_flow": 80.7,
  "total_records": 2817,
  "percentile_25": -999999.0,
  "percentile_75": 21.2,
  "percentile_90": 54.3,
  "trend": {
    "slope": 0.004204022709406844,
    "direction": "stable",
    "r_squared": 3.1501277436705855e-06,
    "p_value": 0.9249822991949423
  },
  "trend_slope": 0.004204022709406844,
  "trend_direction": "stable",
  "anomalies": [],
  "anomaly_count": 0,
  "flow_status": {
    "status": "Above Normal",
    "latest_flow": 46.7,
    "percentile": 78.84274050408236
  },
  "recent_change": {
    "change_cfs": 0.0,
    "change_pct": 0.0
  },
  "summary": "Above Normal conditions (avg: -749365 cfs, trend: stable)",
  "analysis_date": "2026-02-10 13:43:55",
  "sites_analyzed": [
    "01646500",
    "01491000"
  ]
}