{
  "mean_flow": 2839.7467927326657,
  "median_flow": 3510.0,
  "std_flow": 1631.1724318875622,
  "min_flow": 49.8,
  "max_flow": 4170.0,
  "total_records": 2697,
  "percentile_25": 64.0,
  "percentile_75": 3980.0,
  "percentile_90": 4050.0,
  "trend": {
    "slope": -0.0010044473405865259,
    "direction": "decreasing",
    "r_squared": 0.011716433906530963,
    "p_value": 1.7477793756553877e-08
  },
  "trend_slope": -0.0010044473405865259,
  "trend_direction": "decreasing",
  "anomalies": [],
  "anomaly_count": 0,
  "flow_status": {
    "status": "Normal",
    "latest_flow": 3400.0,
    "percentile": 34.92769744160178
  },
  "recent_change": {
    "change_cfs": 0.0,
    "change_pct": 0.0
  },
  "summary": "Normal conditions (avg: 2840 cfs, trend: decreasing)",
  "analysis_date": "2026-04-27 06:28:37",
  "sites_analyzed": [
    "01646500",
    "01491000"
  ]
}