{
  "mean_flow": 1302.9709207252045,
  "median_flow": 1600.0,
  "std_flow": 832.7217017900077,
  "min_flow": 52.0,
  "max_flow": 2700.0,
  "total_records": 2813,
  "percentile_25": 526.0,
  "percentile_75": 1980.0,
  "percentile_90": 2160.0,
  "trend": {
    "slope": 0.0017275017090077013,
    "direction": "increasing",
    "r_squared": 0.14372047399410637,
    "p_value": 7.744015856112735e-97
  },
  "trend_slope": 0.0017275017090077013,
  "trend_direction": "increasing",
  "anomalies": [],
  "anomaly_count": 0,
  "flow_status": {
    "status": "Normal",
    "latest_flow": 1890.0,
    "percentile": 62.56665481692144
  },
  "recent_change": {
    "change_cfs": 0.0,
    "change_pct": 0.0
  },
  "summary": "Normal conditions (avg: 1303 cfs, trend: increasing)",
  "analysis_date": "2026-02-03 13:19:40",
  "sites_analyzed": [
    "01646500",
    "01491000"
  ]
}