{
  "mean_flow": 4532.031943957968,
  "median_flow": 5430.0,
  "std_flow": 2679.3603822250134,
  "min_flow": 70.9,
  "max_flow": 7910.0,
  "total_records": 2855,
  "percentile_25": 2401.0,
  "percentile_75": 6450.0,
  "percentile_90": 7160.0,
  "trend": {
    "slope": -0.0035177283320973096,
    "direction": "decreasing",
    "r_squared": 0.05943703089846535,
    "p_value": 6.647420502603038e-40
  },
  "trend_slope": -0.0035177283320973096,
  "trend_direction": "decreasing",
  "anomalies": [],
  "anomaly_count": 0,
  "flow_status": {
    "status": "Normal",
    "latest_flow": 4880.0,
    "percentile": 33.55516637478109
  },
  "recent_change": {
    "change_cfs": -70.0,
    "change_pct": -1.4141414141414141
  },
  "summary": "Normal conditions (avg: 4532 cfs, trend: decreasing)",
  "analysis_date": "2026-04-16 15:26:02",
  "sites_analyzed": [
    "01646500",
    "01491000"
  ]
}