{
  "mean_flow": 3670.8674596081128,
  "median_flow": 4290.0,
  "std_flow": 2507.569372123451,
  "min_flow": 6.99,
  "max_flow": 9040.0,
  "total_records": 2909,
  "percentile_25": 1980.0,
  "percentile_75": 5220.0,
  "percentile_90": 6840.0,
  "trend": {
    "slope": 0.0020037374757874674,
    "direction": "increasing",
    "r_squared": 0.022803410276148,
    "p_value": 2.6531158822798473e-16
  },
  "trend_slope": 0.0020037374757874674,
  "trend_direction": "increasing",
  "anomalies": [],
  "anomaly_count": 0,
  "flow_status": {
    "status": "Normal",
    "latest_flow": 4170.0,
    "percentile": 46.68270883465108
  },
  "recent_change": {
    "change_cfs": -60.0,
    "change_pct": -1.4184397163120568
  },
  "summary": "Normal conditions (avg: 3671 cfs, trend: increasing)",
  "analysis_date": "2026-07-14 18:02:33",
  "sites_analyzed": [
    "01646500",
    "01491000"
  ]
}