{
  "mean_flow": 1166.6800496982605,
  "median_flow": 1480.0,
  "std_flow": 669.4297448697157,
  "min_flow": 14.2,
  "max_flow": 1890.0,
  "total_records": 2817,
  "percentile_25": 19.9,
  "percentile_75": 1560.0,
  "percentile_90": 1640.0,
  "trend": {
    "slope": 3.931777581176862e-05,
    "direction": "stable",
    "r_squared": 0.00011552695189265681,
    "p_value": 0.5685174641704969
  },
  "trend_slope": 3.931777581176862e-05,
  "trend_direction": "stable",
  "anomalies": [],
  "anomaly_count": 0,
  "flow_status": {
    "status": "Low Flow",
    "latest_flow": 14.2,
    "percentile": 1.1004614838480653
  },
  "recent_change": {
    "change_cfs": 0.0,
    "change_pct": 0.0
  },
  "summary": "Low Flow conditions (avg: 1167 cfs, trend: stable)",
  "analysis_date": "2025-10-25 12:48:08",
  "sites_analyzed": [
    "01646500",
    "01491000"
  ]
}