{
  "mean_flow": 6474.811986681465,
  "median_flow": 8420.0,
  "std_flow": 3722.8743059250746,
  "min_flow": 80.7,
  "max_flow": 9410.0,
  "total_records": 2703,
  "percentile_25": 107.0,
  "percentile_75": 8860.0,
  "percentile_90": 9130.0,
  "trend": {
    "slope": -0.0002720333005182856,
    "direction": "stable",
    "r_squared": 0.00016933883698478765,
    "p_value": 0.4988705742936961
  },
  "trend_slope": -0.0002720333005182856,
  "trend_direction": "stable",
  "anomalies": [],
  "anomaly_count": 0,
  "flow_status": {
    "status": "Normal",
    "latest_flow": 7910.0,
    "percentile": 25.564187939326672
  },
  "recent_change": {
    "change_cfs": -80.0,
    "change_pct": -1.0012515644555695
  },
  "summary": "Normal conditions (avg: 6475 cfs, trend: stable)",
  "analysis_date": "2026-04-02 07:25:23",
  "sites_analyzed": [
    "01646500",
    "01491000"
  ]
}