{
  "mean_flow": 1999.955944055944,
  "median_flow": 2450.0,
  "std_flow": 1197.1192782913233,
  "min_flow": 17.7,
  "max_flow": 3230.0,
  "total_records": 2717,
  "percentile_25": 35.5,
  "percentile_75": 2960.0,
  "percentile_90": 3120.0,
  "trend": {
    "slope": -0.0011866576767367047,
    "direction": "decreasing",
    "r_squared": 0.030744992875403873,
    "p_value": 3.3564824268650367e-20
  },
  "trend_slope": -0.0011866576767367047,
  "trend_direction": "decreasing",
  "anomalies": [],
  "anomaly_count": 0,
  "flow_status": {
    "status": "Low Flow",
    "latest_flow": 18.0,
    "percentile": 1.6562384983437615
  },
  "recent_change": {
    "change_cfs": 0.3000000000000007,
    "change_pct": 1.6949152542372923
  },
  "summary": "Low Flow conditions (avg: 2000 cfs, trend: decreasing)",
  "analysis_date": "2025-11-08 06:35:43",
  "sites_analyzed": [
    "01646500",
    "01491000"
  ]
}