{
  "mean_flow": 1182.0480139372821,
  "median_flow": 1520.0,
  "std_flow": 679.8576547760889,
  "min_flow": 19.1,
  "max_flow": 1770.0,
  "total_records": 2870,
  "percentile_25": 23.8,
  "percentile_75": 1600.0,
  "percentile_90": 1680.0,
  "trend": {
    "slope": 0.00010406944293603098,
    "direction": "stable",
    "r_squared": 0.0008352185015089816,
    "p_value": 0.12164672969348099
  },
  "trend_slope": 0.00010406944293603098,
  "trend_direction": "stable",
  "anomalies": [],
  "anomaly_count": 0,
  "flow_status": {
    "status": "Below Normal",
    "latest_flow": 22.5,
    "percentile": 18.885017421602786
  },
  "recent_change": {
    "change_cfs": 0.0,
    "change_pct": 0.0
  },
  "summary": "Below Normal conditions (avg: 1182 cfs, trend: stable)",
  "analysis_date": "2025-11-21 18:34:57",
  "sites_analyzed": [
    "01646500",
    "01491000"
  ]
}