{
  "mean_flow": -749322.0045815979,
  "median_flow": -999999.0,
  "std_flow": 433501.51563770964,
  "min_flow": -999999.0,
  "max_flow": 87.2,
  "total_records": 2641,
  "percentile_25": -999999.0,
  "percentile_75": 43.7,
  "percentile_90": 59.0,
  "trend": {
    "slope": 0.00478274653656615,
    "direction": "stable",
    "r_squared": 3.5831322490673464e-06,
    "p_value": 0.9225419530568293
  },
  "trend_slope": 0.00478274653656615,
  "trend_direction": "stable",
  "anomalies": [],
  "anomaly_count": 0,
  "flow_status": {
    "status": "Above Normal",
    "latest_flow": 55.4,
    "percentile": 85.49791745550928
  },
  "recent_change": {
    "change_cfs": 0.0,
    "change_pct": 0.0
  },
  "summary": "Above Normal conditions (avg: -749322 cfs, trend: stable)",
  "analysis_date": "2026-02-06 02:47:34",
  "sites_analyzed": [
    "01646500",
    "01491000"
  ]
}