{
  "mean_flow": 1711.4664764079148,
  "median_flow": 1980.0,
  "std_flow": 1009.7720762391156,
  "min_flow": 33.9,
  "max_flow": 3170.0,
  "total_records": 2628,
  "percentile_25": 306.0,
  "percentile_75": 2550.0,
  "percentile_90": 2750.0,
  "trend": {
    "slope": 0.0012481828060438703,
    "direction": "increasing",
    "r_squared": 0.04807863174040816,
    "p_value": 5.639949505587006e-30
  },
  "trend_slope": 0.0012481828060438703,
  "trend_direction": "increasing",
  "anomalies": [],
  "anomaly_count": 0,
  "flow_status": {
    "status": "Below Normal",
    "latest_flow": 122.0,
    "percentile": 15.943683409436835
  },
  "recent_change": {
    "change_cfs": -2628.0,
    "change_pct": -95.56363636363636
  },
  "summary": "Below Normal conditions (avg: 1711 cfs, trend: increasing)",
  "analysis_date": "2026-01-14 06:49:15",
  "sites_analyzed": [
    "01646500",
    "01491000"
  ]
}