{
  "mean_flow": 2173.5474468085104,
  "median_flow": 2650.0,
  "std_flow": 1299.4806863979375,
  "min_flow": 33.9,
  "max_flow": 3920.0,
  "total_records": 2820,
  "percentile_25": 306.0,
  "percentile_75": 2900.0,
  "percentile_90": 3740.0,
  "trend": {
    "slope": 0.0018474361228623766,
    "direction": "increasing",
    "r_squared": 0.07172415554639233,
    "p_value": 1.5998899328420566e-47
  },
  "trend_slope": 0.0018474361228623766,
  "trend_direction": "increasing",
  "anomalies": [],
  "anomaly_count": 0,
  "flow_status": {
    "status": "Low Flow",
    "latest_flow": 72.6,
    "percentile": 4.042553191489362
  },
  "recent_change": {
    "change_cfs": -3667.4,
    "change_pct": -98.05882352941177
  },
  "summary": "Low Flow conditions (avg: 2174 cfs, trend: increasing)",
  "analysis_date": "2026-01-17 18:38:22",
  "sites_analyzed": [
    "01646500",
    "01491000"
  ]
}