{
  "mean_flow": -749381.6657921989,
  "median_flow": -999999.0,
  "std_flow": 433458.652302975,
  "min_flow": -999999.0,
  "max_flow": 80.7,
  "total_records": 2897,
  "percentile_25": -999999.0,
  "percentile_75": 21.2,
  "percentile_90": 55.4,
  "trend": {
    "slope": 0.003972296457345228,
    "direction": "stable",
    "r_squared": 2.9745565359088344e-06,
    "p_value": 0.9260708976182237
  },
  "trend_slope": 0.003972296457345228,
  "trend_direction": "stable",
  "anomalies": [],
  "anomaly_count": 0,
  "flow_status": {
    "status": "High Flow",
    "latest_flow": 60.2,
    "percentile": 97.10044874007593
  },
  "recent_change": {
    "change_cfs": 4.800000000000004,
    "change_pct": 8.664259927797842
  },
  "summary": "High Flow conditions (avg: -749382 cfs, trend: stable)",
  "analysis_date": "2026-02-08 18:50:25",
  "sites_analyzed": [
    "01646500",
    "01491000"
  ]
}