{
  "mean_flow": 1634.0822018348624,
  "median_flow": 2120.0,
  "std_flow": 951.4389294412105,
  "min_flow": 36.4,
  "max_flow": 2750.0,
  "total_records": 2725,
  "percentile_25": 43.7,
  "percentile_75": 2260.0,
  "percentile_90": 2350.0,
  "trend": {
    "slope": -0.00042743463509100716,
    "direction": "decreasing",
    "r_squared": 0.006650211055191208,
    "p_value": 2.024961376777749e-05
  },
  "trend_slope": -0.00042743463509100716,
  "trend_direction": "decreasing",
  "anomalies": [],
  "anomaly_count": 0,
  "flow_status": {
    "status": "Normal",
    "latest_flow": 1810.0,
    "percentile": 26.128440366972477
  },
  "recent_change": {
    "change_cfs": 1773.6,
    "change_pct": 4872.527472527472
  },
  "summary": "Normal conditions (avg: 1634 cfs, trend: decreasing)",
  "analysis_date": "2026-01-05 13:03:21",
  "sites_analyzed": [
    "01646500",
    "01491000"
  ]
}