{
  "mean_flow": 10614.953075008887,
  "median_flow": 13100.0,
  "std_flow": 6504.910888699149,
  "min_flow": 140.0,
  "max_flow": 18300.0,
  "total_records": 2813,
  "percentile_25": 8080.0,
  "percentile_75": 15600.0,
  "percentile_90": 17600.0,
  "trend": {
    "slope": 0.0038656369861938566,
    "direction": "increasing",
    "r_squared": 0.011793449954825966,
    "p_value": 7.727535154371487e-09
  },
  "trend_slope": 0.0038656369861938566,
  "trend_direction": "increasing",
  "anomalies": [],
  "anomaly_count": 0,
  "flow_status": {
    "status": "Normal",
    "latest_flow": 12800.0,
    "percentile": 42.58798435833629
  },
  "recent_change": {
    "change_cfs": 0.0,
    "change_pct": 0.0
  },
  "summary": "Normal conditions (avg: 10615 cfs, trend: increasing)",
  "analysis_date": "2026-03-13 13:18:05",
  "sites_analyzed": [
    "01646500",
    "01491000"
  ]
}