{
  "mean_flow": 1422.955678287884,
  "median_flow": 1810.0,
  "std_flow": 827.9574065959658,
  "min_flow": 22.0,
  "max_flow": 2350.0,
  "total_records": 2897,
  "percentile_25": 28.2,
  "percentile_75": 1980.0,
  "percentile_90": 2160.0,
  "trend": {
    "slope": 0.0007691468303680695,
    "direction": "increasing",
    "r_squared": 0.03056587219209005,
    "p_value": 2.5649240180052252e-21
  },
  "trend_slope": 0.0007691468303680695,
  "trend_direction": "increasing",
  "anomalies": [],
  "anomaly_count": 0,
  "flow_status": {
    "status": "Below Normal",
    "latest_flow": 24.8,
    "percentile": 11.391094235415949
  },
  "recent_change": {
    "change_cfs": 0.0,
    "change_pct": 0.0
  },
  "summary": "Below Normal conditions (avg: 1423 cfs, trend: increasing)",
  "analysis_date": "2025-11-28 18:37:06",
  "sites_analyzed": [
    "01646500",
    "01491000"
  ]
}