{
  "mean_flow": 6447.235818765608,
  "median_flow": 8340.0,
  "std_flow": 3717.8088045230647,
  "min_flow": 80.7,
  "max_flow": 9410.0,
  "total_records": 2803,
  "percentile_25": 104.0,
  "percentile_75": 8860.0,
  "percentile_90": 9130.0,
  "trend": {
    "slope": -0.0004924393095080076,
    "direction": "stable",
    "r_squared": 0.000597437000255944,
    "p_value": 0.19577405187204555
  },
  "trend_slope": -0.0004924393095080076,
  "trend_direction": "stable",
  "anomalies": [],
  "anomaly_count": 0,
  "flow_status": {
    "status": "Below Normal",
    "latest_flow": 99.1,
    "percentile": 19.728861933642523
  },
  "recent_change": {
    "change_cfs": -7810.9,
    "change_pct": -98.74715549936789
  },
  "summary": "Below Normal conditions (avg: 6447 cfs, trend: stable)",
  "analysis_date": "2026-04-02 13:46:24",
  "sites_analyzed": [
    "01646500",
    "01491000"
  ]
}