{
  "mean_flow": 1932.476700179533,
  "median_flow": 2450.0,
  "std_flow": 1130.3261616441782,
  "min_flow": 8.37,
  "max_flow": 3450.0,
  "total_records": 2785,
  "percentile_25": 16.4,
  "percentile_75": 2600.0,
  "percentile_90": 2850.0,
  "trend": {
    "slope": -8.442635574272789e-05,
    "direction": "stable",
    "r_squared": 0.000182617559107832,
    "p_value": 0.4759278829002477
  },
  "trend_slope": -8.442635574272789e-05,
  "trend_direction": "stable",
  "anomalies": [],
  "anomaly_count": 0,
  "flow_status": {
    "status": "Below Normal",
    "latest_flow": 16.1,
    "percentile": 24.38061041292639
  },
  "recent_change": {
    "change_cfs": -0.29999999999999716,
    "change_pct": -1.8292682926829098
  },
  "summary": "Below Normal conditions (avg: 1932 cfs, trend: stable)",
  "analysis_date": "2026-06-24 10:51:30",
  "sites_analyzed": [
    "01646500",
    "01491000"
  ]
}