{
  "mean_flow": 1928.9643806428314,
  "median_flow": 2070.0,
  "std_flow": 1309.1931453751906,
  "min_flow": 1.04,
  "max_flow": 5080.0,
  "total_records": 2769,
  "percentile_25": 13.9,
  "percentile_75": 2400.0,
  "percentile_90": 3450.0,
  "trend": {
    "slope": 0.0017034794908941167,
    "direction": "increasing",
    "r_squared": 0.05535285623198668,
    "p_value": 3.9102364048587756e-36
  },
  "trend_slope": 0.0017034794908941167,
  "trend_direction": "increasing",
  "anomalies": [],
  "anomaly_count": 0,
  "flow_status": {
    "status": "Above Normal",
    "latest_flow": 2960.0,
    "percentile": 82.05128205128204
  },
  "recent_change": {
    "change_cfs": 0.0,
    "change_pct": 0.0
  },
  "summary": "Above Normal conditions (avg: 1929 cfs, trend: increasing)",
  "analysis_date": "2026-07-09 10:29:55",
  "sites_analyzed": [
    "01646500",
    "01491000"
  ]
}