{
  "mean_flow": 1635.241812865497,
  "median_flow": 1940.0,
  "std_flow": 968.306863446533,
  "min_flow": 33.9,
  "max_flow": 3170.0,
  "total_records": 2736,
  "percentile_25": 306.0,
  "percentile_75": 2270.0,
  "percentile_90": 2700.0,
  "trend": {
    "slope": 0.001140875934997251,
    "direction": "increasing",
    "r_squared": 0.046407245942204176,
    "p_value": 4.326610230727869e-30
  },
  "trend_slope": 0.001140875934997251,
  "trend_direction": "increasing",
  "anomalies": [],
  "anomaly_count": 0,
  "flow_status": {
    "status": "Above Normal",
    "latest_flow": 2600.0,
    "percentile": 88.74269005847954
  },
  "recent_change": {
    "change_cfs": 0.0,
    "change_pct": 0.0
  },
  "summary": "Above Normal conditions (avg: 1635 cfs, trend: increasing)",
  "analysis_date": "2026-01-13 13:04:20",
  "sites_analyzed": [
    "01646500",
    "01491000"
  ]
}