{
  "mean_flow": 1760.616244390749,
  "median_flow": 2210.0,
  "std_flow": 1043.4176282609922,
  "min_flow": 1.04,
  "max_flow": 2900.0,
  "total_records": 2897,
  "percentile_25": 9.75,
  "percentile_75": 2450.0,
  "percentile_90": 2700.0,
  "trend": {
    "slope": -0.0010664212711030692,
    "direction": "decreasing",
    "r_squared": 0.037279377963282984,
    "p_value": 9.958705777362296e-26
  },
  "trend_slope": -0.0010664212711030692,
  "trend_direction": "decreasing",
  "anomalies": [],
  "anomaly_count": 0,
  "flow_status": {
    "status": "Normal",
    "latest_flow": 1980.0,
    "percentile": 35.24335519502934
  },
  "recent_change": {
    "change_cfs": 0.0,
    "change_pct": 0.0
  },
  "summary": "Normal conditions (avg: 1761 cfs, trend: decreasing)",
  "analysis_date": "2026-07-06 18:11:48",
  "sites_analyzed": [
    "01646500",
    "01491000"
  ]
}