{
  "mean_flow": 9699.66017964072,
  "median_flow": 7910.0,
  "std_flow": 9656.963068876297,
  "min_flow": 65.7,
  "max_flow": 32800.0,
  "total_records": 2004,
  "percentile_25": 242.0,
  "percentile_75": 16500.0,
  "percentile_90": 24900.0,
  "trend": {
    "slope": 0.037845610448353606,
    "direction": "increasing",
    "r_squared": 0.42895179209531525,
    "p_value": 7.313196465100588e-246
  },
  "trend_slope": 0.037845610448353606,
  "trend_direction": "increasing",
  "anomalies": [],
  "anomaly_count": 0,
  "flow_status": {
    "status": "High Flow",
    "latest_flow": 32400.0,
    "percentile": 96.7065868263473
  },
  "recent_change": {
    "change_cfs": 31870.0,
    "change_pct": 6013.207547169812
  },
  "summary": "High Flow conditions (avg: 9700 cfs, trend: increasing)",
  "analysis_date": "2026-02-22 13:08:04",
  "sites_analyzed": [
    "01646500",
    "01491000"
  ]
}