{
  "mean_flow": 4577.3973693960725,
  "median_flow": 5570.0,
  "std_flow": 2705.9020728542073,
  "min_flow": 72.6,
  "max_flow": 7910.0,
  "total_records": 2699,
  "percentile_25": 119.0,
  "percentile_75": 6610.0,
  "percentile_90": 7160.0,
  "trend": {
    "slope": -0.0036901783431610292,
    "direction": "decreasing",
    "r_squared": 0.057330286732213326,
    "p_value": 1.6924628462067817e-36
  },
  "trend_slope": -0.0036901783431610292,
  "trend_direction": "decreasing",
  "anomalies": [],
  "anomaly_count": 0,
  "flow_status": {
    "status": "Low Flow",
    "latest_flow": 72.6,
    "percentile": 0.5928121526491293
  },
  "recent_change": {
    "change_cfs": 0.0,
    "change_pct": 0.0
  },
  "summary": "Low Flow conditions (avg: 4577 cfs, trend: decreasing)",
  "analysis_date": "2026-04-16 05:31:12",
  "sites_analyzed": [
    "01646500",
    "01491000"
  ]
}