{
  "mean_flow": 2053.216742081448,
  "median_flow": 2600.0,
  "std_flow": 1222.750910595139,
  "min_flow": 18.4,
  "max_flow": 3230.0,
  "total_records": 2652,
  "percentile_25": 41.8,
  "percentile_75": 2960.0,
  "percentile_90": 3120.0,
  "trend": {
    "slope": -0.00026939008816495265,
    "direction": "decreasing",
    "r_squared": 0.0014721395893339372,
    "p_value": 0.04819113613136
  },
  "trend_slope": -0.00026939008816495265,
  "trend_direction": "decreasing",
  "anomalies": [],
  "anomaly_count": 0,
  "flow_status": {
    "status": "Low Flow",
    "latest_flow": 18.4,
    "percentile": 0.301659125188537
  },
  "recent_change": {
    "change_cfs": -2101.6,
    "change_pct": -99.13207547169812
  },
  "summary": "Low Flow conditions (avg: 2053 cfs, trend: decreasing)",
  "analysis_date": "2025-11-07 06:39:32",
  "sites_analyzed": [
    "01646500",
    "01491000"
  ]
}