{
  "mean_flow": 1544.838541281007,
  "median_flow": 1890.0,
  "std_flow": 922.4155923439308,
  "min_flow": 17.7,
  "max_flow": 3120.0,
  "total_records": 2701,
  "percentile_25": 42.7,
  "percentile_75": 2070.0,
  "percentile_90": 2450.0,
  "trend": {
    "slope": -0.0011681524158199898,
    "direction": "decreasing",
    "r_squared": 0.04938421910201785,
    "p_value": 1.4263838386280166e-31
  },
  "trend_slope": -0.0011681524158199898,
  "trend_direction": "decreasing",
  "anomalies": [],
  "anomaly_count": 0,
  "flow_status": {
    "status": "Below Normal",
    "latest_flow": 36.4,
    "percentile": 19.844502036282858
  },
  "recent_change": {
    "change_cfs": -0.8000000000000043,
    "change_pct": -2.1505376344086136
  },
  "summary": "Below Normal conditions (avg: 1545 cfs, trend: decreasing)",
  "analysis_date": "2025-11-12 06:39:57",
  "sites_analyzed": [
    "01646500",
    "01491000"
  ]
}