{
  "mean_flow": 2799.829856262834,
  "median_flow": 3170.0,
  "std_flow": 1768.2427096561391,
  "min_flow": 8.37,
  "max_flow": 5290.0,
  "total_records": 2922,
  "percentile_25": 27.2,
  "percentile_75": 4360.0,
  "percentile_90": 4880.0,
  "trend": {
    "slope": -0.003254701949306298,
    "direction": "decreasing",
    "r_squared": 0.12266764514022652,
    "p_value": 4.399900008577994e-85
  },
  "trend_slope": -0.003254701949306298,
  "trend_direction": "decreasing",
  "anomalies": [],
  "anomaly_count": 0,
  "flow_status": {
    "status": "Low Flow",
    "latest_flow": 8.56,
    "percentile": 0.7871321013004791
  },
  "recent_change": {
    "change_cfs": 0.0,
    "change_pct": 0.0
  },
  "summary": "Low Flow conditions (avg: 2800 cfs, trend: decreasing)",
  "analysis_date": "2026-06-18 19:30:46",
  "sites_analyzed": [
    "01646500",
    "01491000"
  ]
}