{
  "mean_flow": 1523.3824058071207,
  "median_flow": 1850.0,
  "std_flow": 904.9038371486366,
  "min_flow": 33.9,
  "max_flow": 3280.0,
  "total_records": 2893,
  "percentile_25": 138.0,
  "percentile_75": 1980.0,
  "percentile_90": 2030.0,
  "trend": {
    "slope": 0.0006936089360741957,
    "direction": "increasing",
    "r_squared": 0.020794170879777012,
    "p_value": 6.515652782053902e-15
  },
  "trend_slope": 0.0006936089360741957,
  "trend_direction": "increasing",
  "anomalies": [],
  "anomaly_count": 0,
  "flow_status": {
    "status": "Normal",
    "latest_flow": 141.0,
    "percentile": 25.09505703422053
  },
  "recent_change": {
    "change_cfs": 7.0,
    "change_pct": 5.223880597014925
  },
  "summary": "Normal conditions (avg: 1523 cfs, trend: increasing)",
  "analysis_date": "2026-01-11 18:38:46",
  "sites_analyzed": [
    "01646500",
    "01491000"
  ]
}