{
  "mean_flow": 1813.9152962962962,
  "median_flow": 2260.0,
  "std_flow": 1052.1679251873172,
  "min_flow": 22.0,
  "max_flow": 2850.0,
  "total_records": 2700,
  "percentile_25": 56.6,
  "percentile_75": 2600.0,
  "percentile_90": 2700.0,
  "trend": {
    "slope": 0.0007234760281657305,
    "direction": "increasing",
    "r_squared": 0.014576416920437218,
    "p_value": 3.1020550727518384e-10
  },
  "trend_slope": 0.0007234760281657305,
  "trend_direction": "increasing",
  "anomalies": [],
  "anomaly_count": 0,
  "flow_status": {
    "status": "Below Normal",
    "latest_flow": 37.2,
    "percentile": 14.333333333333334
  },
  "recent_change": {
    "change_cfs": -2462.8,
    "change_pct": -98.51200000000001
  },
  "summary": "Below Normal conditions (avg: 1814 cfs, trend: increasing)",
  "analysis_date": "2025-12-06 06:37:51",
  "sites_analyzed": [
    "01646500",
    "01491000"
  ]
}