{
  "mean_flow": 2715.269737328894,
  "median_flow": 3450.0,
  "std_flow": 1584.0066904195976,
  "min_flow": 33.9,
  "max_flow": 4230.0,
  "total_records": 2703,
  "percentile_25": 45.7,
  "percentile_75": 3860.0,
  "percentile_90": 4050.0,
  "trend": {
    "slope": -0.0013506593567166702,
    "direction": "decreasing",
    "r_squared": 0.02254204507854891,
    "p_value": 4.26970259313857e-15
  },
  "trend_slope": -0.0013506593567166702,
  "trend_direction": "decreasing",
  "anomalies": [],
  "anomaly_count": 0,
  "flow_status": {
    "status": "Low Flow",
    "latest_flow": 35.5,
    "percentile": 3.7365889752127264
  },
  "recent_change": {
    "change_cfs": -2924.5,
    "change_pct": -98.80067567567568
  },
  "summary": "Low Flow conditions (avg: 2715 cfs, trend: decreasing)",
  "analysis_date": "2026-05-10 06:33:56",
  "sites_analyzed": [
    "01646500",
    "01491000"
  ]
}