{
  "mean_flow": 1307.6179204411185,
  "median_flow": 1680.0,
  "std_flow": 769.7172072923781,
  "min_flow": 17.7,
  "max_flow": 2070.0,
  "total_records": 2539,
  "percentile_25": 42.7,
  "percentile_75": 1850.0,
  "percentile_90": 1980.0,
  "trend": {
    "slope": -0.0005893108334216914,
    "direction": "decreasing",
    "r_squared": 0.017755353354371353,
    "p_value": 1.572999937545178e-11
  },
  "trend_slope": -0.0005893108334216914,
  "trend_direction": "decreasing",
  "anomalies": [],
  "anomaly_count": 0,
  "flow_status": {
    "status": "Normal",
    "latest_flow": 1640.0,
    "percentile": 46.868846002363135
  },
  "recent_change": {
    "change_cfs": -40.0,
    "change_pct": -2.380952380952381
  },
  "summary": "Normal conditions (avg: 1308 cfs, trend: decreasing)",
  "analysis_date": "2025-11-15 02:00:55",
  "sites_analyzed": [
    "01646500",
    "01491000"
  ]
}