{
  "mean_flow": 5331.118857142857,
  "median_flow": 6690.0,
  "std_flow": 3115.2358903274953,
  "min_flow": 85.0,
  "max_flow": 8340.0,
  "total_records": 2800,
  "percentile_25": 153.0,
  "percentile_75": 7570.0,
  "percentile_90": 7990.0,
  "trend": {
    "slope": -0.002748485047406797,
    "direction": "decreasing",
    "r_squared": 0.02642439361635618,
    "p_value": 4.9104867667990165e-18
  },
  "trend_slope": -0.002748485047406797,
  "trend_direction": "decreasing",
  "anomalies": [],
  "anomaly_count": 0,
  "flow_status": {
    "status": "Low Flow",
    "latest_flow": 85.0,
    "percentile": 0.7857142857142858
  },
  "recent_change": {
    "change_cfs": -5555.0,
    "change_pct": -98.49290780141844
  },
  "summary": "Low Flow conditions (avg: 5331 cfs, trend: decreasing)",
  "analysis_date": "2026-04-13 13:42:21",
  "sites_analyzed": [
    "01646500",
    "01491000"
  ]
}