{
  "mean_flow": 1252.163965963744,
  "median_flow": 1600.0,
  "std_flow": 733.6863048818874,
  "min_flow": 18.7,
  "max_flow": 1980.0,
  "total_records": 2703,
  "percentile_25": 42.7,
  "percentile_75": 1730.0,
  "percentile_90": 1890.0,
  "trend": {
    "slope": -0.0004030514121664689,
    "direction": "decreasing",
    "r_squared": 0.010131423268323454,
    "p_value": 1.571388586021972e-07
  },
  "trend_slope": -0.0004030514121664689,
  "trend_direction": "decreasing",
  "anomalies": [],
  "anomaly_count": 0,
  "flow_status": {
    "status": "Low Flow",
    "latest_flow": 26.2,
    "percentile": 6.585275619681835
  },
  "recent_change": {
    "change_cfs": -1493.8,
    "change_pct": -98.27631578947368
  },
  "summary": "Low Flow conditions (avg: 1252 cfs, trend: decreasing)",
  "analysis_date": "2025-11-16 12:49:52",
  "sites_analyzed": [
    "01646500",
    "01491000"
  ]
}