{
  "mean_flow": 2614.492828358209,
  "median_flow": 3060.0,
  "std_flow": 1620.9490847648442,
  "min_flow": 8.37,
  "max_flow": 5010.0,
  "total_records": 2680,
  "percentile_25": 1881.8,
  "percentile_75": 3690.0,
  "percentile_90": 4490.0,
  "trend": {
    "slope": -0.0029494676405953744,
    "direction": "decreasing",
    "r_squared": 0.10066225406867177,
    "p_value": 9.722611853715634e-64
  },
  "trend_slope": -0.0029494676405953744,
  "trend_direction": "decreasing",
  "anomalies": [],
  "anomaly_count": 0,
  "flow_status": {
    "status": "Normal",
    "latest_flow": 2650.0,
    "percentile": 36.49253731343284
  },
  "recent_change": {
    "change_cfs": 0.0,
    "change_pct": 0.0
  },
  "summary": "Normal conditions (avg: 2614 cfs, trend: decreasing)",
  "analysis_date": "2026-06-19 04:25:09",
  "sites_analyzed": [
    "01646500",
    "01491000"
  ]
}