{
  "mean_flow": 1954.1025514403293,
  "median_flow": 2400.0,
  "std_flow": 1149.8777673221343,
  "min_flow": 5.24,
  "max_flow": 3450.0,
  "total_records": 2673,
  "percentile_25": 16.4,
  "percentile_75": 2700.0,
  "percentile_90": 2960.0,
  "trend": {
    "slope": -9.453522200427343e-05,
    "direction": "stable",
    "r_squared": 0.0002038132118504206,
    "p_value": 0.4606401833196002
  },
  "trend_slope": -9.453522200427343e-05,
  "trend_direction": "stable",
  "anomalies": [],
  "anomaly_count": 0,
  "flow_status": {
    "status": "Below Normal",
    "latest_flow": 9.55,
    "percentile": 14.40329218106996
  },
  "recent_change": {
    "change_cfs": 0.0,
    "change_pct": 0.0
  },
  "summary": "Below Normal conditions (avg: 1954 cfs, trend: stable)",
  "analysis_date": "2026-06-30 03:37:29",
  "sites_analyzed": [
    "01646500",
    "01491000"
  ]
}