{
  "mean_flow": 1669.1875649591684,
  "median_flow": 2070.0,
  "std_flow": 967.4590832227206,
  "min_flow": 28.7,
  "max_flow": 2650.0,
  "total_records": 2694,
  "percentile_25": 47.7,
  "percentile_75": 2300.0,
  "percentile_90": 2550.0,
  "trend": {
    "slope": -0.0008903929014503883,
    "direction": "decreasing",
    "r_squared": 0.026065758965445236,
    "p_value": 3.418909816169173e-17
  },
  "trend_slope": -0.0008903929014503883,
  "trend_direction": "decreasing",
  "anomalies": [],
  "anomaly_count": 0,
  "flow_status": {
    "status": "Low Flow",
    "latest_flow": 28.7,
    "percentile": 0.22271714922048996
  },
  "recent_change": {
    "change_cfs": -1861.3,
    "change_pct": -98.48148148148148
  },
  "summary": "Low Flow conditions (avg: 1669 cfs, trend: decreasing)",
  "analysis_date": "2025-12-12 06:44:37",
  "sites_analyzed": [
    "01646500",
    "01491000"
  ]
}