{
  "mean_flow": 1170.9929577464789,
  "median_flow": 1520.0,
  "std_flow": 674.4205160923382,
  "min_flow": 19.1,
  "max_flow": 1770.0,
  "total_records": 2769,
  "percentile_25": 26.5,
  "percentile_75": 1600.0,
  "percentile_90": 1680.0,
  "trend": {
    "slope": 1.0945999384286609e-05,
    "direction": "stable",
    "r_squared": 8.78772399599777e-06,
    "p_value": 0.87609532395963
  },
  "trend_slope": 1.0945999384286609e-05,
  "trend_direction": "stable",
  "anomalies": [],
  "anomaly_count": 0,
  "flow_status": {
    "status": "Below Normal",
    "latest_flow": 23.8,
    "percentile": 22.13795594077284
  },
  "recent_change": {
    "change_cfs": -1616.2,
    "change_pct": -98.54878048780488
  },
  "summary": "Below Normal conditions (avg: 1171 cfs, trend: stable)",
  "analysis_date": "2025-11-20 12:55:34",
  "sites_analyzed": [
    "01646500",
    "01491000"
  ]
}