{
  "mean_flow": 1893.9813671875,
  "median_flow": 2450.0,
  "std_flow": 1102.8052292008065,
  "min_flow": 33.9,
  "max_flow": 3510.0,
  "total_records": 2560,
  "percentile_25": 306.0,
  "percentile_75": 2750.0,
  "percentile_90": 2850.0,
  "trend": {
    "slope": 0.0014301189822843096,
    "direction": "increasing",
    "r_squared": 0.05062423603134156,
    "p_value": 9.683331825360916e-31
  },
  "trend_slope": 0.0014301189822843096,
  "trend_direction": "increasing",
  "anomalies": [],
  "anomaly_count": 0,
  "flow_status": {
    "status": "High Flow",
    "latest_flow": 3450.0,
    "percentile": 99.9609375
  },
  "recent_change": {
    "change_cfs": 3358.2,
    "change_pct": 3658.169934640523
  },
  "summary": "High Flow conditions (avg: 1894 cfs, trend: increasing)",
  "analysis_date": "2026-01-16 02:23:24",
  "sites_analyzed": [
    "01646500",
    "01491000"
  ]
}