{
  "mean_flow": 1646.817694063927,
  "median_flow": 2120.0,
  "std_flow": 945.5311508157779,
  "min_flow": 22.0,
  "max_flow": 2700.0,
  "total_records": 2628,
  "percentile_25": 32.5,
  "percentile_75": 2210.0,
  "percentile_90": 2300.0,
  "trend": {
    "slope": 0.00023663025013243757,
    "direction": "increasing",
    "r_squared": 0.0018420025277886376,
    "p_value": 0.027796617932404788
  },
  "trend_slope": 0.00023663025013243757,
  "trend_direction": "increasing",
  "anomalies": [],
  "anomaly_count": 0,
  "flow_status": {
    "status": "High Flow",
    "latest_flow": 2550.0,
    "percentile": 97.8310502283105
  },
  "recent_change": {
    "change_cfs": 0.0,
    "change_pct": 0.0
  },
  "summary": "High Flow conditions (avg: 1647 cfs, trend: increasing)",
  "analysis_date": "2025-12-03 02:07:43",
  "sites_analyzed": [
    "01646500",
    "01491000"
  ]
}