{
  "mean_flow": 2314.741712457659,
  "median_flow": 2850.0,
  "std_flow": 1381.3235538424608,
  "min_flow": 2.49,
  "max_flow": 4050.0,
  "total_records": 2657,
  "percentile_25": 49.8,
  "percentile_75": 3280.0,
  "percentile_90": 3630.0,
  "trend": {
    "slope": 0.0003741150926152336,
    "direction": "increasing",
    "r_squared": 0.002185517226743762,
    "p_value": 0.01595520026910448
  },
  "trend_slope": 0.0003741150926152336,
  "trend_direction": "increasing",
  "anomalies": [],
  "anomaly_count": 0,
  "flow_status": {
    "status": "Below Normal",
    "latest_flow": 34.7,
    "percentile": 18.70530673692134
  },
  "recent_change": {
    "change_cfs": -0.7999999999999972,
    "change_pct": -2.2535211267605555
  },
  "summary": "Below Normal conditions (avg: 2315 cfs, trend: increasing)",
  "analysis_date": "2026-07-24 02:44:35",
  "sites_analyzed": [
    "01646500",
    "01491000"
  ]
}