{
  "mean_flow": 1775.1682769113734,
  "median_flow": 2210.0,
  "std_flow": 1029.745588918628,
  "min_flow": 22.0,
  "max_flow": 2850.0,
  "total_records": 2629,
  "percentile_25": 57.8,
  "percentile_75": 2550.0,
  "percentile_90": 2700.0,
  "trend": {
    "slope": 0.0007774385682320647,
    "direction": "increasing",
    "r_squared": 0.01666848084411045,
    "p_value": 3.0434537863521604e-11
  },
  "trend_slope": 0.0007774385682320647,
  "trend_direction": "increasing",
  "anomalies": [],
  "anomaly_count": 0,
  "flow_status": {
    "status": "Above Normal",
    "latest_flow": 2600.0,
    "percentile": 84.89920121719285
  },
  "recent_change": {
    "change_cfs": 0.0,
    "change_pct": 0.0
  },
  "summary": "Above Normal conditions (avg: 1775 cfs, trend: increasing)",
  "analysis_date": "2025-12-05 02:08:46",
  "sites_analyzed": [
    "01646500",
    "01491000"
  ]
}