{
  "mean_flow": 1533.2945298534144,
  "median_flow": 1890.0,
  "std_flow": 917.1954219510885,
  "min_flow": 17.7,
  "max_flow": 3120.0,
  "total_records": 2797,
  "percentile_25": 42.7,
  "percentile_75": 2070.0,
  "percentile_90": 2450.0,
  "trend": {
    "slope": -0.0011591015093993665,
    "direction": "decreasing",
    "r_squared": 0.05273374223891315,
    "p_value": 8.60270208082015e-35
  },
  "trend_slope": -0.0011591015093993665,
  "trend_direction": "decreasing",
  "anomalies": [],
  "anomaly_count": 0,
  "flow_status": {
    "status": "Below Normal",
    "latest_flow": 35.5,
    "percentile": 19.377904898105115
  },
  "recent_change": {
    "change_cfs": 0.0,
    "change_pct": 0.0
  },
  "summary": "Below Normal conditions (avg: 1533 cfs, trend: decreasing)",
  "analysis_date": "2025-11-12 12:57:51",
  "sites_analyzed": [
    "01646500",
    "01491000"
  ]
}