{
  "mean_flow": 2794.8561197646245,
  "median_flow": 2070.0,
  "std_flow": 2416.000346162447,
  "min_flow": 1.04,
  "max_flow": 9040.0,
  "total_records": 2889,
  "percentile_25": 14.8,
  "percentile_75": 3920.0,
  "percentile_90": 6840.0,
  "trend": {
    "slope": 0.0067329560142152835,
    "direction": "increasing",
    "r_squared": 0.27492784108638985,
    "p_value": 8.165428758316746e-204
  },
  "trend_slope": 0.0067329560142152835,
  "trend_direction": "increasing",
  "anomalies": [],
  "anomaly_count": 0,
  "flow_status": {
    "status": "Normal",
    "latest_flow": 14.8,
    "percentile": 25.12980269989616
  },
  "recent_change": {
    "change_cfs": 0.0,
    "change_pct": 0.0
  },
  "summary": "Normal conditions (avg: 2795 cfs, trend: increasing)",
  "analysis_date": "2026-07-11 17:54:31",
  "sites_analyzed": [
    "01646500",
    "01491000"
  ]
}