{
  "mean_flow": 3437.2912543554007,
  "median_flow": 4230.0,
  "std_flow": 1995.6149621401498,
  "min_flow": 57.8,
  "max_flow": 5430.0,
  "total_records": 2870,
  "percentile_25": 80.7,
  "percentile_75": 4810.0,
  "percentile_90": 5150.0,
  "trend": {
    "slope": -0.0017133701175141849,
    "direction": "decreasing",
    "r_squared": 0.026264853334776923,
    "p_value": 2.4107862589482134e-18
  },
  "trend_slope": -0.0017133701175141849,
  "trend_direction": "decreasing",
  "anomalies": [],
  "anomaly_count": 0,
  "flow_status": {
    "status": "Normal",
    "latest_flow": 4050.0,
    "percentile": 36.79442508710801
  },
  "recent_change": {
    "change_cfs": 3992.2,
    "change_pct": 6906.920415224914
  },
  "summary": "Normal conditions (avg: 3437 cfs, trend: decreasing)",
  "analysis_date": "2026-04-21 17:59:31",
  "sites_analyzed": [
    "01646500",
    "01491000"
  ]
}