{
  "mean_flow": 5455.299450549451,
  "median_flow": 7080.0,
  "std_flow": 3156.4756420201984,
  "min_flow": 91.8,
  "max_flow": 8340.0,
  "total_records": 2912,
  "percentile_25": 153.0,
  "percentile_75": 7570.0,
  "percentile_90": 7990.0,
  "trend": {
    "slope": -0.001710004665385752,
    "direction": "decreasing",
    "r_squared": 0.010827445884029266,
    "p_value": 1.823240545905934e-08
  },
  "trend_slope": -0.001710004665385752,
  "trend_direction": "decreasing",
  "anomalies": [],
  "anomaly_count": 0,
  "flow_status": {
    "status": "Low Flow",
    "latest_flow": 91.8,
    "percentile": 1.1675824175824177
  },
  "recent_change": {
    "change_cfs": 0.0,
    "change_pct": 0.0
  },
  "summary": "Low Flow conditions (avg: 5455 cfs, trend: decreasing)",
  "analysis_date": "2026-04-12 20:39:12",
  "sites_analyzed": [
    "01646500",
    "01491000"
  ]
}