{
  "mean_flow": 11375.886644832606,
  "median_flow": 3010.0,
  "std_flow": 14296.210399986321,
  "min_flow": 22.0,
  "max_flow": 41900.0,
  "total_records": 2748,
  "percentile_25": 1980.0,
  "percentile_75": 27100.0,
  "percentile_90": 36500.0,
  "trend": {
    "slope": 0.05262503684240882,
    "direction": "increasing",
    "r_squared": 0.4320027177054207,
    "p_value": 0.0
  },
  "trend_slope": 0.05262503684240882,
  "trend_direction": "increasing",
  "anomalies": [],
  "anomaly_count": 0,
  "flow_status": {
    "status": "Above Normal",
    "latest_flow": 27100.0,
    "percentile": 75.80058224163028
  },
  "recent_change": {
    "change_cfs": 0.0,
    "change_pct": 0.0
  },
  "summary": "Above Normal conditions (avg: 11376 cfs, trend: increasing)",
  "analysis_date": "2026-05-27 08:08:54",
  "sites_analyzed": [
    "01646500",
    "01491000"
  ]
}