{
  "mean_flow": 2646.67701598579,
  "median_flow": 3400.0,
  "std_flow": 1511.049625317322,
  "min_flow": 41.8,
  "max_flow": 3980.0,
  "total_records": 2815,
  "percentile_25": 56.6,
  "percentile_75": 3570.0,
  "percentile_90": 3740.0,
  "trend": {
    "slope": 0.0005997166895469818,
    "direction": "increasing",
    "r_squared": 0.005341054002252733,
    "p_value": 0.00010403808582607092
  },
  "trend_slope": 0.0005997166895469818,
  "trend_direction": "increasing",
  "anomalies": [],
  "anomaly_count": 0,
  "flow_status": {
    "status": "High Flow",
    "latest_flow": 3920.0,
    "percentile": 99.78685612788632
  },
  "recent_change": {
    "change_cfs": 0.0,
    "change_pct": 0.0
  },
  "summary": "High Flow conditions (avg: 2647 cfs, trend: increasing)",
  "analysis_date": "2026-05-03 13:14:20",
  "sites_analyzed": [
    "01646500",
    "01491000"
  ]
}