{
  "mean_flow": 16079.2999631947,
  "median_flow": 16900.0,
  "std_flow": 10995.187317860225,
  "min_flow": 148.0,
  "max_flow": 32800.0,
  "total_records": 2717,
  "percentile_25": 8510.0,
  "percentile_75": 25400.0,
  "percentile_90": 30700.0,
  "trend": {
    "slope": 0.012737550970093912,
    "direction": "increasing",
    "r_squared": 0.04181129129001762,
    "p_value": 4.904312876933433e-27
  },
  "trend_slope": 0.012737550970093912,
  "trend_direction": "increasing",
  "anomalies": [],
  "anomaly_count": 0,
  "flow_status": {
    "status": "Normal",
    "latest_flow": 15600.0,
    "percentile": 39.67611336032389
  },
  "recent_change": {
    "change_cfs": -200.0,
    "change_pct": -1.2658227848101267
  },
  "summary": "Normal conditions (avg: 16079 cfs, trend: increasing)",
  "analysis_date": "2026-02-26 07:11:03",
  "sites_analyzed": [
    "01646500",
    "01491000"
  ]
}