{
  "mean_flow": 2379.383733826248,
  "median_flow": 2800.0,
  "std_flow": 1377.9605752647042,
  "min_flow": 64.0,
  "max_flow": 3920.0,
  "total_records": 2705,
  "percentile_25": 126.0,
  "percentile_75": 3230.0,
  "percentile_90": 3740.0,
  "trend": {
    "slope": -0.0002863767154089171,
    "direction": "stable",
    "r_squared": 0.0013337818813120455,
    "p_value": 0.057538495873674225
  },
  "trend_slope": -0.0002863767154089171,
  "trend_direction": "stable",
  "anomalies": [],
  "anomaly_count": 0,
  "flow_status": {
    "status": "Low Flow",
    "latest_flow": 67.4,
    "percentile": 2.32902033271719
  },
  "recent_change": {
    "change_cfs": -2582.6,
    "change_pct": -97.4566037735849
  },
  "summary": "Low Flow conditions (avg: 2379 cfs, trend: stable)",
  "analysis_date": "2026-01-21 06:50:10",
  "sites_analyzed": [
    "01646500",
    "01491000"
  ]
}