{
  "mean_flow": 1172.585802681334,
  "median_flow": 1520.0,
  "std_flow": 672.4114394584598,
  "min_flow": 16.1,
  "max_flow": 1890.0,
  "total_records": 2909,
  "percentile_25": 26.2,
  "percentile_75": 1560.0,
  "percentile_90": 1680.0,
  "trend": {
    "slope": -5.551659790591078e-06,
    "direction": "stable",
    "r_squared": 2.443680973139541e-06,
    "p_value": 0.9328364118662789
  },
  "trend_slope": -5.551659790591078e-06,
  "trend_direction": "stable",
  "anomalies": [],
  "anomaly_count": 0,
  "flow_status": {
    "status": "Low Flow",
    "latest_flow": 17.0,
    "percentile": 2.8188380886902715
  },
  "recent_change": {
    "change_cfs": 0.0,
    "change_pct": 0.0
  },
  "summary": "Low Flow conditions (avg: 1173 cfs, trend: stable)",
  "analysis_date": "2025-10-22 18:39:05",
  "sites_analyzed": [
    "01646500",
    "01491000"
  ]
}