{
  "mean_flow": 1186.9893307839388,
  "median_flow": 1520.0,
  "std_flow": 691.7501611121957,
  "min_flow": 25.2,
  "max_flow": 1890.0,
  "total_records": 2615,
  "percentile_25": 40.8,
  "percentile_75": 1640.0,
  "percentile_90": 1680.0,
  "trend": {
    "slope": -0.0002285281083458612,
    "direction": "decreasing",
    "r_squared": 0.0032809577482190754,
    "p_value": 0.00338832671021509
  },
  "trend_slope": -0.0002285281083458612,
  "trend_direction": "decreasing",
  "anomalies": [],
  "anomaly_count": 0,
  "flow_status": {
    "status": "Low Flow",
    "latest_flow": 25.2,
    "percentile": 0.22944550669216063
  },
  "recent_change": {
    "change_cfs": -0.5,
    "change_pct": -1.9455252918287937
  },
  "summary": "Low Flow conditions (avg: 1187 cfs, trend: decreasing)",
  "analysis_date": "2025-11-18 06:39:02",
  "sites_analyzed": [
    "01646500",
    "01491000"
  ]
}