{
  "mean_flow": 4232.3626373626375,
  "median_flow": 4360.0,
  "std_flow": 573.1480724962217,
  "min_flow": 3060.0,
  "max_flow": 5290.0,
  "total_records": 2002,
  "percentile_25": 3740.0,
  "percentile_75": 4550.0,
  "percentile_90": 5010.0,
  "trend": {
    "slope": -0.0020940321861319527,
    "direction": "decreasing",
    "r_squared": 0.4067406117105919,
    "p_value": 4.909257340069201e-229
  },
  "trend_slope": -0.0020940321861319527,
  "trend_direction": "decreasing",
  "anomalies": [],
  "anomaly_count": 0,
  "flow_status": {
    "status": "Low Flow",
    "latest_flow": 3230.0,
    "percentile": 8.041958041958042
  },
  "recent_change": {
    "change_cfs": 0.0,
    "change_pct": 0.0
  },
  "summary": "Low Flow conditions (avg: 4232 cfs, trend: decreasing)",
  "analysis_date": "2026-06-16 04:06:13",
  "sites_analyzed": [
    "01646500"
  ]
}