{
  "mean_flow": 3704.4331415460642,
  "median_flow": 4230.0,
  "std_flow": 2501.7485967494695,
  "min_flow": 6.18,
  "max_flow": 9040.0,
  "total_records": 2833,
  "percentile_25": 14.8,
  "percentile_75": 5220.0,
  "percentile_90": 6840.0,
  "trend": {
    "slope": 0.00017748621420563497,
    "direction": "stable",
    "r_squared": 0.00017048096923520464,
    "p_value": 0.48725260403422943
  },
  "trend_slope": 0.00017748621420563497,
  "trend_direction": "stable",
  "anomalies": [],
  "anomaly_count": 0,
  "flow_status": {
    "status": "Low Flow",
    "latest_flow": 6.35,
    "percentile": 1.5178256265442993
  },
  "recent_change": {
    "change_cfs": 0.16999999999999993,
    "change_pct": 2.750809061488672
  },
  "summary": "Low Flow conditions (avg: 3704 cfs, trend: stable)",
  "analysis_date": "2026-07-15 13:45:29",
  "sites_analyzed": [
    "01646500",
    "01491000"
  ]
}