{
  "mean_flow": 2040.1318526543878,
  "median_flow": 2650.0,
  "std_flow": 1166.8379405399864,
  "min_flow": 32.5,
  "max_flow": 3010.0,
  "total_records": 2769,
  "percentile_25": 39.9,
  "percentile_75": 2750.0,
  "percentile_90": 2900.0,
  "trend": {
    "slope": -0.0005178351394746767,
    "direction": "decreasing",
    "r_squared": 0.006373124691208067,
    "p_value": 2.6030788407126507e-05
  },
  "trend_slope": -0.0005178351394746767,
  "trend_direction": "decreasing",
  "anomalies": [],
  "anomaly_count": 0,
  "flow_status": {
    "status": "Low Flow",
    "latest_flow": 32.5,
    "percentile": 1.6973636691946552
  },
  "recent_change": {
    "change_cfs": 0.0,
    "change_pct": 0.0
  },
  "summary": "Low Flow conditions (avg: 2040 cfs, trend: decreasing)",
  "analysis_date": "2026-05-17 09:48:06",
  "sites_analyzed": [
    "01646500",
    "01491000"
  ]
}