{
  "mean_flow": 2782.1350787257416,
  "median_flow": 3570.0,
  "std_flow": 1606.005623895866,
  "min_flow": 35.5,
  "max_flow": 4230.0,
  "total_records": 2731,
  "percentile_25": 45.7,
  "percentile_75": 3860.0,
  "percentile_90": 4050.0,
  "trend": {
    "slope": -0.0007308273164533088,
    "direction": "decreasing",
    "r_squared": 0.006605261457390955,
    "p_value": 2.1156530113908925e-05
  },
  "trend_slope": -0.0007308273164533088,
  "trend_direction": "decreasing",
  "anomalies": [],
  "anomaly_count": 0,
  "flow_status": {
    "status": "Normal",
    "latest_flow": 3010.0,
    "percentile": 25.265470523617722
  },
  "recent_change": {
    "change_cfs": -50.0,
    "change_pct": -1.6339869281045754
  },
  "summary": "Normal conditions (avg: 2782 cfs, trend: decreasing)",
  "analysis_date": "2026-05-09 08:26:41",
  "sites_analyzed": [
    "01646500",
    "01491000"
  ]
}