{
  "mean_flow": 4310.121189311253,
  "median_flow": 5290.0,
  "std_flow": 2524.804174198186,
  "min_flow": 69.1,
  "max_flow": 7160.0,
  "total_records": 2657,
  "percentile_25": 110.0,
  "percentile_75": 6150.0,
  "percentile_90": 6690.0,
  "trend": {
    "slope": -0.003166792084294057,
    "direction": "decreasing",
    "r_squared": 0.0468725210884788,
    "p_value": 1.493087424291066e-29
  },
  "trend_slope": -0.003166792084294057,
  "trend_direction": "decreasing",
  "anomalies": [],
  "anomaly_count": 0,
  "flow_status": {
    "status": "Low Flow",
    "latest_flow": 69.1,
    "percentile": 0.22581859239744073
  },
  "recent_change": {
    "change_cfs": -1.8000000000000114,
    "change_pct": -2.538787023977449
  },
  "summary": "Low Flow conditions (avg: 4310 cfs, trend: decreasing)",
  "analysis_date": "2026-04-17 02:42:48",
  "sites_analyzed": [
    "01646500",
    "01491000"
  ]
}