{
  "mean_flow": 5753.410020449898,
  "median_flow": 7490.0,
  "std_flow": 3273.8368646779227,
  "min_flow": 82.8,
  "max_flow": 8340.0,
  "total_records": 2934,
  "percentile_25": 201.0,
  "percentile_75": 7740.0,
  "percentile_90": 7990.0,
  "trend": {
    "slope": 0.0001940170799162622,
    "direction": "stable",
    "r_squared": 0.00013041774542041628,
    "p_value": 0.536351130975101
  },
  "trend_slope": 0.0001940170799162622,
  "trend_direction": "stable",
  "anomalies": [],
  "anomaly_count": 0,
  "flow_status": {
    "status": "Low Flow",
    "latest_flow": 107.0,
    "percentile": 1.6700749829584187
  },
  "recent_change": {
    "change_cfs": -3.0,
    "change_pct": -2.727272727272727
  },
  "summary": "Low Flow conditions (avg: 5753 cfs, trend: stable)",
  "analysis_date": "2026-04-09 21:45:57",
  "sites_analyzed": [
    "01646500",
    "01491000"
  ]
}