{
  "mean_flow": 1874.288812785388,
  "median_flow": 2300.0,
  "std_flow": 1113.408331542745,
  "min_flow": 39.0,
  "max_flow": 3230.0,
  "total_records": 2628,
  "percentile_25": 46.7,
  "percentile_75": 2562.5,
  "percentile_90": 3010.0,
  "trend": {
    "slope": -0.0011859203970402334,
    "direction": "decreasing",
    "r_squared": 0.03596949752640135,
    "p_value": 1.0499068316971367e-22
  },
  "trend_slope": -0.0011859203970402334,
  "trend_direction": "decreasing",
  "anomalies": [],
  "anomaly_count": 0,
  "flow_status": {
    "status": "Low Flow",
    "latest_flow": 39.0,
    "percentile": 1.4840182648401825
  },
  "recent_change": {
    "change_cfs": 0.0,
    "change_pct": 0.0
  },
  "summary": "Low Flow conditions (avg: 1874 cfs, trend: decreasing)",
  "analysis_date": "2026-01-02 06:45:51",
  "sites_analyzed": [
    "01646500",
    "01491000"
  ]
}