{
  "mean_flow": 2003.0508791619902,
  "median_flow": 2550.0,
  "std_flow": 1144.034168216391,
  "min_flow": 30.9,
  "max_flow": 3010.0,
  "total_records": 2673,
  "percentile_25": 39.9,
  "percentile_75": 2750.0,
  "percentile_90": 2800.0,
  "trend": {
    "slope": -0.0004300761368111923,
    "direction": "decreasing",
    "r_squared": 0.004261486247488346,
    "p_value": 0.0007326177977194055
  },
  "trend_slope": -0.0004300761368111923,
  "trend_direction": "decreasing",
  "anomalies": [],
  "anomaly_count": 0,
  "flow_status": {
    "status": "Low Flow",
    "latest_flow": 30.9,
    "percentile": 0.29928918817807704
  },
  "recent_change": {
    "change_cfs": 0.0,
    "change_pct": 0.0
  },
  "summary": "Low Flow conditions (avg: 2003 cfs, trend: decreasing)",
  "analysis_date": "2026-05-18 03:50:37",
  "sites_analyzed": [
    "01646500",
    "01491000"
  ]
}