{
  "mean_flow": 5.7335399449035815,
  "median_flow": 5.55,
  "std_flow": 2.8688704499161695,
  "min_flow": 1.04,
  "max_flow": 9.75,
  "total_records": 726,
  "percentile_25": 3.4,
  "percentile_75": 8.56,
  "percentile_90": 9.55,
  "trend": {
    "slope": -1.1022227553375e-05,
    "direction": "decreasing",
    "r_squared": 0.5258860802655063,
    "p_value": 1.9075545070405954e-119
  },
  "trend_slope": -1.1022227553375e-05,
  "trend_direction": "decreasing",
  "anomalies": [],
  "anomaly_count": 0,
  "flow_status": {
    "status": "Below Normal",
    "latest_flow": 2.26,
    "percentile": 20.110192837465565
  },
  "recent_change": {
    "change_cfs": 1.2199999999999998,
    "change_pct": 117.30769230769229
  },
  "summary": "Below Normal conditions (avg: 6 cfs, trend: decreasing)",
  "analysis_date": "2026-07-04 18:01:25",
  "sites_analyzed": [
    "01491000"
  ]
}