{
  "mean_flow": 3995.06274907126,
  "median_flow": 4810.0,
  "std_flow": 2335.034196678031,
  "min_flow": 62.7,
  "max_flow": 6840.0,
  "total_records": 2961,
  "percentile_25": 102.0,
  "percentile_75": 5570.0,
  "percentile_90": 6150.0,
  "trend": {
    "slope": -0.002511301867539033,
    "direction": "decreasing",
    "r_squared": 0.04279786004978767,
    "p_value": 5.524785375133538e-30
  },
  "trend_slope": -0.002511301867539033,
  "trend_direction": "decreasing",
  "anomalies": [],
  "anomaly_count": 0,
  "flow_status": {
    "status": "Low Flow",
    "latest_flow": 62.7,
    "percentile": 0.2026342451874367
  },
  "recent_change": {
    "change_cfs": -4297.3,
    "change_pct": -98.5619266055046
  },
  "summary": "Low Flow conditions (avg: 3995 cfs, trend: decreasing)",
  "analysis_date": "2026-04-18 21:35:53",
  "sites_analyzed": [
    "01646500",
    "01491000"
  ]
}