{
  "mean_flow": 2549.1510128726286,
  "median_flow": 2900.0,
  "std_flow": 1593.1404050359379,
  "min_flow": 8.37,
  "max_flow": 5010.0,
  "total_records": 2952,
  "percentile_25": 1769.3,
  "percentile_75": 3630.0,
  "percentile_90": 4490.0,
  "trend": {
    "slope": -0.002742932595838588,
    "direction": "decreasing",
    "r_squared": 0.10929444025739954,
    "p_value": 3.194427892888381e-76
  },
  "trend_slope": -0.002742932595838588,
  "trend_direction": "decreasing",
  "anomalies": [],
  "anomaly_count": 0,
  "flow_status": {
    "status": "Normal",
    "latest_flow": 2500.0,
    "percentile": 28.42140921409214
  },
  "recent_change": {
    "change_cfs": 50.0,
    "change_pct": 2.0408163265306123
  },
  "summary": "Normal conditions (avg: 2549 cfs, trend: decreasing)",
  "analysis_date": "2026-06-19 21:11:16",
  "sites_analyzed": [
    "01646500",
    "01491000"
  ]
}