{
  "mean_flow": 3426.0239219712525,
  "median_flow": 4230.0,
  "std_flow": 1994.562291796586,
  "min_flow": 57.8,
  "max_flow": 5430.0,
  "total_records": 2922,
  "percentile_25": 80.7,
  "percentile_75": 4810.0,
  "percentile_90": 5150.0,
  "trend": {
    "slope": -0.0017225343262324629,
    "direction": "decreasing",
    "r_squared": 0.02757216459423036,
    "p_value": 1.6430887311354297e-19
  },
  "trend_slope": -0.0017225343262324629,
  "trend_direction": "decreasing",
  "anomalies": [],
  "anomaly_count": 0,
  "flow_status": {
    "status": "Low Flow",
    "latest_flow": 57.8,
    "percentile": 1.3004791238877482
  },
  "recent_change": {
    "change_cfs": 0.0,
    "change_pct": 0.0
  },
  "summary": "Low Flow conditions (avg: 3426 cfs, trend: decreasing)",
  "analysis_date": "2026-04-21 21:45:15",
  "sites_analyzed": [
    "01646500",
    "01491000"
  ]
}