{
  "mean_flow": 1825.3185338865837,
  "median_flow": 2300.0,
  "std_flow": 1054.9139765693983,
  "min_flow": 23.4,
  "max_flow": 2850.0,
  "total_records": 2892,
  "percentile_25": 56.6,
  "percentile_75": 2600.0,
  "percentile_90": 2695.0000000000045,
  "trend": {
    "slope": -0.000555578666272652,
    "direction": "decreasing",
    "r_squared": 0.00983977978262195,
    "p_value": 9.023837934542646e-08
  },
  "trend_slope": -0.000555578666272652,
  "trend_direction": "decreasing",
  "anomalies": [],
  "anomaly_count": 0,
  "flow_status": {
    "status": "Low Flow",
    "latest_flow": 30.3,
    "percentile": 3.5269709543568464
  },
  "recent_change": {
    "change_cfs": 0.0,
    "change_pct": 0.0
  },
  "summary": "Low Flow conditions (avg: 1825 cfs, trend: decreasing)",
  "analysis_date": "2025-12-09 18:37:46",
  "sites_analyzed": [
    "01646500",
    "01491000"
  ]
}