{
  "mean_flow": 16189.55157116451,
  "median_flow": 16900.0,
  "std_flow": 10888.096704296233,
  "min_flow": 397.0,
  "max_flow": 32800.0,
  "total_records": 2705,
  "percentile_25": 738.0,
  "percentile_75": 25500.0,
  "percentile_90": 30700.0,
  "trend": {
    "slope": -0.02389613838722175,
    "direction": "decreasing",
    "r_squared": 0.14874230283888443,
    "p_value": 1.1922221523963145e-96
  },
  "trend_slope": -0.02389613838722175,
  "trend_direction": "decreasing",
  "anomalies": [],
  "anomaly_count": 0,
  "flow_status": {
    "status": "Below Normal",
    "latest_flow": 554.0,
    "percentile": 22.070240295748615
  },
  "recent_change": {
    "change_cfs": -10746.0,
    "change_pct": -95.09734513274336
  },
  "summary": "Below Normal conditions (avg: 16190 cfs, trend: decreasing)",
  "analysis_date": "2026-02-28 06:52:02",
  "sites_analyzed": [
    "01646500",
    "01491000"
  ]
}