{
  "mean_flow": 1580.2943252595155,
  "median_flow": 1980.0,
  "std_flow": 914.5957120609228,
  "min_flow": 28.2,
  "max_flow": 2550.0,
  "total_records": 2890,
  "percentile_25": 39.0,
  "percentile_75": 2160.0,
  "percentile_90": 2350.0,
  "trend": {
    "slope": -0.0007737315782727175,
    "direction": "decreasing",
    "r_squared": 0.025386786747339903,
    "p_value": 6.8793090138221545e-18
  },
  "trend_slope": -0.0007737315782727175,
  "trend_direction": "decreasing",
  "anomalies": [],
  "anomaly_count": 0,
  "flow_status": {
    "status": "Low Flow",
    "latest_flow": 28.2,
    "percentile": 1.4878892733564015
  },
  "recent_change": {
    "change_cfs": 0.0,
    "change_pct": 0.0
  },
  "summary": "Low Flow conditions (avg: 1580 cfs, trend: decreasing)",
  "analysis_date": "2025-12-13 18:35:51",
  "sites_analyzed": [
    "01646500",
    "01491000"
  ]
}