{
  "mean_flow": 3009.199852398524,
  "median_flow": 3980.0,
  "std_flow": 1733.3967854409498,
  "min_flow": 50.9,
  "max_flow": 4680.0,
  "total_records": 2710,
  "percentile_25": 67.4,
  "percentile_75": 4110.0,
  "percentile_90": 4230.0,
  "trend": {
    "slope": -0.0009150203345264421,
    "direction": "decreasing",
    "r_squared": 0.008937204953114807,
    "p_value": 8.217142134711133e-07
  },
  "trend_slope": -0.0009150203345264421,
  "trend_direction": "decreasing",
  "anomalies": [],
  "anomaly_count": 0,
  "flow_status": {
    "status": "Normal",
    "latest_flow": 3450.0,
    "percentile": 29.225092250922508
  },
  "recent_change": {
    "change_cfs": 50.0,
    "change_pct": 1.4705882352941175
  },
  "summary": "Normal conditions (avg: 3009 cfs, trend: decreasing)",
  "analysis_date": "2026-04-25 08:05:23",
  "sites_analyzed": [
    "01646500",
    "01491000"
  ]
}