{
  "mean_flow": 6241.42062341428,
  "median_flow": 7990.0,
  "std_flow": 3586.2308445908634,
  "min_flow": 80.7,
  "max_flow": 9410.0,
  "total_records": 2759,
  "percentile_25": 201.0,
  "percentile_75": 8510.0,
  "percentile_90": 9040.0,
  "trend": {
    "slope": -0.0011795596216629084,
    "direction": "decreasing",
    "r_squared": 0.003495700555824293,
    "p_value": 0.001890651675884599
  },
  "trend_slope": -0.0011795596216629084,
  "trend_direction": "decreasing",
  "anomalies": [],
  "anomaly_count": 0,
  "flow_status": {
    "status": "Normal",
    "latest_flow": 7490.0,
    "percentile": 32.656759695541865
  },
  "recent_change": {
    "change_cfs": 0.0,
    "change_pct": 0.0
  },
  "summary": "Normal conditions (avg: 6241 cfs, trend: decreasing)",
  "analysis_date": "2026-04-04 10:34:06",
  "sites_analyzed": [
    "01646500",
    "01491000"
  ]
}