{
  "mean_flow": 6192.719462402178,
  "median_flow": 7910.0,
  "std_flow": 3568.076419701528,
  "min_flow": 80.7,
  "max_flow": 9410.0,
  "total_records": 2939,
  "percentile_25": 201.0,
  "percentile_75": 8420.0,
  "percentile_90": 9040.0,
  "trend": {
    "slope": -0.0013898769060154148,
    "direction": "decreasing",
    "r_squared": 0.005559704957049867,
    "p_value": 5.205868234384585e-05
  },
  "trend_slope": -0.0013898769060154148,
  "trend_direction": "decreasing",
  "anomalies": [],
  "anomaly_count": 0,
  "flow_status": {
    "status": "Below Normal",
    "latest_flow": 150.0,
    "percentile": 19.63252807077237
  },
  "recent_change": {
    "change_cfs": -5.0,
    "change_pct": -3.225806451612903
  },
  "summary": "Below Normal conditions (avg: 6193 cfs, trend: decreasing)",
  "analysis_date": "2026-04-04 21:32:12",
  "sites_analyzed": [
    "01646500",
    "01491000"
  ]
}