{
  "mean_flow": 1512.1360706860708,
  "median_flow": 1890.0,
  "std_flow": 870.1877519425699,
  "min_flow": 28.2,
  "max_flow": 2400.0,
  "total_records": 2886,
  "percentile_25": 379.125,
  "percentile_75": 2120.0,
  "percentile_90": 2160.0,
  "trend": {
    "slope": -0.000665255685805954,
    "direction": "decreasing",
    "r_squared": 0.02070307285831628,
    "p_value": 8.046230241265697e-15
  },
  "trend_slope": -0.000665255685805954,
  "trend_direction": "decreasing",
  "anomalies": [],
  "anomaly_count": 0,
  "flow_status": {
    "status": "Below Normal",
    "latest_flow": 29.3,
    "percentile": 12.127512127512126
  },
  "recent_change": {
    "change_cfs": 0.6000000000000014,
    "change_pct": 2.0905923344947785
  },
  "summary": "Below Normal conditions (avg: 1512 cfs, trend: decreasing)",
  "analysis_date": "2025-12-14 18:37:15",
  "sites_analyzed": [
    "01646500",
    "01491000"
  ]
}