{
  "mean_flow": 2001.0772026431716,
  "median_flow": 2450.0,
  "std_flow": 1187.7904922669452,
  "min_flow": 40.8,
  "max_flow": 3340.0,
  "total_records": 2724,
  "percentile_25": 50.9,
  "percentile_75": 2800.0,
  "percentile_90": 3120.0,
  "trend": {
    "slope": -0.0010261052604826355,
    "direction": "decreasing",
    "r_squared": 0.02455739584626149,
    "p_value": 1.9354814100443144e-16
  },
  "trend_slope": -0.0010261052604826355,
  "trend_direction": "decreasing",
  "anomalies": [],
  "anomaly_count": 0,
  "flow_status": {
    "status": "Low Flow",
    "latest_flow": 40.8,
    "percentile": 1.6886930983847284
  },
  "recent_change": {
    "change_cfs": -2079.2,
    "change_pct": -98.0754716981132
  },
  "summary": "Low Flow conditions (avg: 2001 cfs, trend: decreasing)",
  "analysis_date": "2025-12-31 12:58:19",
  "sites_analyzed": [
    "01646500",
    "01491000"
  ]
}