{
  "mean_flow": 2016.9869901547117,
  "median_flow": 2550.0,
  "std_flow": 1209.5511031110495,
  "min_flow": 18.4,
  "max_flow": 3230.0,
  "total_records": 2844,
  "percentile_25": 41.8,
  "percentile_75": 2960.0,
  "percentile_90": 3120.0,
  "trend": {
    "slope": -0.0005314980699188819,
    "direction": "decreasing",
    "r_squared": 0.006719884074549139,
    "p_value": 1.2026919191939711e-05
  },
  "trend_slope": -0.0005314980699188819,
  "trend_direction": "decreasing",
  "anomalies": [],
  "anomaly_count": 0,
  "flow_status": {
    "status": "Low Flow",
    "latest_flow": 18.4,
    "percentile": 1.1954992967651195
  },
  "recent_change": {
    "change_cfs": -2141.6,
    "change_pct": -99.14814814814814
  },
  "summary": "Low Flow conditions (avg: 2017 cfs, trend: decreasing)",
  "analysis_date": "2025-11-07 18:36:50",
  "sites_analyzed": [
    "01646500",
    "01491000"
  ]
}