{
  "mean_flow": 2989.5650344827586,
  "median_flow": 3510.0,
  "std_flow": 1835.3850529715658,
  "min_flow": 10.7,
  "max_flow": 5290.0,
  "total_records": 2900,
  "percentile_25": 27.2,
  "percentile_75": 4490.0,
  "percentile_90": 4880.0,
  "trend": {
    "slope": -0.0026787180827694745,
    "direction": "decreasing",
    "r_squared": 0.07613037725871538,
    "p_value": 7.909734877132344e-52
  },
  "trend_slope": -0.0026787180827694745,
  "trend_direction": "decreasing",
  "anomalies": [],
  "anomaly_count": 0,
  "flow_status": {
    "status": "Normal",
    "latest_flow": 2750.0,
    "percentile": 25.379310344827587
  },
  "recent_change": {
    "change_cfs": 0.0,
    "change_pct": 0.0
  },
  "summary": "Normal conditions (avg: 2990 cfs, trend: decreasing)",
  "analysis_date": "2026-06-17 18:19:57",
  "sites_analyzed": [
    "01646500",
    "01491000"
  ]
}