{
  "mean_flow": 1454.912512962323,
  "median_flow": 1850.0,
  "std_flow": 826.8760597977232,
  "min_flow": 33.9,
  "max_flow": 2300.0,
  "total_records": 2893,
  "percentile_25": 39.9,
  "percentile_75": 1980.0,
  "percentile_90": 2030.0,
  "trend": {
    "slope": -0.0001928061274051022,
    "direction": "decreasing",
    "r_squared": 0.0019207357470229622,
    "p_value": 0.01840455883901423
  },
  "trend_slope": -0.0001928061274051022,
  "trend_direction": "decreasing",
  "anomalies": [],
  "anomaly_count": 0,
  "flow_status": {
    "status": "Below Normal",
    "latest_flow": 36.4,
    "percentile": 17.490494296577946
  },
  "recent_change": {
    "change_cfs": -1773.6,
    "change_pct": -97.98895027624309
  },
  "summary": "Below Normal conditions (avg: 1455 cfs, trend: decreasing)",
  "analysis_date": "2026-01-10 18:39:14",
  "sites_analyzed": [
    "01646500",
    "01491000"
  ]
}