{
  "mean_flow": 1405.3575606276747,
  "median_flow": 1770.0,
  "std_flow": 837.9852410856995,
  "min_flow": 17.7,
  "max_flow": 2500.0,
  "total_records": 2804,
  "percentile_25": 42.7,
  "percentile_75": 1980.0,
  "percentile_90": 2120.0,
  "trend": {
    "slope": -0.0008606625183829688,
    "direction": "decreasing",
    "r_squared": 0.03804124171194941,
    "p_value": 1.93374244365097e-25
  },
  "trend_slope": -0.0008606625183829688,
  "trend_direction": "decreasing",
  "anomalies": [],
  "anomaly_count": 0,
  "flow_status": {
    "status": "Below Normal",
    "latest_flow": 29.3,
    "percentile": 14.015691868758918
  },
  "recent_change": {
    "change_cfs": -1340.7,
    "change_pct": -97.86131386861314
  },
  "summary": "Below Normal conditions (avg: 1405 cfs, trend: decreasing)",
  "analysis_date": "2025-11-13 18:38:02",
  "sites_analyzed": [
    "01646500",
    "01491000"
  ]
}