{
  "mean_flow": 1941.640230366492,
  "median_flow": 2070.0,
  "std_flow": 1311.6192747498826,
  "min_flow": 1.04,
  "max_flow": 5080.0,
  "total_records": 2865,
  "percentile_25": 13.9,
  "percentile_75": 2400.0,
  "percentile_90": 3400.0,
  "trend": {
    "slope": 0.0016530820222948445,
    "direction": "increasing",
    "r_squared": 0.055574208222079424,
    "p_value": 1.7835171599426956e-37
  },
  "trend_slope": 0.0016530820222948445,
  "trend_direction": "increasing",
  "anomalies": [],
  "anomaly_count": 0,
  "flow_status": {
    "status": "Above Normal",
    "latest_flow": 3230.0,
    "percentile": 89.07504363001745
  },
  "recent_change": {
    "change_cfs": 110.0,
    "change_pct": 3.5256410256410255
  },
  "summary": "Above Normal conditions (avg: 1942 cfs, trend: increasing)",
  "analysis_date": "2026-07-09 16:27:31",
  "sites_analyzed": [
    "01646500",
    "01491000"
  ]
}