{
  "mean_flow": 1204.0864718614719,
  "median_flow": 1560.0,
  "std_flow": 707.029524558308,
  "min_flow": 25.2,
  "max_flow": 1890.0,
  "total_records": 2772,
  "percentile_25": 41.8,
  "percentile_75": 1680.0,
  "percentile_90": 1770.0,
  "trend": {
    "slope": -0.0002755553786837302,
    "direction": "decreasing",
    "r_squared": 0.0052466903930814,
    "p_value": 0.00013512185904367027
  },
  "trend_slope": -0.0002755553786837302,
  "trend_direction": "decreasing",
  "anomalies": [],
  "anomaly_count": 0,
  "flow_status": {
    "status": "Below Normal",
    "latest_flow": 26.7,
    "percentile": 10.245310245310245
  },
  "recent_change": {
    "change_cfs": -1233.3,
    "change_pct": -97.88095238095238
  },
  "summary": "Below Normal conditions (avg: 1204 cfs, trend: decreasing)",
  "analysis_date": "2025-11-17 18:37:52",
  "sites_analyzed": [
    "01646500",
    "01491000"
  ]
}