{
  "mean_flow": 1814.8985182370823,
  "median_flow": 2260.0,
  "std_flow": 1050.287800980988,
  "min_flow": 22.0,
  "max_flow": 2850.0,
  "total_records": 2632,
  "percentile_25": 1499.45,
  "percentile_75": 2600.0,
  "percentile_90": 2700.0,
  "trend": {
    "slope": 0.000791541833687427,
    "direction": "increasing",
    "r_squared": 0.01663371161805391,
    "p_value": 3.1103300224773717e-11
  },
  "trend_slope": 0.000791541833687427,
  "trend_direction": "increasing",
  "anomalies": [],
  "anomaly_count": 0,
  "flow_status": {
    "status": "Normal",
    "latest_flow": 2500.0,
    "percentile": 64.8936170212766
  },
  "recent_change": {
    "change_cfs": 0.0,
    "change_pct": 0.0
  },
  "summary": "Normal conditions (avg: 1815 cfs, trend: increasing)",
  "analysis_date": "2025-12-06 02:02:54",
  "sites_analyzed": [
    "01646500",
    "01491000"
  ]
}