{
  "mean_flow": 1181.3618601297765,
  "median_flow": 1520.0,
  "std_flow": 679.7989225691267,
  "min_flow": 19.1,
  "max_flow": 1770.0,
  "total_records": 2774,
  "percentile_25": 23.8,
  "percentile_75": 1600.0,
  "percentile_90": 1680.0,
  "trend": {
    "slope": 0.00010888513396681418,
    "direction": "stable",
    "r_squared": 0.0008554200082238768,
    "p_value": 0.12354363894057256
  },
  "trend_slope": 0.00010888513396681418,
  "trend_direction": "stable",
  "anomalies": [],
  "anomaly_count": 0,
  "flow_status": {
    "status": "Below Normal",
    "latest_flow": 22.5,
    "percentile": 18.673395818312905
  },
  "recent_change": {
    "change_cfs": -1577.5,
    "change_pct": -98.59375
  },
  "summary": "Below Normal conditions (avg: 1181 cfs, trend: stable)",
  "analysis_date": "2025-11-21 12:54:56",
  "sites_analyzed": [
    "01646500",
    "01491000"
  ]
}