{
  "mean_flow": 9889.832333215672,
  "median_flow": 12500.0,
  "std_flow": 5802.80089373606,
  "min_flow": 138.0,
  "max_flow": 17300.0,
  "total_records": 2833,
  "percentile_25": 180.0,
  "percentile_75": 13400.0,
  "percentile_90": 15200.0,
  "trend": {
    "slope": -0.004800564541861974,
    "direction": "decreasing",
    "r_squared": 0.023181592701591845,
    "p_value": 3.7034619453345567e-16
  },
  "trend_slope": -0.004800564541861974,
  "trend_direction": "decreasing",
  "anomalies": [],
  "anomaly_count": 0,
  "flow_status": {
    "status": "Below Normal",
    "latest_flow": 158.0,
    "percentile": 15.743028591599012
  },
  "recent_change": {
    "change_cfs": 0.0,
    "change_pct": 0.0
  },
  "summary": "Below Normal conditions (avg: 9890 cfs, trend: decreasing)",
  "analysis_date": "2026-03-17 13:43:04",
  "sites_analyzed": [
    "01646500",
    "01491000"
  ]
}