{
  "mean_flow": 3609.05177770107,
  "median_flow": 4490.0,
  "std_flow": 2121.2814413158812,
  "min_flow": 12.2,
  "max_flow": 6230.0,
  "total_records": 2897,
  "percentile_25": 27.2,
  "percentile_75": 5010.0,
  "percentile_90": 5430.0,
  "trend": {
    "slope": -0.0011029895384341137,
    "direction": "decreasing",
    "r_squared": 0.009662085844622532,
    "p_value": 1.1503348922230588e-07
  },
  "trend_slope": -0.0011029895384341137,
  "trend_direction": "decreasing",
  "anomalies": [],
  "anomaly_count": 0,
  "flow_status": {
    "status": "Normal",
    "latest_flow": 4360.0,
    "percentile": 40.2140144977563
  },
  "recent_change": {
    "change_cfs": 0.0,
    "change_pct": 0.0
  },
  "summary": "Normal conditions (avg: 3609 cfs, trend: decreasing)",
  "analysis_date": "2026-06-13 18:08:04",
  "sites_analyzed": [
    "01646500",
    "01491000"
  ]
}