{
  "mean_flow": 2615.360680882903,
  "median_flow": 3230.0,
  "std_flow": 1525.9726018267934,
  "min_flow": 33.9,
  "max_flow": 4170.0,
  "total_records": 2673,
  "percentile_25": 45.7,
  "percentile_75": 3690.0,
  "percentile_90": 3920.0,
  "trend": {
    "slope": -0.0015790472931035324,
    "direction": "decreasing",
    "r_squared": 0.03228830098639845,
    "p_value": 7.817561207110291e-21
  },
  "trend_slope": -0.0015790472931035324,
  "trend_direction": "decreasing",
  "anomalies": [],
  "anomaly_count": 0,
  "flow_status": {
    "status": "Low Flow",
    "latest_flow": 35.5,
    "percentile": 6.846240179573512
  },
  "recent_change": {
    "change_cfs": 0.7999999999999972,
    "change_pct": 2.305475504322758
  },
  "summary": "Low Flow conditions (avg: 2615 cfs, trend: decreasing)",
  "analysis_date": "2026-05-11 03:39:18",
  "sites_analyzed": [
    "01646500",
    "01491000"
  ]
}