{
  "mean_flow": 3094.8259463179625,
  "median_flow": 3980.0,
  "std_flow": 1787.5623114229736,
  "min_flow": 52.0,
  "max_flow": 4810.0,
  "total_records": 2906,
  "percentile_25": 69.1,
  "percentile_75": 4170.0,
  "percentile_90": 4550.0,
  "trend": {
    "slope": -0.0009988320377827126,
    "direction": "decreasing",
    "r_squared": 0.011553644412277431,
    "p_value": 6.2949690987720516e-09
  },
  "trend_slope": -0.0009988320377827126,
  "trend_direction": "decreasing",
  "anomalies": [],
  "anomaly_count": 0,
  "flow_status": {
    "status": "Low Flow",
    "latest_flow": 52.0,
    "percentile": 1.3764624913971095
  },
  "recent_change": {
    "change_cfs": -3518.0,
    "change_pct": -98.54341736694678
  },
  "summary": "Low Flow conditions (avg: 3095 cfs, trend: decreasing)",
  "analysis_date": "2026-04-24 20:52:10",
  "sites_analyzed": [
    "01646500",
    "01491000"
  ]
}