{
  "mean_flow": 1907.9569056603773,
  "median_flow": 2450.0,
  "std_flow": 1116.434707513799,
  "min_flow": 22.0,
  "max_flow": 3400.0,
  "total_records": 2650,
  "percentile_25": 36.6,
  "percentile_75": 2550.0,
  "percentile_90": 2850.0,
  "trend": {
    "slope": 0.000535072272220622,
    "direction": "increasing",
    "r_squared": 0.006860538172950759,
    "p_value": 1.9619592638699928e-05
  },
  "trend_slope": 0.000535072272220622,
  "trend_direction": "increasing",
  "anomalies": [],
  "anomaly_count": 0,
  "flow_status": {
    "status": "Below Normal",
    "latest_flow": 27.2,
    "percentile": 14.150943396226415
  },
  "recent_change": {
    "change_cfs": 0.5,
    "change_pct": 1.8726591760299627
  },
  "summary": "Below Normal conditions (avg: 1908 cfs, trend: increasing)",
  "analysis_date": "2026-05-23 02:55:28",
  "sites_analyzed": [
    "01646500",
    "01491000"
  ]
}