{
  "mean_flow": 2171.4986769570014,
  "median_flow": 2750.0,
  "std_flow": 1250.083765995544,
  "min_flow": 32.5,
  "max_flow": 3400.0,
  "total_records": 2721,
  "percentile_25": 40.8,
  "percentile_75": 2960.0,
  "percentile_90": 3170.0,
  "trend": {
    "slope": -0.0008306251851161333,
    "direction": "decreasing",
    "r_squared": 0.013795470042092183,
    "p_value": 7.983823633308431e-10
  },
  "trend_slope": -0.0008306251851161333,
  "trend_direction": "decreasing",
  "anomalies": [],
  "anomaly_count": 0,
  "flow_status": {
    "status": "Below Normal",
    "latest_flow": 38.1,
    "percentile": 22.01396545387725
  },
  "recent_change": {
    "change_cfs": 0.8999999999999986,
    "change_pct": 2.4193548387096735
  },
  "summary": "Below Normal conditions (avg: 2171 cfs, trend: decreasing)",
  "analysis_date": "2026-05-15 06:57:04",
  "sites_analyzed": [
    "01646500",
    "01491000"
  ]
}