{
  "mean_flow": 1811.4247076023391,
  "median_flow": 1980.0,
  "std_flow": 1060.154660196126,
  "min_flow": 33.9,
  "max_flow": 3170.0,
  "total_records": 2736,
  "percentile_25": 306.0,
  "percentile_75": 2700.0,
  "percentile_90": 2800.0,
  "trend": {
    "slope": 0.0013535511798667172,
    "direction": "increasing",
    "r_squared": 0.055961667975897494,
    "p_value": 4.147064201203767e-36
  },
  "trend_slope": 0.0013535511798667172,
  "trend_direction": "increasing",
  "anomalies": [],
  "anomaly_count": 0,
  "flow_status": {
    "status": "Above Normal",
    "latest_flow": 2700.0,
    "percentile": 76.27923976608187
  },
  "recent_change": {
    "change_cfs": 2596.0,
    "change_pct": 2496.153846153846
  },
  "summary": "Above Normal conditions (avg: 1811 cfs, trend: increasing)",
  "analysis_date": "2026-01-15 13:02:56",
  "sites_analyzed": [
    "01646500",
    "01491000"
  ]
}