{
  "mean_flow": 3408.5848896434636,
  "median_flow": 4360.0,
  "std_flow": 1998.133910383363,
  "min_flow": 12.2,
  "max_flow": 5430.0,
  "total_records": 2945,
  "percentile_25": 27.2,
  "percentile_75": 4680.0,
  "percentile_90": 5150.0,
  "trend": {
    "slope": -0.0009078024934356708,
    "direction": "decreasing",
    "r_squared": 0.007634432055259039,
    "p_value": 2.0469026988299323e-06
  },
  "trend_slope": -0.0009078024934356708,
  "trend_direction": "decreasing",
  "anomalies": [],
  "anomaly_count": 0,
  "flow_status": {
    "status": "Normal",
    "latest_flow": 3740.0,
    "percentile": 31.205432937181666
  },
  "recent_change": {
    "change_cfs": 50.0,
    "change_pct": 1.3550135501355014
  },
  "summary": "Normal conditions (avg: 3409 cfs, trend: decreasing)",
  "analysis_date": "2026-06-14 21:14:18",
  "sites_analyzed": [
    "01646500",
    "01491000"
  ]
}