{
  "mean_flow": 6551.396303142329,
  "median_flow": 7820.0,
  "std_flow": 3684.4623915946117,
  "min_flow": 242.0,
  "max_flow": 11300.0,
  "total_records": 2705,
  "percentile_25": 568.0,
  "percentile_75": 8770.0,
  "percentile_90": 10100.0,
  "trend": {
    "slope": -0.002802252178141659,
    "direction": "decreasing",
    "r_squared": 0.017862784774917612,
    "p_value": 2.9666627434031278e-12
  },
  "trend_slope": -0.002802252178141659,
  "trend_direction": "decreasing",
  "anomalies": [],
  "anomaly_count": 0,
  "flow_status": {
    "status": "Low Flow",
    "latest_flow": 247.0,
    "percentile": 0.7763401109057301
  },
  "recent_change": {
    "change_cfs": -10053.0,
    "change_pct": -97.60194174757282
  },
  "summary": "Low Flow conditions (avg: 6551 cfs, trend: decreasing)",
  "analysis_date": "2026-03-07 06:54:11",
  "sites_analyzed": [
    "01646500",
    "01491000"
  ]
}