{
  "mean_flow": 1163.4850208570344,
  "median_flow": 1480.0,
  "std_flow": 667.4883573457146,
  "min_flow": 16.1,
  "max_flow": 1890.0,
  "total_records": 2637,
  "percentile_25": 22.5,
  "percentile_75": 1560.0,
  "percentile_90": 1640.0,
  "trend": {
    "slope": 0.00017707256516172237,
    "direction": "increasing",
    "r_squared": 0.002072358069829934,
    "p_value": 0.019397805976020192
  },
  "trend_slope": 0.00017707256516172237,
  "trend_direction": "increasing",
  "anomalies": [],
  "anomaly_count": 0,
  "flow_status": {
    "status": "Low Flow",
    "latest_flow": 18.0,
    "percentile": 9.973454683352294
  },
  "recent_change": {
    "change_cfs": -0.3999999999999986,
    "change_pct": -2.173913043478253
  },
  "summary": "Low Flow conditions (avg: 1163 cfs, trend: increasing)",
  "analysis_date": "2025-10-23 01:59:10",
  "sites_analyzed": [
    "01646500",
    "01491000"
  ]
}