{
  "mean_flow": 9450.306956201694,
  "median_flow": 8340.0,
  "std_flow": 6408.799340726014,
  "min_flow": 155.0,
  "max_flow": 18300.0,
  "total_records": 2717,
  "percentile_25": 7570.0,
  "percentile_75": 15700.0,
  "percentile_90": 17640.000000000007,
  "trend": {
    "slope": 0.015984650946271436,
    "direction": "increasing",
    "r_squared": 0.19381167810209027,
    "p_value": 3.374546702639567e-129
  },
  "trend_slope": 0.015984650946271436,
  "trend_direction": "increasing",
  "anomalies": [],
  "anomaly_count": 0,
  "flow_status": {
    "status": "Normal",
    "latest_flow": 14900.0,
    "percentile": 69.377990430622
  },
  "recent_change": {
    "change_cfs": -100.0,
    "change_pct": -0.6666666666666667
  },
  "summary": "Normal conditions (avg: 9450 cfs, trend: increasing)",
  "analysis_date": "2026-03-11 07:05:28",
  "sites_analyzed": [
    "01646500",
    "01491000"
  ]
}