{
  "mean_flow": 2067.742414860681,
  "median_flow": 2600.0,
  "std_flow": 1225.6125076012997,
  "min_flow": 19.1,
  "max_flow": 3230.0,
  "total_records": 2584,
  "percentile_25": 41.8,
  "percentile_75": 2960.0,
  "percentile_90": 3120.0,
  "trend": {
    "slope": -0.0001396631912558505,
    "direction": "stable",
    "r_squared": 0.0003742273558303162,
    "p_value": 0.32561751436331066
  },
  "trend_slope": -0.0001396631912558505,
  "trend_direction": "stable",
  "anomalies": [],
  "anomaly_count": 0,
  "flow_status": {
    "status": "Normal",
    "latest_flow": 2160.0,
    "percentile": 28.52167182662539
  },
  "recent_change": {
    "change_cfs": 0.0,
    "change_pct": 0.0
  },
  "summary": "Normal conditions (avg: 2068 cfs, trend: stable)",
  "analysis_date": "2025-11-07 02:03:34",
  "sites_analyzed": [
    "01646500",
    "01491000"
  ]
}