{
  "mean_flow": 1928.1819444444445,
  "median_flow": 2550.0,
  "std_flow": 1221.6989706275492,
  "min_flow": 14.8,
  "max_flow": 3230.0,
  "total_records": 2808,
  "percentile_25": 41.8,
  "percentile_75": 2960.0,
  "percentile_90": 3120.0,
  "trend": {
    "slope": 0.001943425867603182,
    "direction": "increasing",
    "r_squared": 0.08959781320439784,
    "p_value": 3.1949219844109947e-59
  },
  "trend_slope": 0.001943425867603182,
  "trend_direction": "increasing",
  "anomalies": [],
  "anomaly_count": 0,
  "flow_status": {
    "status": "Normal",
    "latest_flow": 2650.0,
    "percentile": 55.94729344729345
  },
  "recent_change": {
    "change_cfs": 2630.1,
    "change_pct": 13216.582914572866
  },
  "summary": "Normal conditions (avg: 1928 cfs, trend: increasing)",
  "analysis_date": "2025-11-05 16:04:33",
  "sites_analyzed": [
    "01646500",
    "01491000"
  ]
}