{
  "mean_flow": 2588.65085995086,
  "median_flow": 3170.0,
  "std_flow": 1513.4775333843336,
  "min_flow": 33.9,
  "max_flow": 4170.0,
  "total_records": 2849,
  "percentile_25": 45.7,
  "percentile_75": 3690.0,
  "percentile_90": 3920.0,
  "trend": {
    "slope": -0.0015399087361112674,
    "direction": "decreasing",
    "r_squared": 0.03546196841774836,
    "p_value": 3.753004257693667e-24
  },
  "trend_slope": -0.0015399087361112674,
  "trend_direction": "decreasing",
  "anomalies": [],
  "anomaly_count": 0,
  "flow_status": {
    "status": "Low Flow",
    "latest_flow": 35.5,
    "percentile": 7.827307827307828
  },
  "recent_change": {
    "change_cfs": 0.0,
    "change_pct": 0.0
  },
  "summary": "Low Flow conditions (avg: 2589 cfs, trend: decreasing)",
  "analysis_date": "2026-05-11 14:56:23",
  "sites_analyzed": [
    "01646500",
    "01491000"
  ]
}