{
  "mean_flow": 1788.7404004290313,
  "median_flow": 2030.0,
  "std_flow": 1099.180050190937,
  "min_flow": 17.7,
  "max_flow": 3170.0,
  "total_records": 2797,
  "percentile_25": 33.1,
  "percentile_75": 2700.0,
  "percentile_90": 3010.0,
  "trend": {
    "slope": -0.001797235963837091,
    "direction": "decreasing",
    "r_squared": 0.08857334064582593,
    "p_value": 2.5977047732508584e-58
  },
  "trend_slope": -0.001797235963837091,
  "trend_direction": "decreasing",
  "anomalies": [],
  "anomaly_count": 0,
  "flow_status": {
    "status": "Normal",
    "latest_flow": 33.1,
    "percentile": 25.098319628173044
  },
  "recent_change": {
    "change_cfs": 0.0,
    "change_pct": 0.0
  },
  "summary": "Normal conditions (avg: 1789 cfs, trend: decreasing)",
  "analysis_date": "2025-11-10 12:57:02",
  "sites_analyzed": [
    "01646500",
    "01491000"
  ]
}