{
  "mean_flow": 1987.4068794326242,
  "median_flow": 2450.0,
  "std_flow": 1181.413250687113,
  "min_flow": 39.9,
  "max_flow": 3340.0,
  "total_records": 2820,
  "percentile_25": 50.9,
  "percentile_75": 2800.0,
  "percentile_90": 3120.0,
  "trend": {
    "slope": -0.0010455215057232228,
    "direction": "decreasing",
    "r_squared": 0.027724274368280292,
    "p_value": 5.566518302585681e-19
  },
  "trend_slope": -0.0010455215057232228,
  "trend_direction": "decreasing",
  "anomalies": [],
  "anomaly_count": 0,
  "flow_status": {
    "status": "Low Flow",
    "latest_flow": 39.9,
    "percentile": 0.3546099290780142
  },
  "recent_change": {
    "change_cfs": -2120.1,
    "change_pct": -98.15277777777777
  },
  "summary": "Low Flow conditions (avg: 1987 cfs, trend: decreasing)",
  "analysis_date": "2025-12-31 18:39:34",
  "sites_analyzed": [
    "01646500",
    "01491000"
  ]
}