{
  "mean_flow": 2822.1323142552437,
  "median_flow": 3510.0,
  "std_flow": 1626.515418390918,
  "min_flow": 49.8,
  "max_flow": 4170.0,
  "total_records": 2813,
  "percentile_25": 64.0,
  "percentile_75": 3980.0,
  "percentile_90": 4050.0,
  "trend": {
    "slope": -0.0010451659485218787,
    "direction": "decreasing",
    "r_squared": 0.013872230891479572,
    "p_value": 3.707991732130881e-10
  },
  "trend_slope": -0.0010451659485218787,
  "trend_direction": "decreasing",
  "anomalies": [],
  "anomaly_count": 0,
  "flow_status": {
    "status": "Below Normal",
    "latest_flow": 54.3,
    "percentile": 11.304656949875577
  },
  "recent_change": {
    "change_cfs": 0.0,
    "change_pct": 0.0
  },
  "summary": "Below Normal conditions (avg: 2822 cfs, trend: decreasing)",
  "analysis_date": "2026-04-27 13:57:56",
  "sites_analyzed": [
    "01646500",
    "01491000"
  ]
}