{
  "mean_flow": 2165.7701001381215,
  "median_flow": 2550.0,
  "std_flow": 1298.4234433958575,
  "min_flow": 8.37,
  "max_flow": 3860.0,
  "total_records": 2896,
  "percentile_25": 20.6,
  "percentile_75": 3120.0,
  "percentile_90": 3510.0,
  "trend": {
    "slope": -0.0016075660539875847,
    "direction": "decreasing",
    "r_squared": 0.05428424680647975,
    "p_value": 5.331677493178035e-37
  },
  "trend_slope": -0.0016075660539875847,
  "trend_direction": "decreasing",
  "anomalies": [],
  "anomaly_count": 0,
  "flow_status": {
    "status": "Below Normal",
    "latest_flow": 11.2,
    "percentile": 16.022099447513813
  },
  "recent_change": {
    "change_cfs": 0.29999999999999893,
    "change_pct": 2.7522935779816415
  },
  "summary": "Below Normal conditions (avg: 2166 cfs, trend: decreasing)",
  "analysis_date": "2026-06-21 17:40:13",
  "sites_analyzed": [
    "01646500",
    "01491000"
  ]
}