{
  "mean_flow": 5796.573612063057,
  "median_flow": 7490.0,
  "std_flow": 3305.0314760765514,
  "min_flow": 80.7,
  "max_flow": 8600.0,
  "total_records": 2918,
  "percentile_25": 201.0,
  "percentile_75": 7820.0,
  "percentile_90": 8160.0,
  "trend": {
    "slope": -0.0003215369301530766,
    "direction": "stable",
    "r_squared": 0.00034464880189778377,
    "p_value": 0.31610444248817765
  },
  "trend_slope": -0.0003215369301530766,
  "trend_direction": "stable",
  "anomalies": [],
  "anomaly_count": 0,
  "flow_status": {
    "status": "Low Flow",
    "latest_flow": 131.0,
    "percentile": 7.128169979437972
  },
  "recent_change": {
    "change_cfs": 5.0,
    "change_pct": 3.968253968253968
  },
  "summary": "Low Flow conditions (avg: 5797 cfs, trend: stable)",
  "analysis_date": "2026-04-08 20:45:53",
  "sites_analyzed": [
    "01646500",
    "01491000"
  ]
}