{
  "mean_flow": 1880.841720662347,
  "median_flow": 2450.0,
  "std_flow": 1088.847107193128,
  "min_flow": 22.0,
  "max_flow": 3120.0,
  "total_records": 2778,
  "percentile_25": 39.225,
  "percentile_75": 2550.0,
  "percentile_90": 2800.0,
  "trend": {
    "slope": -3.535046215265366e-05,
    "direction": "stable",
    "r_squared": 3.4572157241011404e-05,
    "p_value": 0.7567368120967062
  },
  "trend_slope": -3.535046215265366e-05,
  "trend_direction": "stable",
  "anomalies": [],
  "anomaly_count": 0,
  "flow_status": {
    "status": "Below Normal",
    "latest_flow": 25.7,
    "percentile": 10.187185025197984
  },
  "recent_change": {
    "change_cfs": 0.5,
    "change_pct": 1.984126984126984
  },
  "summary": "Below Normal conditions (avg: 1881 cfs, trend: stable)",
  "analysis_date": "2026-05-22 10:52:33",
  "sites_analyzed": [
    "01646500",
    "01491000"
  ]
}