{
  "mean_flow": 3070.6465424954795,
  "median_flow": 2960.0,
  "std_flow": 2515.055749186467,
  "min_flow": 1.86,
  "max_flow": 9040.0,
  "total_records": 2765,
  "percentile_25": 14.8,
  "percentile_75": 4950.0,
  "percentile_90": 6840.0,
  "trend": {
    "slope": 0.006811174320214152,
    "direction": "increasing",
    "r_squared": 0.23727290181591473,
    "p_value": 9.685004886975524e-165
  },
  "trend_slope": 0.006811174320214152,
  "trend_direction": "increasing",
  "anomalies": [],
  "anomaly_count": 0,
  "flow_status": {
    "status": "Below Normal",
    "latest_flow": 14.5,
    "percentile": 24.26763110307414
  },
  "recent_change": {
    "change_cfs": 0.0,
    "change_pct": 0.0
  },
  "summary": "Below Normal conditions (avg: 3071 cfs, trend: increasing)",
  "analysis_date": "2026-07-12 09:51:32",
  "sites_analyzed": [
    "01646500",
    "01491000"
  ]
}