{
  "mean_flow": 1290.0792124195382,
  "median_flow": 1560.0,
  "std_flow": 833.3627965659906,
  "min_flow": 52.0,
  "max_flow": 2700.0,
  "total_records": 2641,
  "percentile_25": 122.0,
  "percentile_75": 1980.0,
  "percentile_90": 2210.0,
  "trend": {
    "slope": 0.0019496712499568053,
    "direction": "increasing",
    "r_squared": 0.16111794148658823,
    "p_value": 8.130192338789032e-103
  },
  "trend_slope": 0.0019496712499568053,
  "trend_direction": "increasing",
  "anomalies": [],
  "anomaly_count": 0,
  "flow_status": {
    "status": "Low Flow",
    "latest_flow": 56.6,
    "percentile": 3.7864445285876562
  },
  "recent_change": {
    "change_cfs": 0.0,
    "change_pct": 0.0
  },
  "summary": "Low Flow conditions (avg: 1290 cfs, trend: increasing)",
  "analysis_date": "2026-02-03 02:50:01",
  "sites_analyzed": [
    "01646500",
    "01491000"
  ]
}