{
  "mean_flow": 3435.026156018355,
  "median_flow": 4420.0,
  "std_flow": 2008.5361866906221,
  "min_flow": 12.2,
  "max_flow": 5430.0,
  "total_records": 2833,
  "percentile_25": 27.2,
  "percentile_75": 4750.0,
  "percentile_90": 5150.0,
  "trend": {
    "slope": -0.0007642278388806858,
    "direction": "decreasing",
    "r_squared": 0.004955933380334264,
    "p_value": 0.00017682081486349583
  },
  "trend_slope": -0.0007642278388806858,
  "trend_direction": "decreasing",
  "anomalies": [],
  "anomaly_count": 0,
  "flow_status": {
    "status": "Normal",
    "latest_flow": 3570.0,
    "percentile": 26.54429932933286
  },
  "recent_change": {
    "change_cfs": 0.0,
    "change_pct": 0.0
  },
  "summary": "Normal conditions (avg: 3435 cfs, trend: decreasing)",
  "analysis_date": "2026-06-14 14:05:30",
  "sites_analyzed": [
    "01646500",
    "01491000"
  ]
}