{
  "mean_flow": 2812.6510044262855,
  "median_flow": 3450.0,
  "std_flow": 1617.2877591634387,
  "min_flow": 49.8,
  "max_flow": 4170.0,
  "total_records": 2937,
  "percentile_25": 64.0,
  "percentile_75": 3980.0,
  "percentile_90": 4050.0,
  "trend": {
    "slope": -0.0010004841151851575,
    "direction": "decreasing",
    "r_squared": 0.014008515913943228,
    "p_value": 1.241432574216342e-10
  },
  "trend_slope": -0.0010004841151851575,
  "trend_direction": "decreasing",
  "anomalies": [],
  "anomaly_count": 0,
  "flow_status": {
    "status": "Normal",
    "latest_flow": 3400.0,
    "percentile": 40.24514811031665
  },
  "recent_change": {
    "change_cfs": 0.0,
    "change_pct": 0.0
  },
  "summary": "Normal conditions (avg: 2813 cfs, trend: decreasing)",
  "analysis_date": "2026-04-27 21:04:40",
  "sites_analyzed": [
    "01646500",
    "01491000"
  ]
}