{
  "mean_flow": 14310.471522264412,
  "median_flow": 11600.0,
  "std_flow": 12348.288688145438,
  "min_flow": 22.9,
  "max_flow": 39200.0,
  "total_records": 2897,
  "percentile_25": 48.8,
  "percentile_75": 22400.0,
  "percentile_90": 35400.0,
  "trend": {
    "slope": -0.04036423376299401,
    "direction": "decreasing",
    "r_squared": 0.3784549164342148,
    "p_value": 2.7130966539870403e-301
  },
  "trend_slope": -0.04036423376299401,
  "trend_direction": "decreasing",
  "anomalies": [],
  "anomaly_count": 0,
  "flow_status": {
    "status": "Low Flow",
    "latest_flow": 23.4,
    "percentile": 3.1756989989644464
  },
  "recent_change": {
    "change_cfs": 0.0,
    "change_pct": 0.0
  },
  "summary": "Low Flow conditions (avg: 14310 cfs, trend: decreasing)",
  "analysis_date": "2026-06-05 17:56:37",
  "sites_analyzed": [
    "01646500",
    "01491000"
  ]
}