{
  "mean_flow": 2676.486949094636,
  "median_flow": 3340.0,
  "std_flow": 1567.1212795851914,
  "min_flow": 33.9,
  "max_flow": 4230.0,
  "total_records": 2927,
  "percentile_25": 45.7,
  "percentile_75": 3800.0,
  "percentile_90": 3980.0,
  "trend": {
    "slope": -0.0013921878969887446,
    "direction": "decreasing",
    "r_squared": 0.028668800164810673,
    "p_value": 2.883890811349223e-20
  },
  "trend_slope": -0.0013921878969887446,
  "trend_direction": "decreasing",
  "anomalies": [],
  "anomaly_count": 0,
  "flow_status": {
    "status": "Low Flow",
    "latest_flow": 33.9,
    "percentile": 1.8448923812777587
  },
  "recent_change": {
    "change_cfs": 0.0,
    "change_pct": 0.0
  },
  "summary": "Low Flow conditions (avg: 2676 cfs, trend: decreasing)",
  "analysis_date": "2026-05-10 20:51:06",
  "sites_analyzed": [
    "01646500",
    "01491000"
  ]
}