{
  "mean_flow": 1968.2228774062814,
  "median_flow": 2120.0,
  "std_flow": 1332.3636808878477,
  "min_flow": 1.04,
  "max_flow": 5500.0,
  "total_records": 2961,
  "percentile_25": 13.9,
  "percentile_75": 2400.0,
  "percentile_90": 3510.0,
  "trend": {
    "slope": 0.0017310214089456503,
    "direction": "increasing",
    "r_squared": 0.06305438803234469,
    "p_value": 8.236600956370783e-44
  },
  "trend_slope": 0.0017310214089456503,
  "trend_direction": "increasing",
  "anomalies": [],
  "anomaly_count": 0,
  "flow_status": {
    "status": "High Flow",
    "latest_flow": 5500.0,
    "percentile": 100.0
  },
  "recent_change": {
    "change_cfs": 1810.0,
    "change_pct": 49.05149051490515
  },
  "summary": "High Flow conditions (avg: 1968 cfs, trend: increasing)",
  "analysis_date": "2026-07-09 22:27:18",
  "sites_analyzed": [
    "01646500",
    "01491000"
  ]
}