{
  "mean_flow": 1843.910106382979,
  "median_flow": 2350.0,
  "std_flow": 1063.5627152646387,
  "min_flow": 22.0,
  "max_flow": 2850.0,
  "total_records": 2632,
  "percentile_25": 1499.45,
  "percentile_75": 2600.0,
  "percentile_90": 2700.0,
  "trend": {
    "slope": 0.0006074955621789801,
    "direction": "increasing",
    "r_squared": 0.009576558552670998,
    "p_value": 4.899672743939757e-07
  },
  "trend_slope": 0.0006074955621789801,
  "trend_direction": "increasing",
  "anomalies": [],
  "anomaly_count": 0,
  "flow_status": {
    "status": "Normal",
    "latest_flow": 2350.0,
    "percentile": 53.00151975683891
  },
  "recent_change": {
    "change_cfs": 0.0,
    "change_pct": 0.0
  },
  "summary": "Normal conditions (avg: 1844 cfs, trend: increasing)",
  "analysis_date": "2025-12-07 02:23:56",
  "sites_analyzed": [
    "01646500",
    "01491000"
  ]
}