{
  "mean_flow": 2614.2019002375296,
  "median_flow": 3400.0,
  "std_flow": 1492.2701958208347,
  "min_flow": 41.8,
  "max_flow": 3860.0,
  "total_records": 2947,
  "percentile_25": 56.6,
  "percentile_75": 3510.0,
  "percentile_90": 3690.0,
  "trend": {
    "slope": 0.00029549054268076836,
    "direction": "increasing",
    "r_squared": 0.0014530639758802506,
    "p_value": 0.038525738361380464
  },
  "trend_slope": 0.00029549054268076836,
  "trend_direction": "increasing",
  "anomalies": [],
  "anomaly_count": 0,
  "flow_status": {
    "status": "Low Flow",
    "latest_flow": 41.8,
    "percentile": 0.40719375636240246
  },
  "recent_change": {
    "change_cfs": 0.0,
    "change_pct": 0.0
  },
  "summary": "Low Flow conditions (avg: 2614 cfs, trend: increasing)",
  "analysis_date": "2026-05-02 21:40:36",
  "sites_analyzed": [
    "01646500",
    "01491000"
  ]
}