{
  "mean_flow": 1578.8303591262495,
  "median_flow": 1850.0,
  "std_flow": 950.5732598709506,
  "min_flow": 33.9,
  "max_flow": 3280.0,
  "total_records": 2701,
  "percentile_25": 251.0,
  "percentile_75": 1980.0,
  "percentile_90": 2800.0,
  "trend": {
    "slope": 0.0011941536055936686,
    "direction": "increasing",
    "r_squared": 0.0487403933446608,
    "p_value": 3.579695836399559e-31
  },
  "trend_slope": 0.0011941536055936686,
  "trend_direction": "increasing",
  "anomalies": [],
  "anomaly_count": 0,
  "flow_status": {
    "status": "Normal",
    "latest_flow": 253.0,
    "percentile": 25.101814142910033
  },
  "recent_change": {
    "change_cfs": 23.0,
    "change_pct": 10.0
  },
  "summary": "Normal conditions (avg: 1579 cfs, trend: increasing)",
  "analysis_date": "2026-01-12 06:49:55",
  "sites_analyzed": [
    "01646500",
    "01491000"
  ]
}