{
  "mean_flow": 6933.72321090496,
  "median_flow": 7820.0,
  "std_flow": 4024.4765203851675,
  "min_flow": 254.0,
  "max_flow": 13000.0,
  "total_records": 2641,
  "percentile_25": 568.0,
  "percentile_75": 9500.0,
  "percentile_90": 11500.0,
  "trend": {
    "slope": -0.0066653388920194356,
    "direction": "decreasing",
    "r_squared": 0.08074488523186504,
    "p_value": 3.087762329901083e-50
  },
  "trend_slope": -0.0066653388920194356,
  "trend_direction": "decreasing",
  "anomalies": [],
  "anomaly_count": 0,
  "flow_status": {
    "status": "Low Flow",
    "latest_flow": 272.0,
    "percentile": 6.05831124574025
  },
  "recent_change": {
    "change_cfs": 0.0,
    "change_pct": 0.0
  },
  "summary": "Low Flow conditions (avg: 6934 cfs, trend: decreasing)",
  "analysis_date": "2026-03-06 02:43:58",
  "sites_analyzed": [
    "01646500",
    "01491000"
  ]
}