{
  "mean_flow": 14127.004362529591,
  "median_flow": 11300.0,
  "std_flow": 12294.335598599837,
  "min_flow": 22.5,
  "max_flow": 39200.0,
  "total_records": 2957,
  "percentile_25": 6530.0,
  "percentile_75": 22200.0,
  "percentile_90": 35200.0,
  "trend": {
    "slope": -0.03957771645626187,
    "direction": "decreasing",
    "r_squared": 0.38240897767297494,
    "p_value": 1.3671402134514e-311
  },
  "trend_slope": -0.03957771645626187,
  "trend_direction": "decreasing",
  "anomalies": [],
  "anomaly_count": 0,
  "flow_status": {
    "status": "Normal",
    "latest_flow": 6530.0,
    "percentile": 25.66790666215759
  },
  "recent_change": {
    "change_cfs": 0.0,
    "change_pct": 0.0
  },
  "summary": "Normal conditions (avg: 14127 cfs, trend: decreasing)",
  "analysis_date": "2026-06-05 21:26:47",
  "sites_analyzed": [
    "01646500",
    "01491000"
  ]
}