{
  "mean_flow": 1967.664867652114,
  "median_flow": 2400.0,
  "std_flow": 1184.2405190979614,
  "min_flow": 17.7,
  "max_flow": 3230.0,
  "total_records": 2909,
  "percentile_25": 35.5,
  "percentile_75": 2900.0,
  "percentile_90": 3120.0,
  "trend": {
    "slope": -0.0012432315765552786,
    "direction": "decreasing",
    "r_squared": 0.03952098622692542,
    "p_value": 2.5962379549122717e-27
  },
  "trend_slope": -0.0012432315765552786,
  "trend_direction": "decreasing",
  "anomalies": [],
  "anomaly_count": 0,
  "flow_status": {
    "status": "Low Flow",
    "latest_flow": 18.4,
    "percentile": 4.46888965280165
  },
  "recent_change": {
    "change_cfs": 0.3999999999999986,
    "change_pct": 2.2222222222222143
  },
  "summary": "Low Flow conditions (avg: 1968 cfs, trend: decreasing)",
  "analysis_date": "2025-11-08 18:34:29",
  "sites_analyzed": [
    "01646500",
    "01491000"
  ]
}