{
  "mean_flow": 8722.485247067189,
  "median_flow": 7820.0,
  "std_flow": 6088.637631223587,
  "min_flow": 169.0,
  "max_flow": 18300.0,
  "total_records": 2813,
  "percentile_25": 7570.0,
  "percentile_75": 13800.0,
  "percentile_90": 17600.0,
  "trend": {
    "slope": 0.015861693776916312,
    "direction": "increasing",
    "r_squared": 0.22664195251197083,
    "p_value": 4.151659704715063e-159
  },
  "trend_slope": 0.015861693776916312,
  "trend_direction": "increasing",
  "anomalies": [],
  "anomaly_count": 0,
  "flow_status": {
    "status": "Above Normal",
    "latest_flow": 16500.0,
    "percentile": 81.90543903306079
  },
  "recent_change": {
    "change_cfs": -100.0,
    "change_pct": -0.6024096385542169
  },
  "summary": "Above Normal conditions (avg: 8722 cfs, trend: increasing)",
  "analysis_date": "2026-03-10 13:20:32",
  "sites_analyzed": [
    "01646500",
    "01491000"
  ]
}