{
  "mean_flow": 7858.267085878549,
  "median_flow": 9500.0,
  "std_flow": 4653.784021271778,
  "min_flow": 99.1,
  "max_flow": 13000.0,
  "total_records": 2783,
  "percentile_25": 148.0,
  "percentile_75": 11100.0,
  "percentile_90": 12200.0,
  "trend": {
    "slope": -0.005218809761512926,
    "direction": "decreasing",
    "r_squared": 0.0431759435472852,
    "p_value": 1.6062119838082196e-28
  },
  "trend_slope": -0.005218809761512926,
  "trend_direction": "decreasing",
  "anomalies": [],
  "anomaly_count": 0,
  "flow_status": {
    "status": "Normal",
    "latest_flow": 8600.0,
    "percentile": 27.416457060725836
  },
  "recent_change": {
    "change_cfs": 90.0,
    "change_pct": 1.0575793184488838
  },
  "summary": "Normal conditions (avg: 7858 cfs, trend: decreasing)",
  "analysis_date": "2026-03-27 13:24:32",
  "sites_analyzed": [
    "01646500",
    "01491000"
  ]
}