{
  "mean_flow": 3619.950977552498,
  "median_flow": 4550.0,
  "std_flow": 2096.6256128928467,
  "min_flow": 61.5,
  "max_flow": 5710.0,
  "total_records": 2762,
  "percentile_25": 89.5,
  "percentile_75": 5010.0,
  "percentile_90": 5430.0,
  "trend": {
    "slope": -0.0019768813304758873,
    "direction": "decreasing",
    "r_squared": 0.028824870443218475,
    "p_value": 2.6123975763776443e-19
  },
  "trend_slope": -0.0019768813304758873,
  "trend_direction": "decreasing",
  "anomalies": [],
  "anomaly_count": 0,
  "flow_status": {
    "status": "Normal",
    "latest_flow": 4050.0,
    "percentile": 28.16799420709631
  },
  "recent_change": {
    "change_cfs": 0.0,
    "change_pct": 0.0
  },
  "summary": "Normal conditions (avg: 3620 cfs, trend: decreasing)",
  "analysis_date": "2026-04-20 10:00:15",
  "sites_analyzed": [
    "01646500",
    "01491000"
  ]
}