{
  "mean_flow": 5759.773419649658,
  "median_flow": 7490.0,
  "std_flow": 3269.1693203424707,
  "min_flow": 82.8,
  "max_flow": 8340.0,
  "total_records": 2626,
  "percentile_25": 201.0,
  "percentile_75": 7740.0,
  "percentile_90": 7990.0,
  "trend": {
    "slope": 0.0003547813768711481,
    "direction": "stable",
    "r_squared": 0.00034929673091822853,
    "p_value": 0.33838507804571005
  },
  "trend_slope": 0.0003547813768711481,
  "trend_direction": "stable",
  "anomalies": [],
  "anomaly_count": 0,
  "flow_status": {
    "status": "High Flow",
    "latest_flow": 7990.0,
    "percentile": 92.26961157654226
  },
  "recent_change": {
    "change_cfs": 0.0,
    "change_pct": 0.0
  },
  "summary": "High Flow conditions (avg: 5760 cfs, trend: stable)",
  "analysis_date": "2026-04-09 02:22:55",
  "sites_analyzed": [
    "01646500",
    "01491000"
  ]
}