{
  "mean_flow": 2802.925217391304,
  "median_flow": 3570.0,
  "std_flow": 1611.3112922188748,
  "min_flow": 35.5,
  "max_flow": 4230.0,
  "total_records": 2875,
  "percentile_25": 49.8,
  "percentile_75": 3860.0,
  "percentile_90": 3980.0,
  "trend": {
    "slope": -0.000227420878526648,
    "direction": "stable",
    "r_squared": 0.000706611229245368,
    "p_value": 0.1541741135327218
  },
  "trend_slope": -0.000227420878526648,
  "trend_direction": "stable",
  "anomalies": [],
  "anomaly_count": 0,
  "flow_status": {
    "status": "Normal",
    "latest_flow": 3280.0,
    "percentile": 26.608695652173914
  },
  "recent_change": {
    "change_cfs": 0.0,
    "change_pct": 0.0
  },
  "summary": "Normal conditions (avg: 2803 cfs, trend: stable)",
  "analysis_date": "2026-05-08 17:20:01",
  "sites_analyzed": [
    "01646500",
    "01491000"
  ]
}