{
  "mean_flow": 1182.5760749724366,
  "median_flow": 1450.0,
  "std_flow": 733.0412464050431,
  "min_flow": 14.2,
  "max_flow": 2800.0,
  "total_records": 2721,
  "percentile_25": 40.8,
  "percentile_75": 1480.0,
  "percentile_90": 1640.0,
  "trend": {
    "slope": 0.0006653366798657852,
    "direction": "increasing",
    "r_squared": 0.025741310442868745,
    "p_value": 3.7690392743651276e-17
  },
  "trend_slope": 0.0006653366798657852,
  "trend_direction": "increasing",
  "anomalies": [],
  "anomaly_count": 0,
  "flow_status": {
    "status": "Normal",
    "latest_flow": 40.8,
    "percentile": 25.064314590224186
  },
  "recent_change": {
    "change_cfs": 1.7999999999999972,
    "change_pct": 4.615384615384608
  },
  "summary": "Normal conditions (avg: 1183 cfs, trend: increasing)",
  "analysis_date": "2025-10-31 06:38:39",
  "sites_analyzed": [
    "01646500",
    "01491000"
  ]
}