{
  "mean_flow": -749034.6644659523,
  "median_flow": -999999.0,
  "std_flow": 433658.8624591522,
  "min_flow": -999999.0,
  "max_flow": 80.7,
  "total_records": 2893,
  "percentile_25": -999999.0,
  "percentile_75": 21.2,
  "percentile_90": 61.5,
  "trend": {
    "slope": 0.005815397502837232,
    "direction": "stable",
    "r_squared": 6.369596297998931e-06,
    "p_value": 0.8920675160559428
  },
  "trend_slope": 0.005815397502837232,
  "trend_direction": "stable",
  "anomalies": [],
  "anomaly_count": 0,
  "flow_status": {
    "status": "High Flow",
    "latest_flow": 80.7,
    "percentile": 100.0
  },
  "recent_change": {
    "change_cfs": 2.1000000000000085,
    "change_pct": 2.6717557251908506
  },
  "summary": "High Flow conditions (avg: -749035 cfs, trend: stable)",
  "analysis_date": "2026-02-15 18:49:21",
  "sites_analyzed": [
    "01646500",
    "01491000"
  ]
}