{
  "mean_flow": 18120.80766773163,
  "median_flow": 19600.0,
  "std_flow": 12684.151398334241,
  "min_flow": 26.2,
  "max_flow": 39100.0,
  "total_records": 2817,
  "percentile_25": 48.8,
  "percentile_75": 26900.0,
  "percentile_90": 35400.0,
  "trend": {
    "slope": -0.02415855248011185,
    "direction": "decreasing",
    "r_squared": 0.12148829173345206,
    "p_value": 2.8738850399397505e-81
  },
  "trend_slope": -0.02415855248011185,
  "trend_direction": "decreasing",
  "anomalies": [],
  "anomaly_count": 0,
  "flow_status": {
    "status": "Low Flow",
    "latest_flow": 26.2,
    "percentile": 0.10649627263045794
  },
  "recent_change": {
    "change_cfs": -0.5,
    "change_pct": -1.8726591760299627
  },
  "summary": "Low Flow conditions (avg: 18121 cfs, trend: decreasing)",
  "analysis_date": "2026-06-03 12:42:48",
  "sites_analyzed": [
    "01646500",
    "01491000"
  ]
}