{
  "mean_flow": 4822.729465804696,
  "median_flow": 5640.0,
  "std_flow": 2872.1409944518705,
  "min_flow": 74.5,
  "max_flow": 8250.0,
  "total_records": 2939,
  "percentile_25": 143.0,
  "percentile_75": 6770.0,
  "percentile_90": 7910.0,
  "trend": {
    "slope": -0.003929560045324136,
    "direction": "decreasing",
    "r_squared": 0.06853585287141468,
    "p_value": 2.9409513098309184e-47
  },
  "trend_slope": -0.003929560045324136,
  "trend_direction": "decreasing",
  "anomalies": [],
  "anomaly_count": 0,
  "flow_status": {
    "status": "Low Flow",
    "latest_flow": 74.5,
    "percentile": 1.0547805375978225
  },
  "recent_change": {
    "change_cfs": 0.0,
    "change_pct": 0.0
  },
  "summary": "Low Flow conditions (avg: 4823 cfs, trend: decreasing)",
  "analysis_date": "2026-04-15 20:52:40",
  "sites_analyzed": [
    "01646500",
    "01491000"
  ]
}