{
  "mean_flow": 6711.716131260794,
  "median_flow": 8600.0,
  "std_flow": 3863.058804598679,
  "min_flow": 82.8,
  "max_flow": 9960.0,
  "total_records": 2895,
  "percentile_25": 122.0,
  "percentile_75": 9220.0,
  "percentile_90": 9500.0,
  "trend": {
    "slope": -0.0010039790946875069,
    "direction": "decreasing",
    "r_squared": 0.0024620791855456893,
    "p_value": 0.0075790111746138035
  },
  "trend_slope": -0.0010039790946875069,
  "trend_direction": "decreasing",
  "anomalies": [],
  "anomaly_count": 0,
  "flow_status": {
    "status": "Normal",
    "latest_flow": 8770.0,
    "percentile": 55.99309153713299
  },
  "recent_change": {
    "change_cfs": -90.0,
    "change_pct": -1.0158013544018059
  },
  "summary": "Normal conditions (avg: 6712 cfs, trend: decreasing)",
  "analysis_date": "2026-03-31 19:13:36",
  "sites_analyzed": [
    "01646500",
    "01491000"
  ]
}