{
  "mean_flow": 2244.621876186859,
  "median_flow": 2700.0,
  "std_flow": 1361.894988796527,
  "min_flow": 59.0,
  "max_flow": 3920.0,
  "total_records": 2633,
  "percentile_25": 1770.0,
  "percentile_75": 3230.0,
  "percentile_90": 3740.0,
  "trend": {
    "slope": -0.002559150210138382,
    "direction": "decreasing",
    "r_squared": 0.10348491115438317,
    "p_value": 1.8728789725665543e-64
  },
  "trend_slope": -0.002559150210138382,
  "trend_direction": "decreasing",
  "anomalies": [],
  "anomaly_count": 0,
  "flow_status": {
    "status": "Normal",
    "latest_flow": 2210.0,
    "percentile": 37.181921762248386
  },
  "recent_change": {
    "change_cfs": 50.0,
    "change_pct": 2.314814814814815
  },
  "summary": "Normal conditions (avg: 2245 cfs, trend: decreasing)",
  "analysis_date": "2026-01-23 02:24:00",
  "sites_analyzed": [
    "01646500",
    "01491000"
  ]
}