{
  "mean_flow": 2563.4024335286167,
  "median_flow": 2450.0,
  "std_flow": 280.9986471275133,
  "min_flow": 2210.0,
  "max_flow": 3450.0,
  "total_records": 2219,
  "percentile_25": 2350.0,
  "percentile_75": 2800.0,
  "percentile_90": 3010.0,
  "trend": {
    "slope": 0.0001861694900297899,
    "direction": "increasing",
    "r_squared": 0.016217357864451186,
    "p_value": 1.7441271975309238e-09
  },
  "trend_slope": 0.0001861694900297899,
  "trend_direction": "increasing",
  "anomalies": [],
  "anomaly_count": 0,
  "flow_status": {
    "status": "Normal",
    "latest_flow": 2750.0,
    "percentile": 73.6367733213159
  },
  "recent_change": {
    "change_cfs": -50.0,
    "change_pct": -1.7857142857142856
  },
  "summary": "Normal conditions (avg: 2563 cfs, trend: increasing)",
  "analysis_date": "2026-06-29 21:27:55",
  "sites_analyzed": [
    "01646500"
  ]
}