{
  "mean_flow": 4873.107934821112,
  "median_flow": 5710.0,
  "std_flow": 2886.1123696872005,
  "min_flow": 74.5,
  "max_flow": 8250.0,
  "total_records": 2823,
  "percentile_25": 2547.5,
  "percentile_75": 6920.0,
  "percentile_90": 7910.0,
  "trend": {
    "slope": -0.003938870454621061,
    "direction": "decreasing",
    "r_squared": 0.06293919648777244,
    "p_value": 8.982990049108897e-42
  },
  "trend_slope": -0.003938870454621061,
  "trend_direction": "decreasing",
  "anomalies": [],
  "anomaly_count": 0,
  "flow_status": {
    "status": "Normal",
    "latest_flow": 5010.0,
    "percentile": 25.646475380800567
  },
  "recent_change": {
    "change_cfs": -70.0,
    "change_pct": -1.3779527559055118
  },
  "summary": "Normal conditions (avg: 4873 cfs, trend: decreasing)",
  "analysis_date": "2026-04-15 13:28:11",
  "sites_analyzed": [
    "01646500",
    "01491000"
  ]
}