{
  "mean_flow": 2209.3776076895692,
  "median_flow": 2600.0,
  "std_flow": 1346.1305898206792,
  "min_flow": 59.0,
  "max_flow": 3920.0,
  "total_records": 2809,
  "percentile_25": 1770.0,
  "percentile_75": 3170.0,
  "percentile_90": 3740.0,
  "trend": {
    "slope": -0.002419292557756081,
    "direction": "decreasing",
    "r_squared": 0.10780307308014171,
    "p_value": 1.354625011874352e-71
  },
  "trend_slope": -0.002419292557756081,
  "trend_direction": "decreasing",
  "anomalies": [],
  "anomaly_count": 0,
  "flow_status": {
    "status": "Normal",
    "latest_flow": 2120.0,
    "percentile": 32.4314702741189
  },
  "recent_change": {
    "change_cfs": -40.0,
    "change_pct": -1.8518518518518516
  },
  "summary": "Normal conditions (avg: 2209 cfs, trend: decreasing)",
  "analysis_date": "2026-01-23 13:04:56",
  "sites_analyzed": [
    "01646500",
    "01491000"
  ]
}