{
  "mean_flow": 22279.759857964153,
  "median_flow": 26300.0,
  "std_flow": 14304.642292131151,
  "min_flow": 29.8,
  "max_flow": 41900.0,
  "total_records": 2957,
  "percentile_25": 7660.0,
  "percentile_75": 33400.0,
  "percentile_90": 38600.0,
  "trend": {
    "slope": 0.002634105354127966,
    "direction": "stable",
    "r_squared": 0.001251264201401385,
    "p_value": 0.05443937891221531
  },
  "trend_slope": 0.002634105354127966,
  "trend_direction": "stable",
  "anomalies": [],
  "anomaly_count": 0,
  "flow_status": {
    "status": "Normal",
    "latest_flow": 21100.0,
    "percentile": 31.146432194792016
  },
  "recent_change": {
    "change_cfs": -400.0,
    "change_pct": -1.8604651162790697
  },
  "summary": "Normal conditions (avg: 22280 cfs, trend: stable)",
  "analysis_date": "2026-05-31 21:01:04",
  "sites_analyzed": [
    "01646500",
    "01491000"
  ]
}