{
  "mean_flow": 2560.8572279614323,
  "median_flow": 2900.0,
  "std_flow": 1597.8474351315656,
  "min_flow": 8.37,
  "max_flow": 5010.0,
  "total_records": 2904,
  "percentile_25": 1806.8,
  "percentile_75": 3630.0,
  "percentile_90": 4490.0,
  "trend": {
    "slope": -0.002772324386120304,
    "direction": "decreasing",
    "r_squared": 0.10742043400634274,
    "p_value": 1.1027749000963783e-73
  },
  "trend_slope": -0.002772324386120304,
  "trend_direction": "decreasing",
  "anomalies": [],
  "anomaly_count": 0,
  "flow_status": {
    "status": "Normal",
    "latest_flow": 2550.0,
    "percentile": 30.922865013774103
  },
  "recent_change": {
    "change_cfs": 50.0,
    "change_pct": 2.0
  },
  "summary": "Normal conditions (avg: 2561 cfs, trend: decreasing)",
  "analysis_date": "2026-06-19 17:59:42",
  "sites_analyzed": [
    "01646500",
    "01491000"
  ]
}