{
  "mean_flow": 14386.712951912952,
  "median_flow": 11800.0,
  "std_flow": 12343.804366193632,
  "min_flow": 22.9,
  "max_flow": 39100.0,
  "total_records": 2849,
  "percentile_25": 48.8,
  "percentile_75": 22700.0,
  "percentile_90": 35200.0,
  "trend": {
    "slope": -0.04087530845889389,
    "direction": "decreasing",
    "r_squared": 0.3756201276770128,
    "p_value": 1.6165240824931065e-293
  },
  "trend_slope": -0.04087530845889389,
  "trend_direction": "decreasing",
  "anomalies": [],
  "anomaly_count": 0,
  "flow_status": {
    "status": "Low Flow",
    "latest_flow": 23.4,
    "percentile": 2.8080028080028083
  },
  "recent_change": {
    "change_cfs": 0.0,
    "change_pct": 0.0
  },
  "summary": "Low Flow conditions (avg: 14387 cfs, trend: decreasing)",
  "analysis_date": "2026-06-05 14:54:28",
  "sites_analyzed": [
    "01646500",
    "01491000"
  ]
}