{
  "mean_flow": 2302.70704845815,
  "median_flow": 2750.0,
  "std_flow": 1345.6680363425564,
  "min_flow": 70.8,
  "max_flow": 3920.0,
  "total_records": 2724,
  "percentile_25": 306.0,
  "percentile_75": 3230.0,
  "percentile_90": 3740.0,
  "trend": {
    "slope": 0.0015581662484238903,
    "direction": "increasing",
    "r_squared": 0.0431234837188051,
    "p_value": 6.434362576026764e-28
  },
  "trend_slope": 0.0015581662484238903,
  "trend_direction": "increasing",
  "anomalies": [],
  "anomaly_count": 0,
  "flow_status": {
    "status": "Low Flow",
    "latest_flow": 70.9,
    "percentile": 1.2481644640234948
  },
  "recent_change": {
    "change_cfs": -3099.1,
    "change_pct": -97.76340694006309
  },
  "summary": "Low Flow conditions (avg: 2303 cfs, trend: increasing)",
  "analysis_date": "2026-01-18 12:55:33",
  "sites_analyzed": [
    "01646500",
    "01491000"
  ]
}