{
  "mean_flow": 5795.695503211991,
  "median_flow": 7490.0,
  "std_flow": 3296.2294657463485,
  "min_flow": 80.7,
  "max_flow": 8600.0,
  "total_records": 2802,
  "percentile_25": 201.0,
  "percentile_75": 7820.0,
  "percentile_90": 8160.0,
  "trend": {
    "slope": -0.0003727723607618515,
    "direction": "stable",
    "r_squared": 0.0004283256529603989,
    "p_value": 0.2734507175673664
  },
  "trend_slope": -0.0003727723607618515,
  "trend_direction": "stable",
  "anomalies": [],
  "anomaly_count": 0,
  "flow_status": {
    "status": "Above Normal",
    "latest_flow": 8080.0,
    "percentile": 89.32905067808709
  },
  "recent_change": {
    "change_cfs": 0.0,
    "change_pct": 0.0
  },
  "summary": "Above Normal conditions (avg: 5796 cfs, trend: stable)",
  "analysis_date": "2026-04-08 13:23:46",
  "sites_analyzed": [
    "01646500",
    "01491000"
  ]
}