{
  "mean_flow": 1514.7332857142858,
  "median_flow": 1890.0,
  "std_flow": 926.127175184455,
  "min_flow": 17.7,
  "max_flow": 3120.0,
  "total_records": 2800,
  "percentile_25": 42.7,
  "percentile_75": 2070.0,
  "percentile_90": 2450.0,
  "trend": {
    "slope": -0.0012383324302493563,
    "direction": "decreasing",
    "r_squared": 0.06264553890101966,
    "p_value": 2.959570951870625e-41
  },
  "trend_slope": -0.0012383324302493563,
  "trend_direction": "decreasing",
  "anomalies": [],
  "anomaly_count": 0,
  "flow_status": {
    "status": "Below Normal",
    "latest_flow": 33.1,
    "percentile": 18.321428571428573
  },
  "recent_change": {
    "change_cfs": -1606.9,
    "change_pct": -97.98170731707317
  },
  "summary": "Below Normal conditions (avg: 1515 cfs, trend: decreasing)",
  "analysis_date": "2025-11-12 18:36:18",
  "sites_analyzed": [
    "01646500",
    "01491000"
  ]
}