{
  "mean_flow": 4246.249913224575,
  "median_flow": 5150.0,
  "std_flow": 2496.2105172503816,
  "min_flow": 65.7,
  "max_flow": 7160.0,
  "total_records": 2881,
  "percentile_25": 110.0,
  "percentile_75": 6080.0,
  "percentile_90": 6690.0,
  "trend": {
    "slope": -0.0030347550671909664,
    "direction": "decreasing",
    "r_squared": 0.05177374094424908,
    "p_value": 3.7783373246425905e-35
  },
  "trend_slope": -0.0030347550671909664,
  "trend_direction": "decreasing",
  "anomalies": [],
  "anomaly_count": 0,
  "flow_status": {
    "status": "Low Flow",
    "latest_flow": 65.7,
    "percentile": 0.10413051023950018
  },
  "recent_change": {
    "change_cfs": -1.7000000000000028,
    "change_pct": -2.5222551928783425
  },
  "summary": "Low Flow conditions (avg: 4246 cfs, trend: decreasing)",
  "analysis_date": "2026-04-17 16:56:25",
  "sites_analyzed": [
    "01646500",
    "01491000"
  ]
}