{
  "mean_flow": 6590.3634146341465,
  "median_flow": 5570.0,
  "std_flow": 6376.013752820062,
  "min_flow": 62.7,
  "max_flow": 19600.0,
  "total_records": 1722,
  "percentile_25": 177.0,
  "percentile_75": 12000.0,
  "percentile_90": 16700.0,
  "trend": {
    "slope": 0.02461370010946136,
    "direction": "increasing",
    "r_squared": 0.4254006298218342,
    "p_value": 3.3373280027018674e-209
  },
  "trend_slope": 0.02461370010946136,
  "trend_direction": "increasing",
  "anomalies": [],
  "anomaly_count": 0,
  "flow_status": {
    "status": "High Flow",
    "latest_flow": 19600.0,
    "percentile": 100.0
  },
  "recent_change": {
    "change_cfs": 800.0,
    "change_pct": 4.25531914893617
  },
  "summary": "High Flow conditions (avg: 6590 cfs, trend: increasing)",
  "analysis_date": "2026-02-21 13:06:02",
  "sites_analyzed": [
    "01646500",
    "01491000"
  ]
}