{
  "mean_flow": 1134.7369035358738,
  "median_flow": 1480.0,
  "std_flow": 651.1850911270968,
  "min_flow": 14.2,
  "max_flow": 1810.0,
  "total_records": 2913,
  "percentile_25": 19.5,
  "percentile_75": 1520.0,
  "percentile_90": 1600.0,
  "trend": {
    "slope": -0.0002557184321228839,
    "direction": "decreasing",
    "r_squared": 0.0055224597479071776,
    "p_value": 5.952616266968499e-05
  },
  "trend_slope": -0.0002557184321228839,
  "trend_direction": "decreasing",
  "anomalies": [],
  "anomaly_count": 0,
  "flow_status": {
    "status": "Low Flow",
    "latest_flow": 15.7,
    "percentile": 8.479231033299005
  },
  "recent_change": {
    "change_cfs": 0.29999999999999893,
    "change_pct": 1.9480519480519412
  },
  "summary": "Low Flow conditions (avg: 1135 cfs, trend: decreasing)",
  "analysis_date": "2025-10-28 18:39:30",
  "sites_analyzed": [
    "01646500",
    "01491000"
  ]
}