{
  "mean_flow": 1188.5187815428983,
  "median_flow": 1560.0,
  "std_flow": 684.4620402798229,
  "min_flow": 19.1,
  "max_flow": 1770.0,
  "total_records": 2774,
  "percentile_25": 24.8,
  "percentile_75": 1640.0,
  "percentile_90": 1730.0,
  "trend": {
    "slope": 0.00023860872312996134,
    "direction": "increasing",
    "r_squared": 0.004023439817008805,
    "p_value": 0.0008297586164728903
  },
  "trend_slope": 0.00023860872312996134,
  "trend_direction": "increasing",
  "anomalies": [],
  "anomaly_count": 0,
  "flow_status": {
    "status": "Normal",
    "latest_flow": 25.2,
    "percentile": 25.306416726748377
  },
  "recent_change": {
    "change_cfs": -1654.8,
    "change_pct": -98.5
  },
  "summary": "Normal conditions (avg: 1189 cfs, trend: increasing)",
  "analysis_date": "2025-11-22 12:48:54",
  "sites_analyzed": [
    "01646500",
    "01491000"
  ]
}