{
  "mean_flow": 2768.4944734098017,
  "median_flow": 3570.0,
  "std_flow": 1596.9743510182614,
  "min_flow": 39.0,
  "max_flow": 4230.0,
  "total_records": 2877,
  "percentile_25": 53.1,
  "percentile_75": 3800.0,
  "percentile_90": 3980.0,
  "trend": {
    "slope": 0.0008618732204117208,
    "direction": "increasing",
    "r_squared": 0.010462229182968734,
    "p_value": 3.833110565380209e-08
  },
  "trend_slope": 0.0008618732204117208,
  "trend_direction": "increasing",
  "anomalies": [],
  "anomaly_count": 0,
  "flow_status": {
    "status": "Above Normal",
    "latest_flow": 3860.0,
    "percentile": 81.36948209940911
  },
  "recent_change": {
    "change_cfs": 0.0,
    "change_pct": 0.0
  },
  "summary": "Above Normal conditions (avg: 2768 cfs, trend: increasing)",
  "analysis_date": "2026-05-05 18:11:28",
  "sites_analyzed": [
    "01646500",
    "01491000"
  ]
}