{
  "mean_flow": 1831.5202789699572,
  "median_flow": 2300.0,
  "std_flow": 1058.3251466012273,
  "min_flow": 23.4,
  "max_flow": 2850.0,
  "total_records": 2796,
  "percentile_25": 56.6,
  "percentile_75": 2600.0,
  "percentile_90": 2700.0,
  "trend": {
    "slope": -0.0005530806992677473,
    "direction": "decreasing",
    "r_squared": 0.00905815935642917,
    "p_value": 4.6128665131717805e-07
  },
  "trend_slope": -0.0005530806992677473,
  "trend_direction": "decreasing",
  "anomalies": [],
  "anomaly_count": 0,
  "flow_status": {
    "status": "Low Flow",
    "latest_flow": 30.3,
    "percentile": 2.896995708154506
  },
  "recent_change": {
    "change_cfs": 0.0,
    "change_pct": 0.0
  },
  "summary": "Low Flow conditions (avg: 1832 cfs, trend: decreasing)",
  "analysis_date": "2025-12-09 13:00:46",
  "sites_analyzed": [
    "01646500",
    "01491000"
  ]
}