{
  "mean_flow": 1525.4234750462108,
  "median_flow": 1900.0,
  "std_flow": 880.9140098716875,
  "min_flow": 22.5,
  "max_flow": 2350.0,
  "total_records": 2705,
  "percentile_25": 28.2,
  "percentile_75": 2160.0,
  "percentile_90": 2260.0,
  "trend": {
    "slope": 0.0006627232152643571,
    "direction": "increasing",
    "r_squared": 0.017477540817943834,
    "p_value": 5.093404927473724e-12
  },
  "trend_slope": 0.0006627232152643571,
  "trend_direction": "increasing",
  "anomalies": [],
  "anomaly_count": 0,
  "flow_status": {
    "status": "Low Flow",
    "latest_flow": 22.5,
    "percentile": 0.8133086876155268
  },
  "recent_change": {
    "change_cfs": -2187.5,
    "change_pct": -98.98190045248869
  },
  "summary": "Low Flow conditions (avg: 1525 cfs, trend: increasing)",
  "analysis_date": "2025-11-30 06:39:32",
  "sites_analyzed": [
    "01646500",
    "01491000"
  ]
}