{
  "mean_flow": 7457.597835013065,
  "median_flow": 9220.0,
  "std_flow": 4401.048187663617,
  "min_flow": 99.1,
  "max_flow": 12100.0,
  "total_records": 2679,
  "percentile_25": 138.0,
  "percentile_75": 10500.0,
  "percentile_90": 11700.0,
  "trend": {
    "slope": -0.004573590092744436,
    "direction": "decreasing",
    "r_squared": 0.03438503778954126,
    "p_value": 3.763462109282518e-22
  },
  "trend_slope": -0.004573590092744436,
  "trend_direction": "decreasing",
  "anomalies": [],
  "anomaly_count": 0,
  "flow_status": {
    "status": "Normal",
    "latest_flow": 8340.0,
    "percentile": 27.77155655095185
  },
  "recent_change": {
    "change_cfs": 0.0,
    "change_pct": 0.0
  },
  "summary": "Normal conditions (avg: 7458 cfs, trend: decreasing)",
  "analysis_date": "2026-03-28 07:08:38",
  "sites_analyzed": [
    "01646500",
    "01491000"
  ]
}