{
  "mean_flow": 5721.7234285714285,
  "median_flow": 7490.0,
  "std_flow": 3261.59920743529,
  "min_flow": 104.0,
  "max_flow": 8340.0,
  "total_records": 2625,
  "percentile_25": 201.0,
  "percentile_75": 7740.0,
  "percentile_90": 7990.0,
  "trend": {
    "slope": 0.00037233182248806105,
    "direction": "stable",
    "r_squared": 0.0003896359989732369,
    "p_value": 0.3120404440625038
  },
  "trend_slope": 0.00037233182248806105,
  "trend_direction": "stable",
  "anomalies": [],
  "anomaly_count": 0,
  "flow_status": {
    "status": "Low Flow",
    "latest_flow": 104.0,
    "percentile": 0.34285714285714286
  },
  "recent_change": {
    "change_cfs": -7056.0,
    "change_pct": -98.54748603351955
  },
  "summary": "Low Flow conditions (avg: 5722 cfs, trend: stable)",
  "analysis_date": "2026-04-10 02:41:20",
  "sites_analyzed": [
    "01646500",
    "01491000"
  ]
}