{
  "mean_flow": 1753.7842455069515,
  "median_flow": 2210.0,
  "std_flow": 1042.446422353703,
  "min_flow": 1.04,
  "max_flow": 2900.0,
  "total_records": 2949,
  "percentile_25": 9.96,
  "percentile_75": 2450.0,
  "percentile_90": 2700.0,
  "trend": {
    "slope": -0.0010713421325529778,
    "direction": "decreasing",
    "r_squared": 0.03906894705080441,
    "p_value": 2.3160379873263355e-27
  },
  "trend_slope": -0.0010713421325529778,
  "trend_direction": "decreasing",
  "anomalies": [],
  "anomaly_count": 0,
  "flow_status": {
    "status": "Normal",
    "latest_flow": 10.7,
    "percentile": 25.161071549677853
  },
  "recent_change": {
    "change_cfs": -1969.3,
    "change_pct": -99.45959595959596
  },
  "summary": "Normal conditions (avg: 1754 cfs, trend: decreasing)",
  "analysis_date": "2026-07-06 21:38:18",
  "sites_analyzed": [
    "01646500",
    "01491000"
  ]
}