{
  "mean_flow": 2907.796211552888,
  "median_flow": 3860.0,
  "std_flow": 1679.402192760137,
  "min_flow": 49.8,
  "max_flow": 4290.0,
  "total_records": 2666,
  "percentile_25": 64.0,
  "percentile_75": 4050.0,
  "percentile_90": 4110.0,
  "trend": {
    "slope": -0.0008773827815606944,
    "direction": "decreasing",
    "r_squared": 0.0083615364536564,
    "p_value": 2.2549370802041545e-06
  },
  "trend_slope": -0.0008773827815606944,
  "trend_direction": "decreasing",
  "anomalies": [],
  "anomaly_count": 0,
  "flow_status": {
    "status": "Low Flow",
    "latest_flow": 52.0,
    "percentile": 6.301575393848462
  },
  "recent_change": {
    "change_cfs": -3398.0,
    "change_pct": -98.4927536231884
  },
  "summary": "Low Flow conditions (avg: 2908 cfs, trend: decreasing)",
  "analysis_date": "2026-04-26 06:07:55",
  "sites_analyzed": [
    "01646500",
    "01491000"
  ]
}