{
  "mean_flow": 1163.1789548524707,
  "median_flow": 1480.0,
  "std_flow": 667.0368950072392,
  "min_flow": 16.1,
  "max_flow": 1890.0,
  "total_records": 2813,
  "percentile_25": 22.5,
  "percentile_75": 1560.0,
  "percentile_90": 1640.0,
  "trend": {
    "slope": 0.00014138240353829665,
    "direction": "increasing",
    "r_squared": 0.0015048631244096832,
    "p_value": 0.03965456854610833
  },
  "trend_slope": 0.00014138240353829665,
  "trend_direction": "increasing",
  "anomalies": [],
  "anomaly_count": 0,
  "flow_status": {
    "status": "Below Normal",
    "latest_flow": 18.7,
    "percentile": 16.317099182367578
  },
  "recent_change": {
    "change_cfs": 0.3000000000000007,
    "change_pct": 1.6304347826086998
  },
  "summary": "Below Normal conditions (avg: 1163 cfs, trend: increasing)",
  "analysis_date": "2025-10-23 12:56:55",
  "sites_analyzed": [
    "01646500",
    "01491000"
  ]
}