{
  "mean_flow": 3444.1920269312545,
  "median_flow": 4230.0,
  "std_flow": 1999.3068850175976,
  "min_flow": 57.8,
  "max_flow": 5430.0,
  "total_records": 2822,
  "percentile_25": 80.7,
  "percentile_75": 4810.0,
  "percentile_90": 5150.0,
  "trend": {
    "slope": -0.0017385731396967717,
    "direction": "decreasing",
    "r_squared": 0.026023471412820694,
    "p_value": 6.559737509186786e-18
  },
  "trend_slope": -0.0017385731396967717,
  "trend_direction": "decreasing",
  "anomalies": [],
  "anomaly_count": 0,
  "flow_status": {
    "status": "Normal",
    "latest_flow": 4050.0,
    "percentile": 35.719347980155916
  },
  "recent_change": {
    "change_cfs": 70.0,
    "change_pct": 1.7587939698492463
  },
  "summary": "Normal conditions (avg: 3444 cfs, trend: decreasing)",
  "analysis_date": "2026-04-21 15:13:56",
  "sites_analyzed": [
    "01646500",
    "01491000"
  ]
}