{
  "mean_flow": 1834.1546336283186,
  "median_flow": 2400.0,
  "std_flow": 1080.7104092063437,
  "min_flow": 1.04,
  "max_flow": 3010.0,
  "total_records": 2825,
  "percentile_25": 9.75,
  "percentile_75": 2550.0,
  "percentile_90": 2750.0,
  "trend": {
    "slope": -0.0008870506374129315,
    "direction": "decreasing",
    "r_squared": 0.02280600920663197,
    "p_value": 7.063969457597883e-16
  },
  "trend_slope": -0.0008870506374129315,
  "trend_direction": "decreasing",
  "anomalies": [],
  "anomaly_count": 0,
  "flow_status": {
    "status": "Low Flow",
    "latest_flow": 1.86,
    "percentile": 5.132743362831858
  },
  "recent_change": {
    "change_cfs": 0.0,
    "change_pct": 0.0
  },
  "summary": "Low Flow conditions (avg: 1834 cfs, trend: decreasing)",
  "analysis_date": "2026-07-05 13:41:51",
  "sites_analyzed": [
    "01646500",
    "01491000"
  ]
}