{
  "mean_flow": 1696.312661498708,
  "median_flow": 2210.0,
  "std_flow": 989.4067354826855,
  "min_flow": 37.2,
  "max_flow": 2750.0,
  "total_records": 2709,
  "percentile_25": 45.7,
  "percentile_75": 2350.0,
  "percentile_90": 2450.0,
  "trend": {
    "slope": -0.00043993196319650754,
    "direction": "decreasing",
    "r_squared": 0.006622162999780316,
    "p_value": 2.229458848141737e-05
  },
  "trend_slope": -0.00043993196319650754,
  "trend_direction": "decreasing",
  "anomalies": [],
  "anomaly_count": 0,
  "flow_status": {
    "status": "Low Flow",
    "latest_flow": 37.2,
    "percentile": 2.473237356958287
  },
  "recent_change": {
    "change_cfs": -1942.8,
    "change_pct": -98.12121212121212
  },
  "summary": "Low Flow conditions (avg: 1696 cfs, trend: decreasing)",
  "analysis_date": "2026-01-04 12:56:15",
  "sites_analyzed": [
    "01646500",
    "01491000"
  ]
}