{
  "mean_flow": 2604.744496571635,
  "median_flow": 3400.0,
  "std_flow": 1486.5309057714085,
  "min_flow": 43.7,
  "max_flow": 3860.0,
  "total_records": 2771,
  "percentile_25": 56.6,
  "percentile_75": 3510.0,
  "percentile_90": 3630.0,
  "trend": {
    "slope": 0.000260238024781946,
    "direction": "stable",
    "r_squared": 0.0010034057870756219,
    "p_value": 0.09548848644051718
  },
  "trend_slope": 0.000260238024781946,
  "trend_direction": "stable",
  "anomalies": [],
  "anomaly_count": 0,
  "flow_status": {
    "status": "Low Flow",
    "latest_flow": 43.7,
    "percentile": 0.18044027426921688
  },
  "recent_change": {
    "change_cfs": -1.0,
    "change_pct": -2.2371364653243844
  },
  "summary": "Low Flow conditions (avg: 2605 cfs, trend: stable)",
  "analysis_date": "2026-05-02 10:52:36",
  "sites_analyzed": [
    "01646500",
    "01491000"
  ]
}