{
  "mean_flow": 1986.8280331835465,
  "median_flow": 2210.0,
  "std_flow": 1237.5516678005697,
  "min_flow": 59.0,
  "max_flow": 3800.0,
  "total_records": 2893,
  "percentile_25": 78.6,
  "percentile_75": 3010.0,
  "percentile_90": 3340.0,
  "trend": {
    "slope": -0.002359432577647701,
    "direction": "decreasing",
    "r_squared": 0.12884726287460876,
    "p_value": 1.0511152568351656e-88
  },
  "trend_slope": -0.002359432577647701,
  "trend_direction": "decreasing",
  "anomalies": [],
  "anomaly_count": 0,
  "flow_status": {
    "status": "Low Flow",
    "latest_flow": 60.2,
    "percentile": 4.839267196681645
  },
  "recent_change": {
    "change_cfs": 0.0,
    "change_pct": 0.0
  },
  "summary": "Low Flow conditions (avg: 1987 cfs, trend: decreasing)",
  "analysis_date": "2026-01-24 18:40:05",
  "sites_analyzed": [
    "01646500",
    "01491000"
  ]
}