{
  "mean_flow": 1505.0007763401109,
  "median_flow": 1940.0,
  "std_flow": 858.8498922953294,
  "min_flow": 35.5,
  "max_flow": 2350.0,
  "total_records": 2705,
  "percentile_25": 40.8,
  "percentile_75": 2030.0,
  "percentile_90": 2210.0,
  "trend": {
    "slope": -0.0003372352548405341,
    "direction": "decreasing",
    "r_squared": 0.0047611777909484405,
    "p_value": 0.00032896630736677535
  },
  "trend_slope": -0.0003372352548405341,
  "trend_direction": "decreasing",
  "anomalies": [],
  "anomaly_count": 0,
  "flow_status": {
    "status": "Low Flow",
    "latest_flow": 35.5,
    "percentile": 5.138632162661738
  },
  "recent_change": {
    "change_cfs": -1904.5,
    "change_pct": -98.1701030927835
  },
  "summary": "Low Flow conditions (avg: 1505 cfs, trend: decreasing)",
  "analysis_date": "2026-01-09 06:47:11",
  "sites_analyzed": [
    "01646500",
    "01491000"
  ]
}