{
  "mean_flow": 4706.01261601925,
  "median_flow": 4810.0,
  "std_flow": 3243.7315808122385,
  "min_flow": 12.2,
  "max_flow": 11700.0,
  "total_records": 2909,
  "percentile_25": 31.4,
  "percentile_75": 6690.0,
  "percentile_90": 9058.000000000025,
  "trend": {
    "slope": -0.007670521635658092,
    "direction": "decreasing",
    "r_squared": 0.2001178813263316,
    "p_value": 3.691615763266203e-143
  },
  "trend_slope": -0.007670521635658092,
  "trend_direction": "decreasing",
  "anomalies": [],
  "anomaly_count": 0,
  "flow_status": {
    "status": "Low Flow",
    "latest_flow": 12.5,
    "percentile": 1.3062908215881746
  },
  "recent_change": {
    "change_cfs": 0.0,
    "change_pct": 0.0
  },
  "summary": "Low Flow conditions (avg: 4706 cfs, trend: decreasing)",
  "analysis_date": "2026-06-10 18:31:13",
  "sites_analyzed": [
    "01646500",
    "01491000"
  ]
}