{
  "mean_flow": 3314.0871305649084,
  "median_flow": 4290.0,
  "std_flow": 1941.3174056661626,
  "min_flow": 12.2,
  "max_flow": 5290.0,
  "total_records": 2673,
  "percentile_25": 27.2,
  "percentile_75": 4550.0,
  "percentile_90": 4950.0,
  "trend": {
    "slope": -0.0007104901235662298,
    "direction": "decreasing",
    "r_squared": 0.004084143591610842,
    "p_value": 0.0009466856530038033
  },
  "trend_slope": -0.0007104901235662298,
  "trend_direction": "decreasing",
  "anomalies": [],
  "anomaly_count": 0,
  "flow_status": {
    "status": "Normal",
    "latest_flow": 3450.0,
    "percentile": 25.215114104002996
  },
  "recent_change": {
    "change_cfs": -120.0,
    "change_pct": -3.361344537815126
  },
  "summary": "Normal conditions (avg: 3314 cfs, trend: decreasing)",
  "analysis_date": "2026-06-15 04:24:28",
  "sites_analyzed": [
    "01646500",
    "01491000"
  ]
}