{
  "mean_flow": 2027.838959212377,
  "median_flow": 2550.0,
  "std_flow": 1217.5100938612372,
  "min_flow": 15.1,
  "max_flow": 3230.0,
  "total_records": 2844,
  "percentile_25": 41.8,
  "percentile_75": 2960.0,
  "percentile_90": 3120.0,
  "trend": {
    "slope": 0.0005412739496546448,
    "direction": "increasing",
    "r_squared": 0.007061746168165224,
    "p_value": 7.2083272776325666e-06
  },
  "trend_slope": 0.0005412739496546448,
  "trend_direction": "increasing",
  "anomalies": [],
  "anomaly_count": 0,
  "flow_status": {
    "status": "Low Flow",
    "latest_flow": 19.9,
    "percentile": 6.188466947960619
  },
  "recent_change": {
    "change_cfs": -2240.1,
    "change_pct": -99.11946902654867
  },
  "summary": "Low Flow conditions (avg: 2028 cfs, trend: increasing)",
  "analysis_date": "2025-11-06 18:39:36",
  "sites_analyzed": [
    "01646500",
    "01491000"
  ]
}