{
  "mean_flow": 3114.8802150537635,
  "median_flow": 3980.0,
  "std_flow": 1792.8467847569784,
  "min_flow": 52.0,
  "max_flow": 4810.0,
  "total_records": 2790,
  "percentile_25": 69.1,
  "percentile_75": 4170.0,
  "percentile_90": 4550.0,
  "trend": {
    "slope": -0.0009322427571845852,
    "direction": "decreasing",
    "r_squared": 0.00924089125754174,
    "p_value": 3.6355033332638613e-07
  },
  "trend_slope": -0.0009322427571845852,
  "trend_direction": "decreasing",
  "anomalies": [],
  "anomaly_count": 0,
  "flow_status": {
    "status": "Normal",
    "latest_flow": 3630.0,
    "percentile": 26.451612903225808
  },
  "recent_change": {
    "change_cfs": 0.0,
    "change_pct": 0.0
  },
  "summary": "Normal conditions (avg: 3115 cfs, trend: decreasing)",
  "analysis_date": "2026-04-24 13:27:38",
  "sites_analyzed": [
    "01646500",
    "01491000"
  ]
}