{
  "mean_flow": 4228.759728353141,
  "median_flow": 5080.0,
  "std_flow": 2488.364206627449,
  "min_flow": 65.7,
  "max_flow": 7160.0,
  "total_records": 2945,
  "percentile_25": 110.0,
  "percentile_75": 6000.0,
  "percentile_90": 6690.0,
  "trend": {
    "slope": -0.0029969734562845336,
    "direction": "decreasing",
    "r_squared": 0.053093728505429774,
    "p_value": 8.672317410740304e-37
  },
  "trend_slope": -0.0029969734562845336,
  "trend_direction": "decreasing",
  "anomalies": [],
  "anomaly_count": 0,
  "flow_status": {
    "status": "Low Flow",
    "latest_flow": 65.7,
    "percentile": 0.4753820033955857
  },
  "recent_change": {
    "change_cfs": -4484.3,
    "change_pct": -98.55604395604396
  },
  "summary": "Low Flow conditions (avg: 4229 cfs, trend: decreasing)",
  "analysis_date": "2026-04-17 20:48:37",
  "sites_analyzed": [
    "01646500",
    "01491000"
  ]
}