{
  "mean_flow": 16818.06757417103,
  "median_flow": 17200.0,
  "std_flow": 14736.974132287518,
  "min_flow": 24.8,
  "max_flow": 41900.0,
  "total_records": 2865,
  "percentile_25": 61.5,
  "percentile_75": 28600.0,
  "percentile_90": 36800.0,
  "trend": {
    "slope": 0.035978810585846885,
    "direction": "increasing",
    "r_squared": 0.20647394384540735,
    "p_value": 5.461654617911901e-146
  },
  "trend_slope": 0.035978810585846885,
  "trend_direction": "increasing",
  "anomalies": [],
  "anomaly_count": 0,
  "flow_status": {
    "status": "Low Flow",
    "latest_flow": 40.8,
    "percentile": 8.237347294938917
  },
  "recent_change": {
    "change_cfs": 0.0,
    "change_pct": 0.0
  },
  "summary": "Low Flow conditions (avg: 16818 cfs, trend: increasing)",
  "analysis_date": "2026-05-29 15:36:47",
  "sites_analyzed": [
    "01646500",
    "01491000"
  ]
}