{
  "mean_flow": 5766.0782512858195,
  "median_flow": 7490.0,
  "std_flow": 3272.6040613431855,
  "min_flow": 82.8,
  "max_flow": 8340.0,
  "total_records": 2722,
  "percentile_25": 201.0,
  "percentile_75": 7820.0,
  "percentile_90": 7990.0,
  "trend": {
    "slope": 0.00038003762285791537,
    "direction": "stable",
    "r_squared": 0.00043030393624523167,
    "p_value": 0.27930603906659
  },
  "trend_slope": 0.00038003762285791537,
  "trend_direction": "stable",
  "anomalies": [],
  "anomaly_count": 0,
  "flow_status": {
    "status": "Above Normal",
    "latest_flow": 7820.0,
    "percentile": 81.74136664217487
  },
  "recent_change": {
    "change_cfs": 0.0,
    "change_pct": 0.0
  },
  "summary": "Above Normal conditions (avg: 5766 cfs, trend: stable)",
  "analysis_date": "2026-04-09 08:20:39",
  "sites_analyzed": [
    "01646500",
    "01491000"
  ]
}