{
  "mean_flow": 12047.76143004469,
  "median_flow": 11200.0,
  "std_flow": 8810.178018645891,
  "min_flow": 416.0,
  "max_flow": 30700.0,
  "total_records": 2909,
  "percentile_25": 8250.0,
  "percentile_75": 17800.0,
  "percentile_90": 25420.00000000003,
  "trend": {
    "slope": -0.025210749933218285,
    "direction": "decreasing",
    "r_squared": 0.29243290213126294,
    "p_value": 1.1859232690089762e-220
  },
  "trend_slope": -0.025210749933218285,
  "trend_direction": "decreasing",
  "anomalies": [],
  "anomaly_count": 0,
  "flow_status": {
    "status": "Below Normal",
    "latest_flow": 8160.0,
    "percentile": 24.99140598143692
  },
  "recent_change": {
    "change_cfs": -180.0,
    "change_pct": -2.158273381294964
  },
  "summary": "Below Normal conditions (avg: 12048 cfs, trend: decreasing)",
  "analysis_date": "2026-03-02 19:00:28",
  "sites_analyzed": [
    "01646500",
    "01491000"
  ]
}