{
  "mean_flow": 3615.5745428468986,
  "median_flow": 4490.0,
  "std_flow": 2131.594172692389,
  "min_flow": 12.2,
  "max_flow": 6230.0,
  "total_records": 2789,
  "percentile_25": 27.2,
  "percentile_75": 5010.0,
  "percentile_90": 5500.0,
  "trend": {
    "slope": -0.0011715988770610217,
    "direction": "decreasing",
    "r_squared": 0.010003051948956903,
    "p_value": 1.2044992652699366e-07
  },
  "trend_slope": -0.0011715988770610217,
  "trend_direction": "decreasing",
  "anomalies": [],
  "anomaly_count": 0,
  "flow_status": {
    "status": "Below Normal",
    "latest_flow": 24.8,
    "percentile": 18.39368949444245
  },
  "recent_change": {
    "change_cfs": -4465.2,
    "change_pct": -99.44766146993318
  },
  "summary": "Below Normal conditions (avg: 3616 cfs, trend: decreasing)",
  "analysis_date": "2026-06-13 11:53:58",
  "sites_analyzed": [
    "01646500",
    "01491000"
  ]
}