{
  "mean_flow": 7481.982366500192,
  "median_flow": 9410.0,
  "std_flow": 4425.2424866445035,
  "min_flow": 99.1,
  "max_flow": 12100.0,
  "total_records": 2603,
  "percentile_25": 138.0,
  "percentile_75": 10500.0,
  "percentile_90": 11700.0,
  "trend": {
    "slope": -0.00473131803150131,
    "direction": "decreasing",
    "r_squared": 0.034400790769957196,
    "p_value": 1.4120529583068078e-21
  },
  "trend_slope": -0.00473131803150131,
  "trend_direction": "decreasing",
  "anomalies": [],
  "anomaly_count": 0,
  "flow_status": {
    "status": "Low Flow",
    "latest_flow": 99.1,
    "percentile": 4.264310411064157
  },
  "recent_change": {
    "change_cfs": 0.0,
    "change_pct": 0.0
  },
  "summary": "Low Flow conditions (avg: 7482 cfs, trend: decreasing)",
  "analysis_date": "2026-03-28 02:52:25",
  "sites_analyzed": [
    "01646500",
    "01491000"
  ]
}