{
  "mean_flow": 5707.214234620887,
  "median_flow": 7490.0,
  "std_flow": 3245.1603652678477,
  "min_flow": 102.0,
  "max_flow": 8340.0,
  "total_records": 2796,
  "percentile_25": 201.0,
  "percentile_75": 7660.0,
  "percentile_90": 7990.0,
  "trend": {
    "slope": 0.00017873378053304725,
    "direction": "stable",
    "r_squared": 0.00010301180961008177,
    "p_value": 0.5916477665903475
  },
  "trend_slope": 0.00017873378053304725,
  "trend_direction": "stable",
  "anomalies": [],
  "anomaly_count": 0,
  "flow_status": {
    "status": "Normal",
    "latest_flow": 7000.0,
    "percentile": 25.894134477825464
  },
  "recent_change": {
    "change_cfs": -80.0,
    "change_pct": -1.1299435028248588
  },
  "summary": "Normal conditions (avg: 5707 cfs, trend: stable)",
  "analysis_date": "2026-04-10 13:15:11",
  "sites_analyzed": [
    "01646500",
    "01491000"
  ]
}