{
  "mean_flow": 2804.028419047619,
  "median_flow": 3630.0,
  "std_flow": 1620.3053194198374,
  "min_flow": 37.2,
  "max_flow": 4230.0,
  "total_records": 2625,
  "percentile_25": 52.0,
  "percentile_75": 3860.0,
  "percentile_90": 4050.0,
  "trend": {
    "slope": 0.0006708185134303322,
    "direction": "increasing",
    "r_squared": 0.005136761652417843,
    "p_value": 0.00023781750280470082
  },
  "trend_slope": 0.0006708185134303322,
  "trend_direction": "increasing",
  "anomalies": [],
  "anomaly_count": 0,
  "flow_status": {
    "status": "Low Flow",
    "latest_flow": 39.0,
    "percentile": 1.4476190476190476
  },
  "recent_change": {
    "change_cfs": -3531.0,
    "change_pct": -98.9075630252101
  },
  "summary": "Low Flow conditions (avg: 2804 cfs, trend: increasing)",
  "analysis_date": "2026-05-06 02:57:40",
  "sites_analyzed": [
    "01646500",
    "01491000"
  ]
}