{
  "mean_flow": 1532.5620817843867,
  "median_flow": 1940.0,
  "std_flow": 881.7579087208671,
  "min_flow": 35.5,
  "max_flow": 2450.0,
  "total_records": 2690,
  "percentile_25": 40.8,
  "percentile_75": 2120.0,
  "percentile_90": 2260.0,
  "trend": {
    "slope": -0.0005245536052590882,
    "direction": "decreasing",
    "r_squared": 0.010842804535141366,
    "p_value": 6.202212933129595e-08
  },
  "trend_slope": -0.0005245536052590882,
  "trend_direction": "decreasing",
  "anomalies": [],
  "anomaly_count": 0,
  "flow_status": {
    "status": "Below Normal",
    "latest_flow": 36.4,
    "percentile": 10.63197026022305
  },
  "recent_change": {
    "change_cfs": -1993.6,
    "change_pct": -98.20689655172413
  },
  "summary": "Below Normal conditions (avg: 1533 cfs, trend: decreasing)",
  "analysis_date": "2026-01-08 06:47:02",
  "sites_analyzed": [
    "01646500",
    "01491000"
  ]
}