{
  "mean_flow": 22502.08100953053,
  "median_flow": 26700.0,
  "std_flow": 14443.815162963096,
  "min_flow": 30.9,
  "max_flow": 41900.0,
  "total_records": 2833,
  "percentile_25": 61.5,
  "percentile_75": 33900.0,
  "percentile_90": 38600.0,
  "trend": {
    "slope": 0.005185024135238546,
    "direction": "increasing",
    "r_squared": 0.004364873923047953,
    "p_value": 0.00043353462334364993
  },
  "trend_slope": 0.005185024135238546,
  "trend_direction": "increasing",
  "anomalies": [],
  "anomaly_count": 0,
  "flow_status": {
    "status": "Low Flow",
    "latest_flow": 30.9,
    "percentile": 0.3176844334627603
  },
  "recent_change": {
    "change_cfs": 0.0,
    "change_pct": 0.0
  },
  "summary": "Low Flow conditions (avg: 22502 cfs, trend: increasing)",
  "analysis_date": "2026-05-31 13:47:19",
  "sites_analyzed": [
    "01646500",
    "01491000"
  ]
}