{
  "mean_flow": 7036.135063063063,
  "median_flow": 8770.0,
  "std_flow": 4125.249577087214,
  "min_flow": 94.2,
  "max_flow": 11600.0,
  "total_records": 2775,
  "percentile_25": 133.0,
  "percentile_75": 9680.0,
  "percentile_90": 10600.0,
  "trend": {
    "slope": -0.0034843707269803046,
    "direction": "decreasing",
    "r_squared": 0.024128779749785646,
    "p_value": 1.8869463455502663e-16
  },
  "trend_slope": -0.0034843707269803046,
  "trend_direction": "decreasing",
  "anomalies": [],
  "anomaly_count": 0,
  "flow_status": {
    "status": "Normal",
    "latest_flow": 8420.0,
    "percentile": 42.63063063063063
  },
  "recent_change": {
    "change_cfs": 80.0,
    "change_pct": 0.9592326139088728
  },
  "summary": "Normal conditions (avg: 7036 cfs, trend: decreasing)",
  "analysis_date": "2026-03-29 13:14:03",
  "sites_analyzed": [
    "01646500",
    "01491000"
  ]
}