{
  "mean_flow": 2379.1021324354656,
  "median_flow": 2960.0,
  "std_flow": 1388.0400275453355,
  "min_flow": 33.9,
  "max_flow": 3860.0,
  "total_records": 2673,
  "percentile_25": 40.8,
  "percentile_75": 3340.0,
  "percentile_90": 3630.0,
  "trend": {
    "slope": -0.0014461913106615244,
    "direction": "decreasing",
    "r_squared": 0.03273376085994138,
    "p_value": 4.198672460397559e-21
  },
  "trend_slope": -0.0014461913106615244,
  "trend_direction": "decreasing",
  "anomalies": [],
  "anomaly_count": 0,
  "flow_status": {
    "status": "Below Normal",
    "latest_flow": 36.4,
    "percentile": 13.505424616535727
  },
  "recent_change": {
    "change_cfs": -1.7000000000000028,
    "change_pct": -4.4619422572178555
  },
  "summary": "Below Normal conditions (avg: 2379 cfs, trend: decreasing)",
  "analysis_date": "2026-05-13 03:34:30",
  "sites_analyzed": [
    "01646500",
    "01491000"
  ]
}