{
  "mean_flow": 2813.9529192762698,
  "median_flow": 3170.0,
  "std_flow": 1773.6037510906551,
  "min_flow": 8.56,
  "max_flow": 5290.0,
  "total_records": 2874,
  "percentile_25": 27.2,
  "percentile_75": 4360.0,
  "percentile_90": 4880.0,
  "trend": {
    "slope": -0.0032869604674327616,
    "direction": "decreasing",
    "r_squared": 0.12031957892638556,
    "p_value": 4.809919600980254e-82
  },
  "trend_slope": -0.0032869604674327616,
  "trend_direction": "decreasing",
  "anomalies": [],
  "anomaly_count": 0,
  "flow_status": {
    "status": "Low Flow",
    "latest_flow": 8.56,
    "percentile": 0.3827418232428671
  },
  "recent_change": {
    "change_cfs": 0.0,
    "change_pct": 0.0
  },
  "summary": "Low Flow conditions (avg: 2814 cfs, trend: decreasing)",
  "analysis_date": "2026-06-18 16:56:32",
  "sites_analyzed": [
    "01646500",
    "01491000"
  ]
}