{
  "mean_flow": 2332.8405545286505,
  "median_flow": 2750.0,
  "std_flow": 1344.4868690538128,
  "min_flow": 70.9,
  "max_flow": 3920.0,
  "total_records": 2705,
  "percentile_25": 309.0,
  "percentile_75": 3230.0,
  "percentile_90": 3740.0,
  "trend": {
    "slope": 0.0014344474498133738,
    "direction": "increasing",
    "r_squared": 0.03515111827436385,
    "p_value": 8.043551718079368e-23
  },
  "trend_slope": 0.0014344474498133738,
  "trend_direction": "increasing",
  "anomalies": [],
  "anomaly_count": 0,
  "flow_status": {
    "status": "Low Flow",
    "latest_flow": 72.6,
    "percentile": 5.138632162661738
  },
  "recent_change": {
    "change_cfs": -2987.4,
    "change_pct": -97.62745098039215
  },
  "summary": "Low Flow conditions (avg: 2333 cfs, trend: increasing)",
  "analysis_date": "2026-01-19 06:52:11",
  "sites_analyzed": [
    "01646500",
    "01491000"
  ]
}