{
  "mean_flow": 1168.7897464167586,
  "median_flow": 1480.0,
  "std_flow": 670.6409326115504,
  "min_flow": 14.2,
  "max_flow": 1890.0,
  "total_records": 2721,
  "percentile_25": 19.9,
  "percentile_75": 1560.0,
  "percentile_90": 1640.0,
  "trend": {
    "slope": 6.570273352902963e-05,
    "direction": "stable",
    "r_squared": 0.000299910247908395,
    "p_value": 0.36652022025331155
  },
  "trend_slope": 6.570273352902963e-05,
  "trend_direction": "stable",
  "anomalies": [],
  "anomaly_count": 0,
  "flow_status": {
    "status": "Low Flow",
    "latest_flow": 14.2,
    "percentile": 0.25725836089672915
  },
  "recent_change": {
    "change_cfs": -0.3000000000000007,
    "change_pct": -2.0689655172413843
  },
  "summary": "Low Flow conditions (avg: 1169 cfs, trend: stable)",
  "analysis_date": "2025-10-25 06:34:51",
  "sites_analyzed": [
    "01646500",
    "01491000"
  ]
}