{
  "mean_flow": 1138.491693290735,
  "median_flow": 1480.0,
  "std_flow": 653.0597817605469,
  "min_flow": 14.2,
  "max_flow": 1810.0,
  "total_records": 2817,
  "percentile_25": 19.5,
  "percentile_75": 1520.0,
  "percentile_90": 1600.0,
  "trend": {
    "slope": -0.0002455375702203963,
    "direction": "decreasing",
    "r_squared": 0.0047341876908691335,
    "p_value": 0.00025759545252657
  },
  "trend_slope": -0.0002455375702203963,
  "trend_direction": "decreasing",
  "anomalies": [],
  "anomaly_count": 0,
  "flow_status": {
    "status": "Below Normal",
    "latest_flow": 16.4,
    "percentile": 13.134540291089811
  },
  "recent_change": {
    "change_cfs": 0.0,
    "change_pct": 0.0
  },
  "summary": "Below Normal conditions (avg: 1138 cfs, trend: decreasing)",
  "analysis_date": "2025-10-28 12:55:14",
  "sites_analyzed": [
    "01646500",
    "01491000"
  ]
}