{
  "mean_flow": 1307.207628581291,
  "median_flow": 1640.0,
  "std_flow": 754.5010387990388,
  "min_flow": 19.1,
  "max_flow": 1980.0,
  "total_records": 2897,
  "percentile_25": 28.2,
  "percentile_75": 1850.0,
  "percentile_90": 1940.0,
  "trend": {
    "slope": 0.0005756306697849163,
    "direction": "increasing",
    "r_squared": 0.020615906739136942,
    "p_value": 8.159435624792358e-15
  },
  "trend_slope": 0.0005756306697849163,
  "trend_direction": "increasing",
  "anomalies": [],
  "anomaly_count": 0,
  "flow_status": {
    "status": "Below Normal",
    "latest_flow": 23.8,
    "percentile": 14.118053158439764
  },
  "recent_change": {
    "change_cfs": 0.0,
    "change_pct": 0.0
  },
  "summary": "Below Normal conditions (avg: 1307 cfs, trend: increasing)",
  "analysis_date": "2025-11-25 18:40:16",
  "sites_analyzed": [
    "01646500",
    "01491000"
  ]
}