{
  "mean_flow": 7099.081808767691,
  "median_flow": 7820.0,
  "std_flow": 4415.907645404138,
  "min_flow": 203.0,
  "max_flow": 16500.0,
  "total_records": 2897,
  "percentile_25": 558.0,
  "percentile_75": 9130.0,
  "percentile_90": 12800.0,
  "trend": {
    "slope": 0.005556143509933892,
    "direction": "increasing",
    "r_squared": 0.05607137677789553,
    "p_value": 3.301014034059747e-38
  },
  "trend_slope": 0.005556143509933892,
  "trend_direction": "increasing",
  "anomalies": [],
  "anomaly_count": 0,
  "flow_status": {
    "status": "Low Flow",
    "latest_flow": 208.0,
    "percentile": 1.3117017604418364
  },
  "recent_change": {
    "change_cfs": 2.0,
    "change_pct": 0.9708737864077669
  },
  "summary": "Low Flow conditions (avg: 7099 cfs, trend: increasing)",
  "analysis_date": "2026-03-08 18:47:36",
  "sites_analyzed": [
    "01646500",
    "01491000"
  ]
}