{
  "mean_flow": 1495.323310690025,
  "median_flow": 1850.0,
  "std_flow": 875.8710228058096,
  "min_flow": 33.9,
  "max_flow": 3120.0,
  "total_records": 2797,
  "percentile_25": 112.0,
  "percentile_75": 1980.0,
  "percentile_90": 2030.0,
  "trend": {
    "slope": 0.0004917035931575545,
    "direction": "increasing",
    "r_squared": 0.010423278895210253,
    "p_value": 6.261545171496302e-08
  },
  "trend_slope": 0.0004917035931575545,
  "trend_direction": "increasing",
  "anomalies": [],
  "anomaly_count": 0,
  "flow_status": {
    "status": "Normal",
    "latest_flow": 116.0,
    "percentile": 25.098319628173044
  },
  "recent_change": {
    "change_cfs": 12.0,
    "change_pct": 11.538461538461538
  },
  "summary": "Normal conditions (avg: 1495 cfs, trend: increasing)",
  "analysis_date": "2026-01-11 12:56:44",
  "sites_analyzed": [
    "01646500",
    "01491000"
  ]
}