{
  "mean_flow": 7064.1629050279325,
  "median_flow": 6530.0,
  "std_flow": 5293.466310345007,
  "min_flow": 21.2,
  "max_flow": 19000.0,
  "total_records": 2685,
  "percentile_25": 4810.0,
  "percentile_75": 10700.0,
  "percentile_90": 14700.0,
  "trend": {
    "slope": -0.01619141376955897,
    "direction": "decreasing",
    "r_squared": 0.28466070275055494,
    "p_value": 1.9407977839993342e-197
  },
  "trend_slope": -0.01619141376955897,
  "trend_direction": "decreasing",
  "anomalies": [],
  "anomaly_count": 0,
  "flow_status": {
    "status": "Normal",
    "latest_flow": 4810.0,
    "percentile": 25.065176908752328
  },
  "recent_change": {
    "change_cfs": -140.0,
    "change_pct": -2.8282828282828283
  },
  "summary": "Normal conditions (avg: 7064 cfs, trend: decreasing)",
  "analysis_date": "2026-06-08 04:08:47",
  "sites_analyzed": [
    "01646500",
    "01491000"
  ]
}