{
  "mean_flow": 1585.1412721358874,
  "median_flow": 1980.0,
  "std_flow": 917.3865339408911,
  "min_flow": 35.5,
  "max_flow": 2700.0,
  "total_records": 2767,
  "percentile_25": 42.7,
  "percentile_75": 2260.0,
  "percentile_90": 2300.0,
  "trend": {
    "slope": -0.0005851237130173978,
    "direction": "decreasing",
    "r_squared": 0.013397645434825177,
    "p_value": 1.0190206383088822e-09
  },
  "trend_slope": -0.0005851237130173978,
  "trend_direction": "decreasing",
  "anomalies": [],
  "anomaly_count": 0,
  "flow_status": {
    "status": "Normal",
    "latest_flow": 1770.0,
    "percentile": 27.82797253342971
  },
  "recent_change": {
    "change_cfs": 0.0,
    "change_pct": 0.0
  },
  "summary": "Normal conditions (avg: 1585 cfs, trend: decreasing)",
  "analysis_date": "2026-01-06 13:00:49",
  "sites_analyzed": [
    "01646500",
    "01491000"
  ]
}