{
  "mean_flow": 1876.6445633905737,
  "median_flow": 2350.0,
  "std_flow": 1103.38245530722,
  "min_flow": 5.24,
  "max_flow": 3450.0,
  "total_records": 2737,
  "percentile_25": 16.4,
  "percentile_75": 2500.0,
  "percentile_90": 2900.0,
  "trend": {
    "slope": -7.821014955272243e-05,
    "direction": "stable",
    "r_squared": 0.00015884375988283212,
    "p_value": 0.5098413170826087
  },
  "trend_slope": -7.821014955272243e-05,
  "trend_direction": "stable",
  "anomalies": [],
  "anomaly_count": 0,
  "flow_status": {
    "status": "Low Flow",
    "latest_flow": 7.15,
    "percentile": 6.7957617829740595
  },
  "recent_change": {
    "change_cfs": 0.16000000000000014,
    "change_pct": 2.2889842632331923
  },
  "summary": "Low Flow conditions (avg: 1877 cfs, trend: stable)",
  "analysis_date": "2026-06-28 07:54:49",
  "sites_analyzed": [
    "01646500",
    "01491000"
  ]
}