{
  "mean_flow": 2033.8727872266575,
  "median_flow": 2600.0,
  "std_flow": 1163.504430007938,
  "min_flow": 32.0,
  "max_flow": 3010.0,
  "total_records": 2881,
  "percentile_25": 39.9,
  "percentile_75": 2750.0,
  "percentile_90": 2900.0,
  "trend": {
    "slope": -0.0005163036016235434,
    "direction": "decreasing",
    "r_squared": 0.006897614206712216,
    "p_value": 8.060021131413809e-06
  },
  "trend_slope": -0.0005163036016235434,
  "trend_direction": "decreasing",
  "anomalies": [],
  "anomaly_count": 0,
  "flow_status": {
    "status": "Low Flow",
    "latest_flow": 32.5,
    "percentile": 2.4991322457480045
  },
  "recent_change": {
    "change_cfs": 0.0,
    "change_pct": 0.0
  },
  "summary": "Low Flow conditions (avg: 2034 cfs, trend: decreasing)",
  "analysis_date": "2026-05-17 16:59:03",
  "sites_analyzed": [
    "01646500",
    "01491000"
  ]
}