{
  "mean_flow": 9701.81204819277,
  "median_flow": 11900.0,
  "std_flow": 5703.42631450539,
  "min_flow": 131.0,
  "max_flow": 16700.0,
  "total_records": 2905,
  "percentile_25": 208.0,
  "percentile_75": 13500.0,
  "percentile_90": 14959.99999999999,
  "trend": {
    "slope": -0.0004165543926055856,
    "direction": "stable",
    "r_squared": 0.0001914452122133951,
    "p_value": 0.4559886885653669
  },
  "trend_slope": -0.0004165543926055856,
  "trend_direction": "stable",
  "anomalies": [],
  "anomaly_count": 0,
  "flow_status": {
    "status": "Low Flow",
    "latest_flow": 133.0,
    "percentile": 1.8932874354561102
  },
  "recent_change": {
    "change_cfs": 2.0,
    "change_pct": 1.5267175572519083
  },
  "summary": "Low Flow conditions (avg: 9702 cfs, trend: stable)",
  "analysis_date": "2026-03-22 18:50:07",
  "sites_analyzed": [
    "01646500",
    "01491000"
  ]
}