{
  "mean_flow": 20155.779835538076,
  "median_flow": 25700.0,
  "std_flow": 15092.39892144006,
  "min_flow": 27.2,
  "max_flow": 41900.0,
  "total_records": 2797,
  "percentile_25": 3690.0,
  "percentile_75": 33400.0,
  "percentile_90": 38600.0,
  "trend": {
    "slope": 0.028392751548794188,
    "direction": "increasing",
    "r_squared": 0.11684933446620697,
    "p_value": 1.687971967838825e-77
  },
  "trend_slope": 0.028392751548794188,
  "trend_direction": "increasing",
  "anomalies": [],
  "anomaly_count": 0,
  "flow_status": {
    "status": "Above Normal",
    "latest_flow": 34900.0,
    "percentile": 77.69038255273507
  },
  "recent_change": {
    "change_cfs": -800.0,
    "change_pct": -2.2408963585434174
  },
  "summary": "Above Normal conditions (avg: 20156 cfs, trend: increasing)",
  "analysis_date": "2026-05-30 11:20:29",
  "sites_analyzed": [
    "01646500",
    "01491000"
  ]
}