{
  "mean_flow": 5548.876486280488,
  "median_flow": 7160.0,
  "std_flow": 3197.5230042938924,
  "min_flow": 94.2,
  "max_flow": 8340.0,
  "total_records": 2624,
  "percentile_25": 153.0,
  "percentile_75": 7660.0,
  "percentile_90": 7990.0,
  "trend": {
    "slope": -0.0012880434316776192,
    "direction": "decreasing",
    "r_squared": 0.004880720970567011,
    "p_value": 0.00034181070012187406
  },
  "trend_slope": -0.0012880434316776192,
  "trend_direction": "decreasing",
  "anomalies": [],
  "anomaly_count": 0,
  "flow_status": {
    "status": "Low Flow",
    "latest_flow": 94.2,
    "percentile": 0.4954268292682927
  },
  "recent_change": {
    "change_cfs": -6055.8,
    "change_pct": -98.46829268292683
  },
  "summary": "Low Flow conditions (avg: 5549 cfs, trend: decreasing)",
  "analysis_date": "2026-04-12 02:45:02",
  "sites_analyzed": [
    "01646500",
    "01491000"
  ]
}