{
  "mean_flow": 3211.3434182590236,
  "median_flow": 4050.0,
  "std_flow": 1858.3186904679471,
  "min_flow": 55.4,
  "max_flow": 4950.0,
  "total_records": 2826,
  "percentile_25": 72.6,
  "percentile_75": 4490.0,
  "percentile_90": 4750.0,
  "trend": {
    "slope": -0.0012039016490527868,
    "direction": "decreasing",
    "r_squared": 0.0147215194615018,
    "p_value": 9.72880340519951e-11
  },
  "trend_slope": -0.0012039016490527868,
  "trend_direction": "decreasing",
  "anomalies": [],
  "anomaly_count": 0,
  "flow_status": {
    "status": "Low Flow",
    "latest_flow": 55.4,
    "percentile": 3.2200990799716918
  },
  "recent_change": {
    "change_cfs": -3804.6,
    "change_pct": -98.56476683937824
  },
  "summary": "Low Flow conditions (avg: 3211 cfs, trend: decreasing)",
  "analysis_date": "2026-04-23 15:53:20",
  "sites_analyzed": [
    "01646500",
    "01491000"
  ]
}