{
  "mean_flow": 1347.7860260336906,
  "median_flow": 1680.0,
  "std_flow": 796.089230447281,
  "min_flow": 17.7,
  "max_flow": 2160.0,
  "total_records": 2612,
  "percentile_25": 42.7,
  "percentile_75": 1940.0,
  "percentile_90": 2030.0,
  "trend": {
    "slope": -0.0006762824034147772,
    "direction": "decreasing",
    "r_squared": 0.022948431134828404,
    "p_value": 7.058458273873475e-15
  },
  "trend_slope": -0.0006762824034147772,
  "trend_direction": "decreasing",
  "anomalies": [],
  "anomaly_count": 0,
  "flow_status": {
    "status": "Below Normal",
    "latest_flow": 28.2,
    "percentile": 11.83001531393568
  },
  "recent_change": {
    "change_cfs": -1651.8,
    "change_pct": -98.32142857142857
  },
  "summary": "Below Normal conditions (avg: 1348 cfs, trend: decreasing)",
  "analysis_date": "2025-11-14 06:39:52",
  "sites_analyzed": [
    "01646500",
    "01491000"
  ]
}