{
  "mean_flow": 22413.226961631524,
  "median_flow": 26600.0,
  "std_flow": 14366.142863337607,
  "min_flow": 30.3,
  "max_flow": 41900.0,
  "total_records": 2893,
  "percentile_25": 7660.0,
  "percentile_75": 33600.0,
  "percentile_90": 38600.0,
  "trend": {
    "slope": 0.004066350374578253,
    "direction": "increasing",
    "r_squared": 0.002829851160696485,
    "p_value": 0.004209219701545825
  },
  "trend_slope": 0.004066350374578253,
  "trend_direction": "increasing",
  "anomalies": [],
  "anomaly_count": 0,
  "flow_status": {
    "status": "Normal",
    "latest_flow": 22200.0,
    "percentile": 31.489802972692704
  },
  "recent_change": {
    "change_cfs": 22169.1,
    "change_pct": 71744.66019417475
  },
  "summary": "Normal conditions (avg: 22413 cfs, trend: increasing)",
  "analysis_date": "2026-05-31 17:07:55",
  "sites_analyzed": [
    "01646500",
    "01491000"
  ]
}