{
  "mean_flow": 10856.026924404556,
  "median_flow": 12900.0,
  "std_flow": 6461.498631286719,
  "min_flow": 140.0,
  "max_flow": 18300.0,
  "total_records": 2897,
  "percentile_25": 216.0,
  "percentile_75": 15500.0,
  "percentile_90": 17600.0,
  "trend": {
    "slope": -0.0078063863196561195,
    "direction": "decreasing",
    "r_squared": 0.0516972974827072,
    "p_value": 2.7695048430001243e-35
  },
  "trend_slope": -0.0078063863196561195,
  "trend_direction": "decreasing",
  "anomalies": [],
  "anomaly_count": 0,
  "flow_status": {
    "status": "Low Flow",
    "latest_flow": 153.0,
    "percentile": 6.731101139109423
  },
  "recent_change": {
    "change_cfs": -2.0,
    "change_pct": -1.2903225806451613
  },
  "summary": "Low Flow conditions (avg: 10856 cfs, trend: decreasing)",
  "analysis_date": "2026-03-15 18:53:25",
  "sites_analyzed": [
    "01646500",
    "01491000"
  ]
}