{
  "mean_flow": 2372.3148107313486,
  "median_flow": 2900.0,
  "std_flow": 1384.8440793515783,
  "min_flow": 33.9,
  "max_flow": 3860.0,
  "total_records": 2721,
  "percentile_25": 40.8,
  "percentile_75": 3340.0,
  "percentile_90": 3630.0,
  "trend": {
    "slope": -0.0014368548195142358,
    "direction": "decreasing",
    "r_squared": 0.033637875883175065,
    "p_value": 5.182087242587826e-22
  },
  "trend_slope": -0.0014368548195142358,
  "trend_direction": "decreasing",
  "anomalies": [],
  "anomaly_count": 0,
  "flow_status": {
    "status": "Low Flow",
    "latest_flow": 35.5,
    "percentile": 8.893789048144065
  },
  "recent_change": {
    "change_cfs": 0.0,
    "change_pct": 0.0
  },
  "summary": "Low Flow conditions (avg: 2372 cfs, trend: decreasing)",
  "analysis_date": "2026-05-13 06:49:54",
  "sites_analyzed": [
    "01646500",
    "01491000"
  ]
}