{
  "mean_flow": 1886.5478301533856,
  "median_flow": 2450.0,
  "std_flow": 1098.352355221556,
  "min_flow": 4.8,
  "max_flow": 3010.0,
  "total_records": 2673,
  "percentile_25": 13.9,
  "percentile_75": 2550.0,
  "percentile_90": 2750.0,
  "trend": {
    "slope": 0.0003163115345244617,
    "direction": "increasing",
    "r_squared": 0.0025008928050078466,
    "p_value": 0.009711851066831334
  },
  "trend_slope": 0.0003163115345244617,
  "trend_direction": "increasing",
  "anomalies": [],
  "anomaly_count": 0,
  "flow_status": {
    "status": "Low Flow",
    "latest_flow": 5.55,
    "percentile": 5.12532734754957
  },
  "recent_change": {
    "change_cfs": 0.3099999999999996,
    "change_pct": 5.916030534351138
  },
  "summary": "Low Flow conditions (avg: 1887 cfs, trend: increasing)",
  "analysis_date": "2026-07-02 03:33:30",
  "sites_analyzed": [
    "01646500",
    "01491000"
  ]
}