{
  "mean_flow": 6206.744869565217,
  "median_flow": 7990.0,
  "std_flow": 3576.115315888207,
  "min_flow": 80.7,
  "max_flow": 9410.0,
  "total_records": 2875,
  "percentile_25": 201.0,
  "percentile_75": 8510.0,
  "percentile_90": 9040.0,
  "trend": {
    "slope": -0.0013505526788105203,
    "direction": "decreasing",
    "r_squared": 0.005002006246273241,
    "p_value": 0.00014746366368120596
  },
  "trend_slope": -0.0013505526788105203,
  "trend_direction": "decreasing",
  "anomalies": [],
  "anomaly_count": 0,
  "flow_status": {
    "status": "Below Normal",
    "latest_flow": 161.0,
    "percentile": 20.48695652173913
  },
  "recent_change": {
    "change_cfs": -2.0,
    "change_pct": -1.2269938650306749
  },
  "summary": "Below Normal conditions (avg: 6207 cfs, trend: decreasing)",
  "analysis_date": "2026-04-04 17:30:24",
  "sites_analyzed": [
    "01646500",
    "01491000"
  ]
}