{
  "mean_flow": 1576.4367941073308,
  "median_flow": 1980.0,
  "std_flow": 915.3380325668012,
  "min_flow": 35.5,
  "max_flow": 2700.0,
  "total_records": 2851,
  "percentile_25": 42.7,
  "percentile_75": 2260.0,
  "percentile_90": 2300.0,
  "trend": {
    "slope": -0.0006132596510779772,
    "direction": "decreasing",
    "r_squared": 0.015679726667745357,
    "p_value": 1.9527412810891828e-11
  },
  "trend_slope": -0.0006132596510779772,
  "trend_direction": "decreasing",
  "anomalies": [],
  "anomaly_count": 0,
  "flow_status": {
    "status": "Low Flow",
    "latest_flow": 35.5,
    "percentile": 1.8589968432129078
  },
  "recent_change": {
    "change_cfs": -1774.5,
    "change_pct": -98.03867403314918
  },
  "summary": "Low Flow conditions (avg: 1576 cfs, trend: decreasing)",
  "analysis_date": "2026-01-06 18:42:24",
  "sites_analyzed": [
    "01646500",
    "01491000"
  ]
}