{
  "mean_flow": 1170.4706257025102,
  "median_flow": 1520.0,
  "std_flow": 671.7526645836308,
  "min_flow": 23.4,
  "max_flow": 1770.0,
  "total_records": 2669,
  "percentile_25": 36.4,
  "percentile_75": 1600.0,
  "percentile_90": 1680.0,
  "trend": {
    "slope": -0.00017922925892442413,
    "direction": "decreasing",
    "r_squared": 0.002210851976631995,
    "p_value": 0.015125733126043267
  },
  "trend_slope": -0.00017922925892442413,
  "trend_direction": "decreasing",
  "anomalies": [],
  "anomaly_count": 0,
  "flow_status": {
    "status": "Low Flow",
    "latest_flow": 23.4,
    "percentile": 0.8992131884600975
  },
  "recent_change": {
    "change_cfs": -1496.6,
    "change_pct": -98.46052631578947
  },
  "summary": "Low Flow conditions (avg: 1170 cfs, trend: decreasing)",
  "analysis_date": "2025-11-19 06:39:20",
  "sites_analyzed": [
    "01646500",
    "01491000"
  ]
}