{
  "mean_flow": 2609.502844259452,
  "median_flow": 3400.0,
  "std_flow": 1489.274285686547,
  "min_flow": 41.8,
  "max_flow": 3860.0,
  "total_records": 2883,
  "percentile_25": 56.6,
  "percentile_75": 3510.0,
  "percentile_90": 3630.0,
  "trend": {
    "slope": 0.00027218233412599184,
    "direction": "stable",
    "r_squared": 0.001184405882812283,
    "p_value": 0.06465719350421074
  },
  "trend_slope": 0.00027218233412599184,
  "trend_direction": "stable",
  "anomalies": [],
  "anomaly_count": 0,
  "flow_status": {
    "status": "Low Flow",
    "latest_flow": 43.7,
    "percentile": 1.040582726326743
  },
  "recent_change": {
    "change_cfs": 1.0,
    "change_pct": 2.34192037470726
  },
  "summary": "Low Flow conditions (avg: 2610 cfs, trend: stable)",
  "analysis_date": "2026-05-02 17:43:29",
  "sites_analyzed": [
    "01646500",
    "01491000"
  ]
}