{
  "mean_flow": 16493.574183123877,
  "median_flow": 15000.0,
  "std_flow": 12609.296207335097,
  "min_flow": 24.3,
  "max_flow": 39100.0,
  "total_records": 2785,
  "percentile_25": 49.8,
  "percentile_75": 25700.0,
  "percentile_90": 35400.0,
  "trend": {
    "slope": -0.03403272576733595,
    "direction": "decreasing",
    "r_squared": 0.2384546416178462,
    "p_value": 7.415090932756697e-167
  },
  "trend_slope": -0.03403272576733595,
  "trend_direction": "decreasing",
  "anomalies": [],
  "anomaly_count": 0,
  "flow_status": {
    "status": "Low Flow",
    "latest_flow": 24.3,
    "percentile": 0.03590664272890485
  },
  "recent_change": {
    "change_cfs": -0.5,
    "change_pct": -2.0161290322580645
  },
  "summary": "Low Flow conditions (avg: 16494 cfs, trend: decreasing)",
  "analysis_date": "2026-06-04 10:38:37",
  "sites_analyzed": [
    "01646500",
    "01491000"
  ]
}