{
  "mean_flow": 2821.1939911232503,
  "median_flow": 3630.0,
  "std_flow": 1626.6654685907868,
  "min_flow": 35.5,
  "max_flow": 4230.0,
  "total_records": 2929,
  "percentile_25": 52.0,
  "percentile_75": 3860.0,
  "percentile_90": 3980.0,
  "trend": {
    "slope": 8.656735637863507e-05,
    "direction": "stable",
    "r_squared": 0.00010488840980057481,
    "p_value": 0.579544236582977
  },
  "trend_slope": 8.656735637863507e-05,
  "trend_direction": "stable",
  "anomalies": [],
  "anomaly_count": 0,
  "flow_status": {
    "status": "Low Flow",
    "latest_flow": 38.1,
    "percentile": 6.316148856264937
  },
  "recent_change": {
    "change_cfs": -3471.9,
    "change_pct": -98.91452991452991
  },
  "summary": "Low Flow conditions (avg: 2821 cfs, trend: stable)",
  "analysis_date": "2026-05-07 21:58:06",
  "sites_analyzed": [
    "01646500",
    "01491000"
  ]
}