{
  "mean_flow": 2827.7812652068123,
  "median_flow": 3630.0,
  "std_flow": 1626.1676475467543,
  "min_flow": 35.5,
  "max_flow": 4230.0,
  "total_records": 2877,
  "percentile_25": 52.0,
  "percentile_75": 3860.0,
  "percentile_90": 3980.0,
  "trend": {
    "slope": 0.00015245559974952846,
    "direction": "stable",
    "r_squared": 0.00031422808353210013,
    "p_value": 0.34187419423135146
  },
  "trend_slope": 0.00015245559974952846,
  "trend_direction": "stable",
  "anomalies": [],
  "anomaly_count": 0,
  "flow_status": {
    "status": "Normal",
    "latest_flow": 3570.0,
    "percentile": 42.30100799443865
  },
  "recent_change": {
    "change_cfs": 0.0,
    "change_pct": 0.0
  },
  "summary": "Normal conditions (avg: 2828 cfs, trend: stable)",
  "analysis_date": "2026-05-07 18:24:50",
  "sites_analyzed": [
    "01646500",
    "01491000"
  ]
}