{
  "mean_flow": 1261.8971694856748,
  "median_flow": 1600.0,
  "std_flow": 728.6111143483403,
  "min_flow": 19.1,
  "max_flow": 1980.0,
  "total_records": 2897,
  "percentile_25": 28.2,
  "percentile_75": 1730.0,
  "percentile_90": 1890.0,
  "trend": {
    "slope": 0.0005516087497361599,
    "direction": "increasing",
    "r_squared": 0.020300418162473927,
    "p_value": 1.3103143991607382e-14
  },
  "trend_slope": 0.0005516087497361599,
  "trend_direction": "increasing",
  "anomalies": [],
  "anomaly_count": 0,
  "flow_status": {
    "status": "Below Normal",
    "latest_flow": 25.7,
    "percentile": 19.226786330686917
  },
  "recent_change": {
    "change_cfs": 0.0,
    "change_pct": 0.0
  },
  "summary": "Below Normal conditions (avg: 1262 cfs, trend: increasing)",
  "analysis_date": "2025-11-24 18:40:05",
  "sites_analyzed": [
    "01646500",
    "01491000"
  ]
}