{
  "mean_flow": 1675.1312106627176,
  "median_flow": 1940.0,
  "std_flow": 1025.9243308857197,
  "min_flow": 17.7,
  "max_flow": 3120.0,
  "total_records": 2701,
  "percentile_25": 42.7,
  "percentile_75": 2300.0,
  "percentile_90": 2900.0,
  "trend": {
    "slope": -0.001660531048090999,
    "direction": "decreasing",
    "r_squared": 0.08084154202735411,
    "p_value": 2.1183621144040363e-51
  },
  "trend_slope": -0.001660531048090999,
  "trend_direction": "decreasing",
  "anomalies": [],
  "anomaly_count": 0,
  "flow_status": {
    "status": "Normal",
    "latest_flow": 42.7,
    "percentile": 25.064790818215478
  },
  "recent_change": {
    "change_cfs": 0.0,
    "change_pct": 0.0
  },
  "summary": "Normal conditions (avg: 1675 cfs, trend: decreasing)",
  "analysis_date": "2025-11-11 06:40:10",
  "sites_analyzed": [
    "01646500",
    "01491000"
  ]
}