{
  "mean_flow": 15282.171572146446,
  "median_flow": 16700.0,
  "std_flow": 11218.357663957637,
  "min_flow": 148.0,
  "max_flow": 32800.0,
  "total_records": 2786,
  "percentile_25": 706.0,
  "percentile_75": 25100.0,
  "percentile_90": 30700.0,
  "trend": {
    "slope": 0.02338210381819688,
    "direction": "increasing",
    "r_squared": 0.14291039413133114,
    "p_value": 2.3638203250018543e-95
  },
  "trend_slope": 0.02338210381819688,
  "trend_direction": "increasing",
  "anomalies": [],
  "anomaly_count": 0,
  "flow_status": {
    "status": "Normal",
    "latest_flow": 17600.0,
    "percentile": 54.23546302943287
  },
  "recent_change": {
    "change_cfs": -200.0,
    "change_pct": -1.1235955056179776
  },
  "summary": "Normal conditions (avg: 15282 cfs, trend: increasing)",
  "analysis_date": "2026-02-25 19:16:08",
  "sites_analyzed": [
    "01646500",
    "01491000"
  ]
}