{
  "mean_flow": 14840.747134935305,
  "median_flow": 13800.0,
  "std_flow": 10613.224160011461,
  "min_flow": 402.0,
  "max_flow": 32800.0,
  "total_records": 2705,
  "percentile_25": 644.0,
  "percentile_75": 23600.0,
  "percentile_90": 30700.0,
  "trend": {
    "slope": -0.032059509386749604,
    "direction": "decreasing",
    "r_squared": 0.28177474181141987,
    "p_value": 1.5736879613652702e-196
  },
  "trend_slope": -0.032059509386749604,
  "trend_direction": "decreasing",
  "anomalies": [],
  "anomaly_count": 0,
  "flow_status": {
    "status": "Below Normal",
    "latest_flow": 556.0,
    "percentile": 21.035120147874306
  },
  "recent_change": {
    "change_cfs": -9314.0,
    "change_pct": -94.36676798378926
  },
  "summary": "Below Normal conditions (avg: 14841 cfs, trend: decreasing)",
  "analysis_date": "2026-03-01 06:57:29",
  "sites_analyzed": [
    "01646500",
    "01491000"
  ]
}