{
  "mean_flow": 1177.8252107279693,
  "median_flow": 1520.0,
  "std_flow": 675.8780392955284,
  "min_flow": 19.1,
  "max_flow": 1770.0,
  "total_records": 2610,
  "percentile_25": 23.8,
  "percentile_75": 1600.0,
  "percentile_90": 1680.0,
  "trend": {
    "slope": 9.363959812891325e-05,
    "direction": "stable",
    "r_squared": 0.0005679465742355864,
    "p_value": 0.22356476037190254
  },
  "trend_slope": 9.363959812891325e-05,
  "trend_direction": "stable",
  "anomalies": [],
  "anomaly_count": 0,
  "flow_status": {
    "status": "High Flow",
    "latest_flow": 1730.0,
    "percentile": 99.272030651341
  },
  "recent_change": {
    "change_cfs": 50.0,
    "change_pct": 2.976190476190476
  },
  "summary": "High Flow conditions (avg: 1178 cfs, trend: stable)",
  "analysis_date": "2025-11-21 02:03:25",
  "sites_analyzed": [
    "01646500",
    "01491000"
  ]
}