{
  "mean_flow": 5592.182611731843,
  "median_flow": 7330.0,
  "std_flow": 3205.587059638878,
  "min_flow": 96.6,
  "max_flow": 8340.0,
  "total_records": 2864,
  "percentile_25": 186.0,
  "percentile_75": 7570.0,
  "percentile_90": 7990.0,
  "trend": {
    "slope": -0.0006138016470419177,
    "direction": "stable",
    "r_squared": 0.0013110822340295163,
    "p_value": 0.052677408401947325
  },
  "trend_slope": -0.0006138016470419177,
  "trend_direction": "stable",
  "anomalies": [],
  "anomaly_count": 0,
  "flow_status": {
    "status": "Low Flow",
    "latest_flow": 96.6,
    "percentile": 0.9427374301675978
  },
  "recent_change": {
    "change_cfs": 0.0,
    "change_pct": 0.0
  },
  "summary": "Low Flow conditions (avg: 5592 cfs, trend: stable)",
  "analysis_date": "2026-04-11 17:31:37",
  "sites_analyzed": [
    "01646500",
    "01491000"
  ]
}