{
  "mean_flow": -748932.0045885475,
  "median_flow": -999999.0,
  "std_flow": 433737.07215542515,
  "min_flow": -999999.0,
  "max_flow": 247.0,
  "total_records": 2637,
  "percentile_25": -999999.0,
  "percentile_75": 47.7,
  "percentile_90": 69.1,
  "trend": {
    "slope": 0.004282894803935257,
    "direction": "stable",
    "r_squared": 2.874251598952985e-06,
    "p_value": 0.9306567726939616
  },
  "trend_slope": 0.004282894803935257,
  "trend_direction": "stable",
  "anomalies": [],
  "anomaly_count": 0,
  "flow_status": {
    "status": "High Flow",
    "latest_flow": 242.0,
    "percentile": 99.54493742889647
  },
  "recent_change": {
    "change_cfs": 3.0,
    "change_pct": 1.2552301255230125
  },
  "summary": "High Flow conditions (avg: -748932 cfs, trend: stable)",
  "analysis_date": "2026-02-18 02:53:02",
  "sites_analyzed": [
    "01646500",
    "01491000"
  ]
}