{
  "mean_flow": 2771.115844950697,
  "median_flow": 3570.0,
  "std_flow": 1598.1920834639407,
  "min_flow": 38.1,
  "max_flow": 4230.0,
  "total_records": 2941,
  "percentile_25": 53.1,
  "percentile_75": 3800.0,
  "percentile_90": 3980.0,
  "trend": {
    "slope": 0.0008304817663580252,
    "direction": "increasing",
    "r_squared": 0.010133240941647366,
    "p_value": 4.4829201670967804e-08
  },
  "trend_slope": 0.0008304817663580252,
  "trend_direction": "increasing",
  "anomalies": [],
  "anomaly_count": 0,
  "flow_status": {
    "status": "Normal",
    "latest_flow": 3690.0,
    "percentile": 65.82794967698062
  },
  "recent_change": {
    "change_cfs": -110.0,
    "change_pct": -2.8947368421052633
  },
  "summary": "Normal conditions (avg: 2771 cfs, trend: increasing)",
  "analysis_date": "2026-05-05 22:01:06",
  "sites_analyzed": [
    "01646500",
    "01491000"
  ]
}