{
  "mean_flow": 2818.5562130177514,
  "median_flow": 3510.0,
  "std_flow": 1620.5262779194406,
  "min_flow": 49.8,
  "max_flow": 4170.0,
  "total_records": 2873,
  "percentile_25": 64.0,
  "percentile_75": 3980.0,
  "percentile_90": 4050.0,
  "trend": {
    "slope": -0.001013578421735915,
    "direction": "decreasing",
    "r_squared": 0.013706278436254491,
    "p_value": 3.091402809855936e-10
  },
  "trend_slope": -0.001013578421735915,
  "trend_direction": "decreasing",
  "anomalies": [],
  "anomaly_count": 0,
  "flow_status": {
    "status": "Normal",
    "latest_flow": 3340.0,
    "percentile": 32.92725374173338
  },
  "recent_change": {
    "change_cfs": 60.0,
    "change_pct": 1.8292682926829267
  },
  "summary": "Normal conditions (avg: 2819 cfs, trend: decreasing)",
  "analysis_date": "2026-04-27 17:24:19",
  "sites_analyzed": [
    "01646500",
    "01491000"
  ]
}