{
  "mean_flow": 1704.3698828125002,
  "median_flow": 1980.0,
  "std_flow": 1003.4135196097691,
  "min_flow": 33.9,
  "max_flow": 3170.0,
  "total_records": 2560,
  "percentile_25": 306.0,
  "percentile_75": 2500.0,
  "percentile_90": 2750.0,
  "trend": {
    "slope": 0.001277463746039904,
    "direction": "increasing",
    "r_squared": 0.04838535254805074,
    "p_value": 2.014121892239639e-29
  },
  "trend_slope": 0.001277463746039904,
  "trend_direction": "increasing",
  "anomalies": [],
  "anomaly_count": 0,
  "flow_status": {
    "status": "High Flow",
    "latest_flow": 2750.0,
    "percentile": 91.6015625
  },
  "recent_change": {
    "change_cfs": 0.0,
    "change_pct": 0.0
  },
  "summary": "High Flow conditions (avg: 1704 cfs, trend: increasing)",
  "analysis_date": "2026-01-14 02:27:12",
  "sites_analyzed": [
    "01646500",
    "01491000"
  ]
}