{
  "mean_flow": 2031.409168081494,
  "median_flow": 2600.0,
  "std_flow": 1162.0850415093919,
  "min_flow": 31.4,
  "max_flow": 3010.0,
  "total_records": 2945,
  "percentile_25": 39.9,
  "percentile_75": 2750.0,
  "percentile_90": 2900.0,
  "trend": {
    "slope": -0.0005056670684625101,
    "direction": "decreasing",
    "r_squared": 0.00693040865215654,
    "p_value": 6.07722480206139e-06
  },
  "trend_slope": -0.0005056670684625101,
  "trend_direction": "decreasing",
  "anomalies": [],
  "anomaly_count": 0,
  "flow_status": {
    "status": "Low Flow",
    "latest_flow": 31.4,
    "percentile": 0.03395585738539898
  },
  "recent_change": {
    "change_cfs": -2518.6,
    "change_pct": -98.76862745098039
  },
  "summary": "Low Flow conditions (avg: 2031 cfs, trend: decreasing)",
  "analysis_date": "2026-05-17 20:54:40",
  "sites_analyzed": [
    "01646500",
    "01491000"
  ]
}