{
  "mean_flow": 1170.4926768574476,
  "median_flow": 1480.0,
  "std_flow": 671.204018646814,
  "min_flow": 16.1,
  "max_flow": 1890.0,
  "total_records": 2813,
  "percentile_25": 26.2,
  "percentile_75": 1560.0,
  "percentile_90": 1680.0,
  "trend": {
    "slope": -2.6271475733211837e-05,
    "direction": "stable",
    "r_squared": 5.1364957192390445e-05,
    "p_value": 0.7039796786847661
  },
  "trend_slope": -2.6271475733211837e-05,
  "trend_direction": "stable",
  "anomalies": [],
  "anomaly_count": 0,
  "flow_status": {
    "status": "Low Flow",
    "latest_flow": 16.4,
    "percentile": 0.6043370067543549
  },
  "recent_change": {
    "change_cfs": 0.0,
    "change_pct": 0.0
  },
  "summary": "Low Flow conditions (avg: 1170 cfs, trend: stable)",
  "analysis_date": "2025-10-22 12:58:03",
  "sites_analyzed": [
    "01646500",
    "01491000"
  ]
}