{
  "mean_flow": 1403.8761922365989,
  "median_flow": 1810.0,
  "std_flow": 814.0518617686204,
  "min_flow": 22.0,
  "max_flow": 2260.0,
  "total_records": 2705,
  "percentile_25": 28.2,
  "percentile_75": 1940.0,
  "percentile_90": 2120.0,
  "trend": {
    "slope": 0.0007453118656058704,
    "direction": "increasing",
    "r_squared": 0.02588540197590505,
    "p_value": 3.802675327223243e-17
  },
  "trend_slope": 0.0007453118656058704,
  "trend_direction": "increasing",
  "anomalies": [],
  "anomaly_count": 0,
  "flow_status": {
    "status": "Below Normal",
    "latest_flow": 25.2,
    "percentile": 14.639556377079483
  },
  "recent_change": {
    "change_cfs": -2184.8,
    "change_pct": -98.85972850678733
  },
  "summary": "Below Normal conditions (avg: 1404 cfs, trend: increasing)",
  "analysis_date": "2025-11-28 06:41:17",
  "sites_analyzed": [
    "01646500",
    "01491000"
  ]
}