{
  "mean_flow": 3091.465182186235,
  "median_flow": 3740.0,
  "std_flow": 1864.9830835712746,
  "min_flow": 11.2,
  "max_flow": 5290.0,
  "total_records": 2964,
  "percentile_25": 27.2,
  "percentile_75": 4490.0,
  "percentile_90": 4880.0,
  "trend": {
    "slope": -0.0018042155566122852,
    "direction": "decreasing",
    "r_squared": 0.035007385161255344,
    "p_value": 9.334919306024824e-25
  },
  "trend_slope": -0.0018042155566122852,
  "trend_direction": "decreasing",
  "anomalies": [],
  "anomaly_count": 0,
  "flow_status": {
    "status": "Low Flow",
    "latest_flow": 11.2,
    "percentile": 0.16869095816464239
  },
  "recent_change": {
    "change_cfs": -0.3000000000000007,
    "change_pct": -2.6086956521739193
  },
  "summary": "Low Flow conditions (avg: 3091 cfs, trend: decreasing)",
  "analysis_date": "2026-06-16 22:52:57",
  "sites_analyzed": [
    "01646500",
    "01491000"
  ]
}