{
  "mean_flow": 5796.471225177969,
  "median_flow": 5640.0,
  "std_flow": 4158.823658489271,
  "min_flow": 21.2,
  "max_flow": 14400.0,
  "total_records": 2669,
  "percentile_25": 4360.0,
  "percentile_75": 8600.0,
  "percentile_90": 11900.0,
  "trend": {
    "slope": -0.011891207956398671,
    "direction": "decreasing",
    "r_squared": 0.24578694145255228,
    "p_value": 1.3533900785702824e-165
  },
  "trend_slope": -0.011891207956398671,
  "trend_direction": "decreasing",
  "anomalies": [],
  "anomaly_count": 0,
  "flow_status": {
    "status": "Normal",
    "latest_flow": 4360.0,
    "percentile": 26.00224803297115
  },
  "recent_change": {
    "change_cfs": 0.0,
    "change_pct": 0.0
  },
  "summary": "Normal conditions (avg: 5796 cfs, trend: decreasing)",
  "analysis_date": "2026-06-09 03:29:51",
  "sites_analyzed": [
    "01646500",
    "01491000"
  ]
}