{
  "mean_flow": 2745.892603850051,
  "median_flow": 3450.0,
  "std_flow": 1576.5142303563975,
  "min_flow": 49.8,
  "max_flow": 4110.0,
  "total_records": 2961,
  "percentile_25": 61.5,
  "percentile_75": 3920.0,
  "percentile_90": 4050.0,
  "trend": {
    "slope": -0.0010528782087154904,
    "direction": "decreasing",
    "r_squared": 0.01650331501051921,
    "p_value": 2.2735886787671443e-12
  },
  "trend_slope": -0.0010528782087154904,
  "trend_direction": "decreasing",
  "anomalies": [],
  "anomaly_count": 0,
  "flow_status": {
    "status": "Low Flow",
    "latest_flow": 52.0,
    "percentile": 8.679500168861871
  },
  "recent_change": {
    "change_cfs": -3348.0,
    "change_pct": -98.47058823529412
  },
  "summary": "Low Flow conditions (avg: 2746 cfs, trend: decreasing)",
  "analysis_date": "2026-04-28 21:58:36",
  "sites_analyzed": [
    "01646500",
    "01491000"
  ]
}