{
  "mean_flow": -376680.9954228084,
  "median_flow": 62.7,
  "std_flow": 485109.9969635241,
  "min_flow": -999999.0,
  "max_flow": 7740.0,
  "total_records": 1289,
  "percentile_25": -999999.0,
  "percentile_75": 99.1,
  "percentile_90": 239.0,
  "trend": {
    "slope": -1.4502409775318557,
    "direction": "decreasing",
    "r_squared": 0.33085523365333047,
    "p_value": 2.035840180714017e-114
  },
  "trend_slope": -1.4502409775318557,
  "trend_direction": "decreasing",
  "anomalies": [],
  "anomaly_count": 0,
  "flow_status": {
    "status": "High Flow",
    "latest_flow": 7490.0,
    "percentile": 97.12955779674166
  },
  "recent_change": {
    "change_cfs": -170.0,
    "change_pct": -2.219321148825065
  },
  "summary": "High Flow conditions (avg: -376681 cfs, trend: decreasing)",
  "analysis_date": "2026-02-18 19:07:03",
  "sites_analyzed": [
    "01646500",
    "01491000"
  ]
}