{
  "mean_flow": 3475.1891584533737,
  "median_flow": 4420.0,
  "std_flow": 2012.0845799384063,
  "min_flow": 60.2,
  "max_flow": 5430.0,
  "total_records": 2638,
  "percentile_25": 81.225,
  "percentile_75": 4810.0,
  "percentile_90": 5220.0,
  "trend": {
    "slope": -0.0018193823284653019,
    "direction": "decreasing",
    "r_squared": 0.02434340027832584,
    "p_value": 7.678902873696603e-16
  },
  "trend_slope": -0.0018193823284653019,
  "trend_direction": "decreasing",
  "anomalies": [],
  "anomaly_count": 0,
  "flow_status": {
    "status": "Low Flow",
    "latest_flow": 60.2,
    "percentile": 0.3411675511751327
  },
  "recent_change": {
    "change_cfs": -4049.8,
    "change_pct": -98.5352798053528
  },
  "summary": "Low Flow conditions (avg: 3475 cfs, trend: decreasing)",
  "analysis_date": "2026-04-21 02:35:54",
  "sites_analyzed": [
    "01646500",
    "01491000"
  ]
}