{
  "mean_flow": 3605.585963041933,
  "median_flow": 4550.0,
  "std_flow": 2095.0108328910546,
  "min_flow": 61.5,
  "max_flow": 5710.0,
  "total_records": 2814,
  "percentile_25": 87.775,
  "percentile_75": 4950.0,
  "percentile_90": 5430.0,
  "trend": {
    "slope": -0.0020016827010692845,
    "direction": "decreasing",
    "r_squared": 0.030752114085226507,
    "p_value": 7.180218960422165e-21
  },
  "trend_slope": -0.0020016827010692845,
  "trend_direction": "decreasing",
  "anomalies": [],
  "anomaly_count": 0,
  "flow_status": {
    "status": "Low Flow",
    "latest_flow": 61.5,
    "percentile": 0.6396588486140725
  },
  "recent_change": {
    "change_cfs": 0.0,
    "change_pct": 0.0
  },
  "summary": "Low Flow conditions (avg: 3606 cfs, trend: decreasing)",
  "analysis_date": "2026-04-20 13:46:11",
  "sites_analyzed": [
    "01646500",
    "01491000"
  ]
}