{
  "mean_flow": 3694.3439312839064,
  "median_flow": 4290.0,
  "std_flow": 2534.769890587493,
  "min_flow": 6.99,
  "max_flow": 9040.0,
  "total_records": 2765,
  "percentile_25": 1980.0,
  "percentile_75": 5220.0,
  "percentile_90": 6840.0,
  "trend": {
    "slope": 0.0025698714974562013,
    "direction": "increasing",
    "r_squared": 0.03316506030890779,
    "p_value": 4.793567707985209e-22
  },
  "trend_slope": 0.0025698714974562013,
  "trend_direction": "increasing",
  "anomalies": [],
  "anomaly_count": 0,
  "flow_status": {
    "status": "Normal",
    "latest_flow": 4360.0,
    "percentile": 50.81374321880651
  },
  "recent_change": {
    "change_cfs": 130.0,
    "change_pct": 3.0732860520094563
  },
  "summary": "Normal conditions (avg: 3694 cfs, trend: increasing)",
  "analysis_date": "2026-07-14 09:03:48",
  "sites_analyzed": [
    "01646500",
    "01491000"
  ]
}