{
  "mean_flow": 1680.4664127423823,
  "median_flow": 2160.0,
  "std_flow": 974.7922250813181,
  "min_flow": 22.0,
  "max_flow": 2850.0,
  "total_records": 2888,
  "percentile_25": 48.8,
  "percentile_75": 2260.0,
  "percentile_90": 2500.0,
  "trend": {
    "slope": 0.0004615243665736571,
    "direction": "increasing",
    "r_squared": 0.007952179925054285,
    "p_value": 1.5885223670579373e-06
  },
  "trend_slope": 0.0004615243665736571,
  "trend_direction": "increasing",
  "anomalies": [],
  "anomaly_count": 0,
  "flow_status": {
    "status": "Normal",
    "latest_flow": 48.8,
    "percentile": 25.138504155124654
  },
  "recent_change": {
    "change_cfs": 1.0999999999999943,
    "change_pct": 2.3060796645702184
  },
  "summary": "Normal conditions (avg: 1680 cfs, trend: increasing)",
  "analysis_date": "2025-12-03 18:44:05",
  "sites_analyzed": [
    "01646500",
    "01491000"
  ]
}