{
  "mean_flow": 6715.444597859855,
  "median_flow": 7820.0,
  "std_flow": 3845.264002252104,
  "min_flow": 226.0,
  "max_flow": 12900.0,
  "total_records": 2897,
  "percentile_25": 568.0,
  "percentile_75": 9130.0,
  "percentile_90": 10600.0,
  "trend": {
    "slope": -0.0008671583164651664,
    "direction": "decreasing",
    "r_squared": 0.0018012696728762732,
    "p_value": 0.022348120000086895
  },
  "trend_slope": -0.0008671583164651664,
  "trend_direction": "decreasing",
  "anomalies": [],
  "anomaly_count": 0,
  "flow_status": {
    "status": "Low Flow",
    "latest_flow": 228.0,
    "percentile": 0.8284432171211599
  },
  "recent_change": {
    "change_cfs": 0.0,
    "change_pct": 0.0
  },
  "summary": "Low Flow conditions (avg: 6715 cfs, trend: decreasing)",
  "analysis_date": "2026-03-07 18:45:59",
  "sites_analyzed": [
    "01646500",
    "01491000"
  ]
}