{
  "mean_flow": 6345.722012578617,
  "median_flow": 8250.0,
  "std_flow": 3651.6112039335335,
  "min_flow": 80.7,
  "max_flow": 9410.0,
  "total_records": 2703,
  "percentile_25": 154.0,
  "percentile_75": 8600.0,
  "percentile_90": 9040.0,
  "trend": {
    "slope": -0.0004777325552175794,
    "direction": "stable",
    "r_squared": 0.0005376608657553483,
    "p_value": 0.22815226219598367
  },
  "trend_slope": -0.0004777325552175794,
  "trend_direction": "stable",
  "anomalies": [],
  "anomaly_count": 0,
  "flow_status": {
    "status": "Normal",
    "latest_flow": 7820.0,
    "percentile": 34.0362560118387
  },
  "recent_change": {
    "change_cfs": 0.0,
    "change_pct": 0.0
  },
  "summary": "Normal conditions (avg: 6346 cfs, trend: stable)",
  "analysis_date": "2026-04-03 07:22:13",
  "sites_analyzed": [
    "01646500",
    "01491000"
  ]
}