{
  "mean_flow": 2106.1675197591267,
  "median_flow": 2700.0,
  "std_flow": 1206.0848494140255,
  "min_flow": 32.5,
  "max_flow": 3170.0,
  "total_records": 2657,
  "percentile_25": 39.9,
  "percentile_75": 2900.0,
  "percentile_90": 3010.0,
  "trend": {
    "slope": -0.0005868100997965467,
    "direction": "decreasing",
    "r_squared": 0.0070530026481289585,
    "p_value": 1.4604249326425641e-05
  },
  "trend_slope": -0.0005868100997965467,
  "trend_direction": "decreasing",
  "anomalies": [],
  "anomaly_count": 0,
  "flow_status": {
    "status": "Below Normal",
    "latest_flow": 36.4,
    "percentile": 17.651486639066615
  },
  "recent_change": {
    "change_cfs": -0.8000000000000043,
    "change_pct": -2.1505376344086136
  },
  "summary": "Below Normal conditions (avg: 2106 cfs, trend: decreasing)",
  "analysis_date": "2026-05-16 02:53:07",
  "sites_analyzed": [
    "01646500",
    "01491000"
  ]
}