{
  "mean_flow": 18615.129981378028,
  "median_flow": 21400.0,
  "std_flow": 12743.168431198454,
  "min_flow": 28.2,
  "max_flow": 39100.0,
  "total_records": 2685,
  "percentile_25": 11600.0,
  "percentile_75": 27000.0,
  "percentile_90": 35700.0,
  "trend": {
    "slope": -0.02274579243937142,
    "direction": "decreasing",
    "r_squared": 0.09693610789691695,
    "p_value": 1.9462137938145338e-61
  },
  "trend_slope": -0.02274579243937142,
  "trend_direction": "decreasing",
  "anomalies": [],
  "anomaly_count": 0,
  "flow_status": {
    "status": "Normal",
    "latest_flow": 11600.0,
    "percentile": 25.027932960893857
  },
  "recent_change": {
    "change_cfs": -200.0,
    "change_pct": -1.694915254237288
  },
  "summary": "Normal conditions (avg: 18615 cfs, trend: decreasing)",
  "analysis_date": "2026-06-03 04:16:25",
  "sites_analyzed": [
    "01646500",
    "01491000"
  ]
}