{
  "mean_flow": 6584.57920552677,
  "median_flow": 8510.0,
  "std_flow": 3785.83020980882,
  "min_flow": 82.8,
  "max_flow": 9590.0,
  "total_records": 2895,
  "percentile_25": 114.0,
  "percentile_75": 8950.0,
  "percentile_90": 9310.0,
  "trend": {
    "slope": -0.0005791419249346782,
    "direction": "stable",
    "r_squared": 0.0008528281573011537,
    "p_value": 0.11619617903046167
  },
  "trend_slope": -0.0005791419249346782,
  "trend_direction": "stable",
  "anomalies": [],
  "anomaly_count": 0,
  "flow_status": {
    "status": "Normal",
    "latest_flow": 8080.0,
    "percentile": 27.04663212435233
  },
  "recent_change": {
    "change_cfs": 0.0,
    "change_pct": 0.0
  },
  "summary": "Normal conditions (avg: 6585 cfs, trend: stable)",
  "analysis_date": "2026-04-01 19:15:38",
  "sites_analyzed": [
    "01646500",
    "01491000"
  ]
}