{
  "mean_flow": 1906.4443624406283,
  "median_flow": 2400.0,
  "std_flow": 1116.98630505233,
  "min_flow": 7.49,
  "max_flow": 3450.0,
  "total_records": 2737,
  "percentile_25": 16.4,
  "percentile_75": 2500.0,
  "percentile_90": 2900.0,
  "trend": {
    "slope": 0.00020399960297999084,
    "direction": "stable",
    "r_squared": 0.0010545301990966178,
    "p_value": 0.08940054508244834
  },
  "trend_slope": 0.00020399960297999084,
  "trend_direction": "stable",
  "anomalies": [],
  "anomaly_count": 0,
  "flow_status": {
    "status": "Low Flow",
    "latest_flow": 7.49,
    "percentile": 0.14614541468761416
  },
  "recent_change": {
    "change_cfs": -0.33999999999999986,
    "change_pct": -4.342273307790547
  },
  "summary": "Low Flow conditions (avg: 1906 cfs, trend: stable)",
  "analysis_date": "2026-06-26 07:54:53",
  "sites_analyzed": [
    "01646500",
    "01491000"
  ]
}