{
  "mean_flow": 1819.687793914246,
  "median_flow": 2260.0,
  "std_flow": 1054.0196209078736,
  "min_flow": 22.0,
  "max_flow": 2850.0,
  "total_records": 2892,
  "percentile_25": 56.6,
  "percentile_75": 2600.0,
  "percentile_90": 2695.0000000000045,
  "trend": {
    "slope": 0.0006361895213163998,
    "direction": "increasing",
    "r_squared": 0.012895490306633653,
    "p_value": 9.123200917455178e-10
  },
  "trend_slope": 0.0006361895213163998,
  "trend_direction": "increasing",
  "anomalies": [],
  "anomaly_count": 0,
  "flow_status": {
    "status": "Below Normal",
    "latest_flow": 35.5,
    "percentile": 13.278008298755188
  },
  "recent_change": {
    "change_cfs": 0.0,
    "change_pct": 0.0
  },
  "summary": "Below Normal conditions (avg: 1820 cfs, trend: increasing)",
  "analysis_date": "2025-12-06 18:35:43",
  "sites_analyzed": [
    "01646500",
    "01491000"
  ]
}