{
  "mean_flow": 2254.6639219934996,
  "median_flow": 2800.0,
  "std_flow": 1312.6478472255221,
  "min_flow": 32.5,
  "max_flow": 3740.0,
  "total_records": 2769,
  "percentile_25": 40.8,
  "percentile_75": 3060.0,
  "percentile_90": 3400.0,
  "trend": {
    "slope": -0.0012765520020926004,
    "direction": "decreasing",
    "r_squared": 0.030603494890111535,
    "p_value": 1.8110597249701164e-20
  },
  "trend_slope": -0.0012765520020926004,
  "trend_direction": "decreasing",
  "anomalies": [],
  "anomaly_count": 0,
  "flow_status": {
    "status": "Low Flow",
    "latest_flow": 33.1,
    "percentile": 2.275189599133261
  },
  "recent_change": {
    "change_cfs": 0.0,
    "change_pct": 0.0
  },
  "summary": "Low Flow conditions (avg: 2255 cfs, trend: decreasing)",
  "analysis_date": "2026-05-14 09:35:16",
  "sites_analyzed": [
    "01646500",
    "01491000"
  ]
}