{
  "mean_flow": 1293.823329760629,
  "median_flow": 1640.0,
  "std_flow": 762.6157117762202,
  "min_flow": 17.7,
  "max_flow": 2070.0,
  "total_records": 2799,
  "percentile_25": 42.7,
  "percentile_75": 1810.0,
  "percentile_90": 1940.0,
  "trend": {
    "slope": -0.0005573934522486703,
    "direction": "decreasing",
    "r_squared": 0.01945364675940339,
    "p_value": 1.2437582127943724e-13
  },
  "trend_slope": -0.0005573934522486703,
  "trend_direction": "decreasing",
  "anomalies": [],
  "anomaly_count": 0,
  "flow_status": {
    "status": "Low Flow",
    "latest_flow": 26.2,
    "percentile": 7.216863165416221
  },
  "recent_change": {
    "change_cfs": -0.5,
    "change_pct": -1.8726591760299627
  },
  "summary": "Low Flow conditions (avg: 1294 cfs, trend: decreasing)",
  "analysis_date": "2025-11-15 18:33:47",
  "sites_analyzed": [
    "01646500",
    "01491000"
  ]
}