{
  "mean_flow": 1830.1134120171673,
  "median_flow": 2300.0,
  "std_flow": 1058.6784880677108,
  "min_flow": 23.4,
  "max_flow": 2850.0,
  "total_records": 2796,
  "percentile_25": 56.6,
  "percentile_75": 2600.0,
  "percentile_90": 2700.0,
  "trend": {
    "slope": 5.304040862925664e-05,
    "direction": "stable",
    "r_squared": 8.324101482908891e-05,
    "p_value": 0.6296442727529403
  },
  "trend_slope": 5.304040862925664e-05,
  "trend_direction": "stable",
  "anomalies": [],
  "anomaly_count": 0,
  "flow_status": {
    "status": "Low Flow",
    "latest_flow": 32.5,
    "percentile": 7.4034334763948495
  },
  "recent_change": {
    "change_cfs": 0.0,
    "change_pct": 0.0
  },
  "summary": "Low Flow conditions (avg: 1830 cfs, trend: stable)",
  "analysis_date": "2025-12-08 12:58:39",
  "sites_analyzed": [
    "01646500",
    "01491000"
  ]
}