{
  "mean_flow": 8772.386595986369,
  "median_flow": 9220.0,
  "std_flow": 5634.531157671844,
  "min_flow": 277.0,
  "max_flow": 20000.0,
  "total_records": 2641,
  "percentile_25": 568.0,
  "percentile_75": 12500.0,
  "percentile_90": 16300.0,
  "trend": {
    "slope": -0.01445251893232098,
    "direction": "decreasing",
    "r_squared": 0.19366933921652502,
    "p_value": 1.5527450841595767e-125
  },
  "trend_slope": -0.01445251893232098,
  "trend_direction": "decreasing",
  "anomalies": [],
  "anomaly_count": 0,
  "flow_status": {
    "status": "Low Flow",
    "latest_flow": 277.0,
    "percentile": 0.3029155622870125
  },
  "recent_change": {
    "change_cfs": 0.0,
    "change_pct": 0.0
  },
  "summary": "Low Flow conditions (avg: 8772 cfs, trend: decreasing)",
  "analysis_date": "2026-03-04 02:43:24",
  "sites_analyzed": [
    "01646500",
    "01491000"
  ]
}