{
  "mean_flow": 1367.0093890231274,
  "median_flow": 1730.0,
  "std_flow": 791.0887646299208,
  "min_flow": 19.1,
  "max_flow": 2300.0,
  "total_records": 2897,
  "percentile_25": 28.2,
  "percentile_75": 1890.0,
  "percentile_90": 1980.0,
  "trend": {
    "slope": 0.000633642331361611,
    "direction": "increasing",
    "r_squared": 0.022723342156204206,
    "p_value": 3.4433936626277226e-16
  },
  "trend_slope": 0.000633642331361611,
  "trend_direction": "increasing",
  "anomalies": [],
  "anomaly_count": 0,
  "flow_status": {
    "status": "Below Normal",
    "latest_flow": 24.3,
    "percentile": 14.704867103900588
  },
  "recent_change": {
    "change_cfs": 0.0,
    "change_pct": 0.0
  },
  "summary": "Below Normal conditions (avg: 1367 cfs, trend: increasing)",
  "analysis_date": "2025-11-26 18:35:28",
  "sites_analyzed": [
    "01646500",
    "01491000"
  ]
}