{
  "mean_flow": 1529.641117279667,
  "median_flow": 1940.0,
  "std_flow": 879.0263704167784,
  "min_flow": 35.5,
  "max_flow": 2450.0,
  "total_records": 2882,
  "percentile_25": 40.8,
  "percentile_75": 2070.0,
  "percentile_90": 2260.0,
  "trend": {
    "slope": -0.00045341310809920705,
    "direction": "decreasing",
    "r_squared": 0.009352773135945998,
    "p_value": 1.974366803621808e-07
  },
  "trend_slope": -0.00045341310809920705,
  "trend_direction": "decreasing",
  "anomalies": [],
  "anomaly_count": 0,
  "flow_status": {
    "status": "Below Normal",
    "latest_flow": 36.4,
    "percentile": 11.311589174184594
  },
  "recent_change": {
    "change_cfs": 0.0,
    "change_pct": 0.0
  },
  "summary": "Below Normal conditions (avg: 1530 cfs, trend: decreasing)",
  "analysis_date": "2026-01-08 18:40:06",
  "sites_analyzed": [
    "01646500",
    "01491000"
  ]
}