{
  "mean_flow": 1786.7900450281425,
  "median_flow": 2300.0,
  "std_flow": 1056.551323066429,
  "min_flow": 1.04,
  "max_flow": 2900.0,
  "total_records": 2665,
  "percentile_25": 9.75,
  "percentile_75": 2450.0,
  "percentile_90": 2700.0,
  "trend": {
    "slope": -0.001087423856998615,
    "direction": "decreasing",
    "r_squared": 0.03197503037035949,
    "p_value": 1.380262763894538e-20
  },
  "trend_slope": -0.001087423856998615,
  "trend_direction": "decreasing",
  "anomalies": [],
  "anomaly_count": 0,
  "flow_status": {
    "status": "Below Normal",
    "latest_flow": 3.12,
    "percentile": 11.707317073170733
  },
  "recent_change": {
    "change_cfs": 0.0,
    "change_pct": 0.0
  },
  "summary": "Below Normal conditions (avg: 1787 cfs, trend: decreasing)",
  "analysis_date": "2026-07-06 03:39:26",
  "sites_analyzed": [
    "01646500",
    "01491000"
  ]
}