{
  "mean_flow": 5685.371095152604,
  "median_flow": 5570.0,
  "std_flow": 4124.612981090453,
  "min_flow": 21.2,
  "max_flow": 14400.0,
  "total_records": 2785,
  "percentile_25": 33.9,
  "percentile_75": 8420.0,
  "percentile_90": 11800.0,
  "trend": {
    "slope": -0.011486124075083936,
    "direction": "decreasing",
    "r_squared": 0.25384850149038174,
    "p_value": 3.278627541619312e-179
  },
  "trend_slope": -0.011486124075083936,
  "trend_direction": "decreasing",
  "anomalies": [],
  "anomaly_count": 0,
  "flow_status": {
    "status": "Low Flow",
    "latest_flow": 21.2,
    "percentile": 1.4721723518850987
  },
  "recent_change": {
    "change_cfs": -1.3000000000000007,
    "change_pct": -5.777777777777781
  },
  "summary": "Low Flow conditions (avg: 5685 cfs, trend: decreasing)",
  "analysis_date": "2026-06-09 10:34:33",
  "sites_analyzed": [
    "01646500",
    "01491000"
  ]
}