{
  "mean_flow": 1142.61598676957,
  "median_flow": 1480.0,
  "std_flow": 655.0900828979485,
  "min_flow": 14.2,
  "max_flow": 1810.0,
  "total_records": 2721,
  "percentile_25": 19.5,
  "percentile_75": 1560.0,
  "percentile_90": 1600.0,
  "trend": {
    "slope": -0.00023013930353418287,
    "direction": "decreasing",
    "r_squared": 0.0038564178292578534,
    "p_value": 0.001191203055301071
  },
  "trend_slope": -0.00023013930353418287,
  "trend_direction": "decreasing",
  "anomalies": [],
  "anomaly_count": 0,
  "flow_status": {
    "status": "Below Normal",
    "latest_flow": 16.4,
    "percentile": 12.715913267181184
  },
  "recent_change": {
    "change_cfs": -0.3000000000000007,
    "change_pct": -1.796407185628747
  },
  "summary": "Below Normal conditions (avg: 1143 cfs, trend: decreasing)",
  "analysis_date": "2025-10-28 06:40:04",
  "sites_analyzed": [
    "01646500",
    "01491000"
  ]
}