{
  "mean_flow": 4727.619958056624,
  "median_flow": 4880.0,
  "std_flow": 3256.5578456578232,
  "min_flow": 12.2,
  "max_flow": 11700.0,
  "total_records": 2861,
  "percentile_25": 31.4,
  "percentile_75": 6690.0,
  "percentile_90": 9130.0,
  "trend": {
    "slope": -0.007858564486006869,
    "direction": "decreasing",
    "r_squared": 0.20155144272867573,
    "p_value": 6.067422066119989e-142
  },
  "trend_slope": -0.007858564486006869,
  "trend_direction": "decreasing",
  "anomalies": [],
  "anomaly_count": 0,
  "flow_status": {
    "status": "Low Flow",
    "latest_flow": 12.5,
    "percentile": 0.9437259699405802
  },
  "recent_change": {
    "change_cfs": 0.3000000000000007,
    "change_pct": 2.459016393442629
  },
  "summary": "Low Flow conditions (avg: 4728 cfs, trend: decreasing)",
  "analysis_date": "2026-06-10 15:40:55",
  "sites_analyzed": [
    "01646500",
    "01491000"
  ]
}