{
  "mean_flow": 2829.3644639718805,
  "median_flow": 3630.0,
  "std_flow": 1627.1548938322558,
  "min_flow": 35.5,
  "max_flow": 4230.0,
  "total_records": 2845,
  "percentile_25": 52.0,
  "percentile_75": 3860.0,
  "percentile_90": 3980.0,
  "trend": {
    "slope": 0.00017197856378818764,
    "direction": "stable",
    "r_squared": 0.00039067014012855787,
    "p_value": 0.2919305148451654
  },
  "trend_slope": 0.00017197856378818764,
  "trend_direction": "stable",
  "anomalies": [],
  "anomaly_count": 0,
  "flow_status": {
    "status": "Normal",
    "latest_flow": 3570.0,
    "percentile": 41.65202108963093
  },
  "recent_change": {
    "change_cfs": -60.0,
    "change_pct": -1.6528925619834711
  },
  "summary": "Normal conditions (avg: 2829 cfs, trend: stable)",
  "analysis_date": "2026-05-07 16:06:43",
  "sites_analyzed": [
    "01646500",
    "01491000"
  ]
}