{
  "mean_flow": 2639.948411867365,
  "median_flow": 3400.0,
  "std_flow": 1506.4046347772955,
  "min_flow": 49.8,
  "max_flow": 4050.0,
  "total_records": 2865,
  "percentile_25": 57.8,
  "percentile_75": 3510.0,
  "percentile_90": 3800.0,
  "trend": {
    "slope": -0.00047491321953896783,
    "direction": "decreasing",
    "r_squared": 0.003442972251347354,
    "p_value": 0.001677661302302488
  },
  "trend_slope": -0.00047491321953896783,
  "trend_direction": "decreasing",
  "anomalies": [],
  "anomaly_count": 0,
  "flow_status": {
    "status": "Below Normal",
    "latest_flow": 50.9,
    "percentile": 11.06457242582897
  },
  "recent_change": {
    "change_cfs": 0.0,
    "change_pct": 0.0
  },
  "summary": "Below Normal conditions (avg: 2640 cfs, trend: decreasing)",
  "analysis_date": "2026-04-30 15:50:59",
  "sites_analyzed": [
    "01646500",
    "01491000"
  ]
}