{
  "mean_flow": 6246.126528343831,
  "median_flow": 7990.0,
  "std_flow": 3599.4339955711307,
  "min_flow": 80.7,
  "max_flow": 9410.0,
  "total_records": 2699,
  "percentile_25": 201.0,
  "percentile_75": 8510.0,
  "percentile_90": 9040.0,
  "trend": {
    "slope": -0.0012123761218368592,
    "direction": "decreasing",
    "r_squared": 0.003509071656917653,
    "p_value": 0.002078538654017351
  },
  "trend_slope": -0.0012123761218368592,
  "trend_direction": "decreasing",
  "anomalies": [],
  "anomaly_count": 0,
  "flow_status": {
    "status": "Below Normal",
    "latest_flow": 186.0,
    "percentile": 22.600963319748054
  },
  "recent_change": {
    "change_cfs": -7304.0,
    "change_pct": -97.51668891855807
  },
  "summary": "Below Normal conditions (avg: 6246 cfs, trend: decreasing)",
  "analysis_date": "2026-04-04 07:11:42",
  "sites_analyzed": [
    "01646500",
    "01491000"
  ]
}