{
  "mean_flow": 1834.5993562231758,
  "median_flow": 2300.0,
  "std_flow": 1060.592624694296,
  "min_flow": 22.0,
  "max_flow": 2850.0,
  "total_records": 2796,
  "percentile_25": 56.6,
  "percentile_75": 2600.0,
  "percentile_90": 2700.0,
  "trend": {
    "slope": 0.00042327226563210494,
    "direction": "increasing",
    "r_squared": 0.005277087576408555,
    "p_value": 0.00012077293442414578
  },
  "trend_slope": 0.00042327226563210494,
  "trend_direction": "increasing",
  "anomalies": [],
  "anomaly_count": 0,
  "flow_status": {
    "status": "Below Normal",
    "latest_flow": 33.9,
    "percentile": 10.836909871244634
  },
  "recent_change": {
    "change_cfs": 0.0,
    "change_pct": 0.0
  },
  "summary": "Below Normal conditions (avg: 1835 cfs, trend: increasing)",
  "analysis_date": "2025-12-07 12:51:28",
  "sites_analyzed": [
    "01646500",
    "01491000"
  ]
}