{
  "mean_flow": 1593.0467468973297,
  "median_flow": 1980.0,
  "std_flow": 923.5111553253128,
  "min_flow": 35.5,
  "max_flow": 2700.0,
  "total_records": 2659,
  "percentile_25": 42.7,
  "percentile_75": 2260.0,
  "percentile_90": 2300.0,
  "trend": {
    "slope": -0.0005772349502558807,
    "direction": "decreasing",
    "r_squared": 0.011896971624809113,
    "p_value": 1.714379025728645e-08
  },
  "trend_slope": -0.0005772349502558807,
  "trend_direction": "decreasing",
  "anomalies": [],
  "anomaly_count": 0,
  "flow_status": {
    "status": "Low Flow",
    "latest_flow": 36.4,
    "percentile": 4.174501692365551
  },
  "recent_change": {
    "change_cfs": -1773.6,
    "change_pct": -97.98895027624309
  },
  "summary": "Low Flow conditions (avg: 1593 cfs, trend: decreasing)",
  "analysis_date": "2026-01-06 06:47:34",
  "sites_analyzed": [
    "01646500",
    "01491000"
  ]
}