{
  "mean_flow": 10395.380515354747,
  "median_flow": 12500.0,
  "std_flow": 6237.33372319513,
  "min_flow": 140.0,
  "max_flow": 18300.0,
  "total_records": 2833,
  "percentile_25": 201.0,
  "percentile_75": 14200.0,
  "percentile_90": 17300.0,
  "trend": {
    "slope": -0.008862916899012063,
    "direction": "decreasing",
    "r_squared": 0.06838949166474748,
    "p_value": 1.6130071245425787e-45
  },
  "trend_slope": -0.008862916899012063,
  "trend_direction": "decreasing",
  "anomalies": [],
  "anomaly_count": 0,
  "flow_status": {
    "status": "Low Flow",
    "latest_flow": 143.0,
    "percentile": 1.4825273561595482
  },
  "recent_change": {
    "change_cfs": 0.0,
    "change_pct": 0.0
  },
  "summary": "Low Flow conditions (avg: 10395 cfs, trend: decreasing)",
  "analysis_date": "2026-03-16 13:45:50",
  "sites_analyzed": [
    "01646500",
    "01491000"
  ]
}