{
  "mean_flow": 2002.7051087331722,
  "median_flow": 2450.0,
  "std_flow": 1149.7605860720157,
  "min_flow": 44.7,
  "max_flow": 3340.0,
  "total_records": 2897,
  "percentile_25": 207.0,
  "percentile_75": 2800.0,
  "percentile_90": 3120.0,
  "trend": {
    "slope": 0.001098423827749818,
    "direction": "increasing",
    "r_squared": 0.03232654804572223,
    "p_value": 1.7963775140764455e-22
  },
  "trend_slope": 0.001098423827749818,
  "trend_direction": "increasing",
  "anomalies": [],
  "anomaly_count": 0,
  "flow_status": {
    "status": "Low Flow",
    "latest_flow": 45.7,
    "percentile": 4.659993096306525
  },
  "recent_change": {
    "change_cfs": 0.0,
    "change_pct": 0.0
  },
  "summary": "Low Flow conditions (avg: 2003 cfs, trend: increasing)",
  "analysis_date": "2025-12-27 18:37:54",
  "sites_analyzed": [
    "01646500",
    "01491000"
  ]
}