{
  "mean_flow": 2765.355732368897,
  "median_flow": 3570.0,
  "std_flow": 1595.9080323710423,
  "min_flow": 40.8,
  "max_flow": 4230.0,
  "total_records": 2765,
  "percentile_25": 53.1,
  "percentile_75": 3800.0,
  "percentile_90": 4050.0,
  "trend": {
    "slope": 0.0009377446179553863,
    "direction": "increasing",
    "r_squared": 0.011457917991547295,
    "p_value": 1.6782033018555463e-08
  },
  "trend_slope": 0.0009377446179553863,
  "trend_direction": "increasing",
  "anomalies": [],
  "anomaly_count": 0,
  "flow_status": {
    "status": "Normal",
    "latest_flow": 3740.0,
    "percentile": 72.73056057866184
  },
  "recent_change": {
    "change_cfs": -60.0,
    "change_pct": -1.5789473684210527
  },
  "summary": "Normal conditions (avg: 2765 cfs, trend: increasing)",
  "analysis_date": "2026-05-05 11:15:48",
  "sites_analyzed": [
    "01646500",
    "01491000"
  ]
}