{
  "mean_flow": 3843.703575184017,
  "median_flow": 4610.0,
  "std_flow": 2319.509866012341,
  "min_flow": 12.2,
  "max_flow": 7410.0,
  "total_records": 2853,
  "percentile_25": 27.2,
  "percentile_75": 5220.0,
  "percentile_90": 6230.0,
  "trend": {
    "slope": -0.0023460450124289083,
    "direction": "decreasing",
    "r_squared": 0.03535950117136066,
    "p_value": 4.065368092135273e-24
  },
  "trend_slope": -0.0023460450124289083,
  "trend_direction": "decreasing",
  "anomalies": [],
  "anomaly_count": 0,
  "flow_status": {
    "status": "Normal",
    "latest_flow": 4610.0,
    "percentile": 51.4546091833158
  },
  "recent_change": {
    "change_cfs": 60.0,
    "change_pct": 1.3186813186813187
  },
  "summary": "Normal conditions (avg: 3844 cfs, trend: decreasing)",
  "analysis_date": "2026-06-12 15:17:39",
  "sites_analyzed": [
    "01646500",
    "01491000"
  ]
}