{
  "mean_flow": 3679.258640335547,
  "median_flow": 4290.0,
  "std_flow": 2516.5842991082686,
  "min_flow": 6.99,
  "max_flow": 9040.0,
  "total_records": 2861,
  "percentile_25": 1980.0,
  "percentile_75": 5220.0,
  "percentile_90": 6840.0,
  "trend": {
    "slope": 0.002185135698112645,
    "direction": "increasing",
    "r_squared": 0.026044068516108226,
    "p_value": 3.779004463045454e-18
  },
  "trend_slope": 0.002185135698112645,
  "trend_direction": "increasing",
  "anomalies": [],
  "anomaly_count": 0,
  "flow_status": {
    "status": "Normal",
    "latest_flow": 4290.0,
    "percentile": 50.367004543865775
  },
  "recent_change": {
    "change_cfs": 0.0,
    "change_pct": 0.0
  },
  "summary": "Normal conditions (avg: 3679 cfs, trend: increasing)",
  "analysis_date": "2026-07-14 15:23:01",
  "sites_analyzed": [
    "01646500",
    "01491000"
  ]
}