{
  "mean_flow": 3130.620932009167,
  "median_flow": 4050.0,
  "std_flow": 1806.256768293079,
  "min_flow": 53.1,
  "max_flow": 4810.0,
  "total_records": 2618,
  "percentile_25": 69.1,
  "percentile_75": 4170.0,
  "percentile_90": 4550.0,
  "trend": {
    "slope": -0.0009575529338503038,
    "direction": "decreasing",
    "r_squared": 0.00848411424212371,
    "p_value": 2.3505106416372887e-06
  },
  "trend_slope": -0.0009575529338503038,
  "trend_direction": "decreasing",
  "anomalies": [],
  "anomaly_count": 0,
  "flow_status": {
    "status": "Low Flow",
    "latest_flow": 53.1,
    "percentile": 0.38197097020626436
  },
  "recent_change": {
    "change_cfs": -3866.9,
    "change_pct": -98.64540816326532
  },
  "summary": "Low Flow conditions (avg: 3131 cfs, trend: decreasing)",
  "analysis_date": "2026-04-24 02:46:46",
  "sites_analyzed": [
    "01646500",
    "01491000"
  ]
}