{
  "mean_flow": 2817.3092100473245,
  "median_flow": 3630.0,
  "std_flow": 1618.328771970273,
  "min_flow": 35.5,
  "max_flow": 4230.0,
  "total_records": 2747,
  "percentile_25": 49.8,
  "percentile_75": 3860.0,
  "percentile_90": 4050.0,
  "trend": {
    "slope": -0.00011759100198894017,
    "direction": "stable",
    "r_squared": 0.00017117667070428932,
    "p_value": 0.4930632722893983
  },
  "trend_slope": -0.00011759100198894017,
  "trend_direction": "stable",
  "anomalies": [],
  "anomaly_count": 0,
  "flow_status": {
    "status": "Normal",
    "latest_flow": 3340.0,
    "percentile": 26.465234801601746
  },
  "recent_change": {
    "change_cfs": 0.0,
    "change_pct": 0.0
  },
  "summary": "Normal conditions (avg: 2817 cfs, trend: stable)",
  "analysis_date": "2026-05-08 09:23:54",
  "sites_analyzed": [
    "01646500",
    "01491000"
  ]
}