{
  "mean_flow": 1169.5102350813743,
  "median_flow": 1520.0,
  "std_flow": 673.5526327905301,
  "min_flow": 19.1,
  "max_flow": 1770.0,
  "total_records": 2765,
  "percentile_25": 30.1,
  "percentile_75": 1600.0,
  "percentile_90": 1680.0,
  "trend": {
    "slope": -0.00015944184211337677,
    "direction": "decreasing",
    "r_squared": 0.0018666706635554337,
    "p_value": 0.023092986543650433
  },
  "trend_slope": -0.00015944184211337677,
  "trend_direction": "decreasing",
  "anomalies": [],
  "anomaly_count": 0,
  "flow_status": {
    "status": "Low Flow",
    "latest_flow": 20.3,
    "percentile": 3.5081374321880654
  },
  "recent_change": {
    "change_cfs": -1539.7,
    "change_pct": -98.69871794871796
  },
  "summary": "Low Flow conditions (avg: 1170 cfs, trend: decreasing)",
  "analysis_date": "2025-11-19 12:56:38",
  "sites_analyzed": [
    "01646500",
    "01491000"
  ]
}