{
  "mean_flow": 2762.9552402572835,
  "median_flow": 3510.0,
  "std_flow": 1593.185160673535,
  "min_flow": 41.8,
  "max_flow": 4230.0,
  "total_records": 2643,
  "percentile_25": 53.1,
  "percentile_75": 3800.0,
  "percentile_90": 4050.0,
  "trend": {
    "slope": 0.0010248230768948492,
    "direction": "increasing",
    "r_squared": 0.01238305165941426,
    "p_value": 9.694399598533749e-09
  },
  "trend_slope": 0.0010248230768948492,
  "trend_direction": "increasing",
  "anomalies": [],
  "anomaly_count": 0,
  "flow_status": {
    "status": "Low Flow",
    "latest_flow": 41.8,
    "percentile": 0.8323874385168369
  },
  "recent_change": {
    "change_cfs": -3878.2,
    "change_pct": -98.93367346938776
  },
  "summary": "Low Flow conditions (avg: 2763 cfs, trend: increasing)",
  "analysis_date": "2026-05-05 02:43:10",
  "sites_analyzed": [
    "01646500",
    "01491000"
  ]
}