{
  "mean_flow": 1124.2384049981624,
  "median_flow": 1450.0,
  "std_flow": 645.1453428459647,
  "min_flow": 14.2,
  "max_flow": 1770.0,
  "total_records": 2721,
  "percentile_25": 19.1,
  "percentile_75": 1520.0,
  "percentile_90": 1600.0,
  "trend": {
    "slope": -0.000276712581158993,
    "direction": "decreasing",
    "r_squared": 0.005748403176889547,
    "p_value": 7.532623100972341e-05
  },
  "trend_slope": -0.000276712581158993,
  "trend_direction": "decreasing",
  "anomalies": [],
  "anomaly_count": 0,
  "flow_status": {
    "status": "Low Flow",
    "latest_flow": 15.1,
    "percentile": 6.247703050349136
  },
  "recent_change": {
    "change_cfs": 0.0,
    "change_pct": 0.0
  },
  "summary": "Low Flow conditions (avg: 1124 cfs, trend: decreasing)",
  "analysis_date": "2025-10-29 06:40:27",
  "sites_analyzed": [
    "01646500",
    "01491000"
  ]
}