{
  "mean_flow": 2043.3232267548694,
  "median_flow": 2650.0,
  "std_flow": 1168.4681551942126,
  "min_flow": 32.5,
  "max_flow": 3010.0,
  "total_records": 2721,
  "percentile_25": 39.9,
  "percentile_75": 2800.0,
  "percentile_90": 2900.0,
  "trend": {
    "slope": -0.000513424595873412,
    "direction": "decreasing",
    "r_squared": 0.00603287214080191,
    "p_value": 4.9949253594977936e-05
  },
  "trend_slope": -0.000513424595873412,
  "trend_direction": "decreasing",
  "anomalies": [],
  "anomaly_count": 0,
  "flow_status": {
    "status": "Low Flow",
    "latest_flow": 32.5,
    "percentile": 1.396545387725101
  },
  "recent_change": {
    "change_cfs": 0.0,
    "change_pct": 0.0
  },
  "summary": "Low Flow conditions (avg: 2043 cfs, trend: decreasing)",
  "analysis_date": "2026-05-17 06:46:12",
  "sites_analyzed": [
    "01646500",
    "01491000"
  ]
}