{
  "mean_flow": 1553.1552416356876,
  "median_flow": 1940.0,
  "std_flow": 894.6651977982557,
  "min_flow": 35.5,
  "max_flow": 2450.0,
  "total_records": 2690,
  "percentile_25": 41.8,
  "percentile_75": 2210.0,
  "percentile_90": 2300.0,
  "trend": {
    "slope": -0.000645422164388187,
    "direction": "decreasing",
    "r_squared": 0.016060393797629274,
    "p_value": 4.212215445509151e-11
  },
  "trend_slope": -0.000645422164388187,
  "trend_direction": "decreasing",
  "anomalies": [],
  "anomaly_count": 0,
  "flow_status": {
    "status": "Low Flow",
    "latest_flow": 35.5,
    "percentile": 3.382899628252788
  },
  "recent_change": {
    "change_cfs": -1904.5,
    "change_pct": -98.1701030927835
  },
  "summary": "Low Flow conditions (avg: 1553 cfs, trend: decreasing)",
  "analysis_date": "2026-01-07 06:46:38",
  "sites_analyzed": [
    "01646500",
    "01491000"
  ]
}