{
  "mean_flow": 1603.0946395563772,
  "median_flow": 2120.0,
  "std_flow": 920.9198359200053,
  "min_flow": 22.0,
  "max_flow": 2400.0,
  "total_records": 2705,
  "percentile_25": 27.2,
  "percentile_75": 2210.0,
  "percentile_90": 2260.0,
  "trend": {
    "slope": 0.0003260504540919483,
    "direction": "increasing",
    "r_squared": 0.0038708732824765954,
    "p_value": 0.0012058659499502148
  },
  "trend_slope": 0.0003260504540919483,
  "trend_direction": "increasing",
  "anomalies": [],
  "anomaly_count": 0,
  "flow_status": {
    "status": "Low Flow",
    "latest_flow": 23.4,
    "percentile": 8.872458410351202
  },
  "recent_change": {
    "change_cfs": -1956.6,
    "change_pct": -98.81818181818181
  },
  "summary": "Low Flow conditions (avg: 1603 cfs, trend: increasing)",
  "analysis_date": "2025-12-02 06:42:48",
  "sites_analyzed": [
    "01646500",
    "01491000"
  ]
}