{
  "mean_flow": 1815.3045908922622,
  "median_flow": 2160.0,
  "std_flow": 1129.7827872555486,
  "min_flow": 56.6,
  "max_flow": 3340.0,
  "total_records": 2701,
  "percentile_25": 76.5,
  "percentile_75": 2750.0,
  "percentile_90": 3060.0,
  "trend": {
    "slope": -0.002235109477001246,
    "direction": "decreasing",
    "r_squared": 0.12102305588675932,
    "p_value": 1.09981157114589e-77
  },
  "trend_slope": -0.002235109477001246,
  "trend_direction": "decreasing",
  "anomalies": [],
  "anomaly_count": 0,
  "flow_status": {
    "status": "Low Flow",
    "latest_flow": 59.0,
    "percentile": 3.6653091447611996
  },
  "recent_change": {
    "change_cfs": 0.0,
    "change_pct": 0.0
  },
  "summary": "Low Flow conditions (avg: 1815 cfs, trend: decreasing)",
  "analysis_date": "2026-01-25 06:43:10",
  "sites_analyzed": [
    "01646500",
    "01491000"
  ]
}