{
  "mean_flow": 1903.2046822262118,
  "median_flow": 2400.0,
  "std_flow": 1115.1589326899093,
  "min_flow": 7.15,
  "max_flow": 3450.0,
  "total_records": 2785,
  "percentile_25": 16.4,
  "percentile_75": 2500.0,
  "percentile_90": 2850.0,
  "trend": {
    "slope": 0.00016272720128079825,
    "direction": "stable",
    "r_squared": 0.0006970128442880541,
    "p_value": 0.16365610113855142
  },
  "trend_slope": 0.00016272720128079825,
  "trend_direction": "stable",
  "anomalies": [],
  "anomaly_count": 0,
  "flow_status": {
    "status": "Low Flow",
    "latest_flow": 7.15,
    "percentile": 0.21543985637342908
  },
  "recent_change": {
    "change_cfs": -0.16999999999999993,
    "change_pct": -2.3224043715846987
  },
  "summary": "Low Flow conditions (avg: 1903 cfs, trend: stable)",
  "analysis_date": "2026-06-26 10:53:03",
  "sites_analyzed": [
    "01646500",
    "01491000"
  ]
}