{
  "mean_flow": 3129.2559746079164,
  "median_flow": 4050.0,
  "std_flow": 1800.145170035218,
  "min_flow": 53.1,
  "max_flow": 4810.0,
  "total_records": 2678,
  "percentile_25": 69.1,
  "percentile_75": 4170.0,
  "percentile_90": 4550.0,
  "trend": {
    "slope": -0.000908606538078909,
    "direction": "decreasing",
    "r_squared": 0.00803843848446967,
    "p_value": 3.3694768730861453e-06
  },
  "trend_slope": -0.000908606538078909,
  "trend_direction": "decreasing",
  "anomalies": [],
  "anomaly_count": 0,
  "flow_status": {
    "status": "Normal",
    "latest_flow": 3740.0,
    "percentile": 25.466766243465273
  },
  "recent_change": {
    "change_cfs": -60.0,
    "change_pct": -1.5789473684210527
  },
  "summary": "Normal conditions (avg: 3129 cfs, trend: decreasing)",
  "analysis_date": "2026-04-24 06:09:31",
  "sites_analyzed": [
    "01646500",
    "01491000"
  ]
}