{
  "mean_flow": 16011.75641025641,
  "median_flow": 14000.0,
  "std_flow": 12513.366560493152,
  "min_flow": 23.4,
  "max_flow": 39100.0,
  "total_records": 2925,
  "percentile_25": 7990.0,
  "percentile_75": 25500.0,
  "percentile_90": 35100.0,
  "trend": {
    "slope": -0.03356025554033533,
    "direction": "decreasing",
    "r_squared": 0.25971061478655505,
    "p_value": 3.9052259721105015e-193
  },
  "trend_slope": -0.03356025554033533,
  "trend_direction": "decreasing",
  "anomalies": [],
  "anomaly_count": 0,
  "flow_status": {
    "status": "Normal",
    "latest_flow": 7990.0,
    "percentile": 25.162393162393165
  },
  "recent_change": {
    "change_cfs": -170.0,
    "change_pct": -2.083333333333333
  },
  "summary": "Normal conditions (avg: 16012 cfs, trend: decreasing)",
  "analysis_date": "2026-06-04 19:23:21",
  "sites_analyzed": [
    "01646500",
    "01491000"
  ]
}