{
  "mean_flow": 1838.3594814814815,
  "median_flow": 2350.0,
  "std_flow": 1063.192741069878,
  "min_flow": 22.0,
  "max_flow": 2850.0,
  "total_records": 2700,
  "percentile_25": 56.6,
  "percentile_75": 2600.0,
  "percentile_90": 2700.0,
  "trend": {
    "slope": 0.0005092459252189225,
    "direction": "increasing",
    "r_squared": 0.007087405549827829,
    "p_value": 1.185581215122762e-05
  },
  "trend_slope": 0.0005092459252189225,
  "trend_direction": "increasing",
  "anomalies": [],
  "anomaly_count": 0,
  "flow_status": {
    "status": "Below Normal",
    "latest_flow": 33.9,
    "percentile": 10.555555555555555
  },
  "recent_change": {
    "change_cfs": -0.8000000000000043,
    "change_pct": -2.3054755043227786
  },
  "summary": "Below Normal conditions (avg: 1838 cfs, trend: increasing)",
  "analysis_date": "2025-12-07 06:37:28",
  "sites_analyzed": [
    "01646500",
    "01491000"
  ]
}