{
  "mean_flow": 2745.7757730207272,
  "median_flow": 3570.0,
  "std_flow": 1593.8967379640778,
  "min_flow": 34.7,
  "max_flow": 4230.0,
  "total_records": 2943,
  "percentile_25": 45.7,
  "percentile_75": 3860.0,
  "percentile_90": 3980.0,
  "trend": {
    "slope": -0.0008874481612222485,
    "direction": "decreasing",
    "r_squared": 0.011464207715080551,
    "p_value": 5.786293015197518e-09
  },
  "trend_slope": -0.0008874481612222485,
  "trend_direction": "decreasing",
  "anomalies": [],
  "anomaly_count": 0,
  "flow_status": {
    "status": "Low Flow",
    "latest_flow": 34.7,
    "percentile": 0.44172612979952425
  },
  "recent_change": {
    "change_cfs": -1.6999999999999957,
    "change_pct": -4.670329670329658
  },
  "summary": "Low Flow conditions (avg: 2746 cfs, trend: decreasing)",
  "analysis_date": "2026-05-09 21:42:56",
  "sites_analyzed": [
    "01646500",
    "01491000"
  ]
}