{
  "mean_flow": 2252.4585505176724,
  "median_flow": 2800.0,
  "std_flow": 1311.2739676085068,
  "min_flow": 32.5,
  "max_flow": 3740.0,
  "total_records": 2801,
  "percentile_25": 40.8,
  "percentile_75": 3060.0,
  "percentile_90": 3400.0,
  "trend": {
    "slope": -0.0012543743419668738,
    "direction": "decreasing",
    "r_squared": 0.030299560912962684,
    "p_value": 1.7067271057253467e-20
  },
  "trend_slope": -0.0012543743419668738,
  "trend_direction": "decreasing",
  "anomalies": [],
  "anomaly_count": 0,
  "flow_status": {
    "status": "Low Flow",
    "latest_flow": 33.9,
    "percentile": 5.35523027490182
  },
  "recent_change": {
    "change_cfs": 0.7999999999999972,
    "change_pct": 2.4169184290030126
  },
  "summary": "Low Flow conditions (avg: 2252 cfs, trend: decreasing)",
  "analysis_date": "2026-05-14 11:53:30",
  "sites_analyzed": [
    "01646500",
    "01491000"
  ]
}