{
  "mean_flow": 1741.4978510127019,
  "median_flow": 2070.0,
  "std_flow": 1064.0002508151977,
  "min_flow": 1.04,
  "max_flow": 4680.0,
  "total_records": 2913,
  "percentile_25": 13.9,
  "percentile_75": 2400.0,
  "percentile_90": 2550.0,
  "trend": {
    "slope": -0.0002778487535969296,
    "direction": "decreasing",
    "r_squared": 0.002466726581679695,
    "p_value": 0.007338139065049041
  },
  "trend_slope": -0.0002778487535969296,
  "trend_direction": "decreasing",
  "anomalies": [],
  "anomaly_count": 0,
  "flow_status": {
    "status": "High Flow",
    "latest_flow": 4680.0,
    "percentile": 100.0
  },
  "recent_change": {
    "change_cfs": 390.0,
    "change_pct": 9.090909090909092
  },
  "summary": "High Flow conditions (avg: 1741 cfs, trend: decreasing)",
  "analysis_date": "2026-07-07 19:01:55",
  "sites_analyzed": [
    "01646500",
    "01491000"
  ]
}