{
  "mean_flow": 3847.105764411028,
  "median_flow": 4610.0,
  "std_flow": 2328.791530362929,
  "min_flow": 12.2,
  "max_flow": 7410.0,
  "total_records": 2793,
  "percentile_25": 27.2,
  "percentile_75": 5220.0,
  "percentile_90": 6300.0,
  "trend": {
    "slope": -0.0024677172435566353,
    "direction": "decreasing",
    "r_squared": 0.03719103462252475,
    "p_value": 8.319767401789805e-25
  },
  "trend_slope": -0.0024677172435566353,
  "trend_direction": "decreasing",
  "anomalies": [],
  "anomaly_count": 0,
  "flow_status": {
    "status": "Below Normal",
    "latest_flow": 26.7,
    "percentile": 24.77622627998568
  },
  "recent_change": {
    "change_cfs": -4653.3,
    "change_pct": -99.42948717948718
  },
  "summary": "Below Normal conditions (avg: 3847 cfs, trend: decreasing)",
  "analysis_date": "2026-06-12 11:44:28",
  "sites_analyzed": [
    "01646500",
    "01491000"
  ]
}