{
  "mean_flow": 1971.4883561643837,
  "median_flow": 2400.0,
  "std_flow": 1179.4576079320982,
  "min_flow": 39.9,
  "max_flow": 3340.0,
  "total_records": 2628,
  "percentile_25": 47.7,
  "percentile_75": 2800.0,
  "percentile_90": 3120.0,
  "trend": {
    "slope": -0.0015289645674752682,
    "direction": "decreasing",
    "r_squared": 0.05262200447540912,
    "p_value": 1.0088481735471834e-32
  },
  "trend_slope": -0.0015289645674752682,
  "trend_direction": "decreasing",
  "anomalies": [],
  "anomaly_count": 0,
  "flow_status": {
    "status": "Low Flow",
    "latest_flow": 39.9,
    "percentile": 1.750380517503805
  },
  "recent_change": {
    "change_cfs": -2220.1,
    "change_pct": -98.23451327433628
  },
  "summary": "Low Flow conditions (avg: 1971 cfs, trend: decreasing)",
  "analysis_date": "2026-01-01 06:45:23",
  "sites_analyzed": [
    "01646500",
    "01491000"
  ]
}