{
  "mean_flow": 10079.985424813367,
  "median_flow": 12600.0,
  "std_flow": 6493.295425683873,
  "min_flow": 143.0,
  "max_flow": 18300.0,
  "total_records": 2813,
  "percentile_25": 7570.0,
  "percentile_75": 15600.0,
  "percentile_90": 17600.0,
  "trend": {
    "slope": 0.01029739494724795,
    "direction": "increasing",
    "r_squared": 0.08398579756454802,
    "p_value": 1.4697807361825614e-55
  },
  "trend_slope": 0.01029739494724795,
  "trend_direction": "increasing",
  "anomalies": [],
  "anomaly_count": 0,
  "flow_status": {
    "status": "Normal",
    "latest_flow": 12600.0,
    "percentile": 50.302168503377175
  },
  "recent_change": {
    "change_cfs": 0.0,
    "change_pct": 0.0
  },
  "summary": "Normal conditions (avg: 10080 cfs, trend: increasing)",
  "analysis_date": "2026-03-12 13:20:20",
  "sites_analyzed": [
    "01646500",
    "01491000"
  ]
}