{
  "mean_flow": 3846.2007903650733,
  "median_flow": 4750.0,
  "std_flow": 2226.834852985964,
  "min_flow": 62.7,
  "max_flow": 6230.0,
  "total_records": 2657,
  "percentile_25": 96.6,
  "percentile_75": 5290.0,
  "percentile_90": 5710.0,
  "trend": {
    "slope": -0.0022254128659688725,
    "direction": "decreasing",
    "r_squared": 0.029756358331170494,
    "p_value": 3.4054208183749443e-19
  },
  "trend_slope": -0.0022254128659688725,
  "trend_direction": "decreasing",
  "anomalies": [],
  "anomaly_count": 0,
  "flow_status": {
    "status": "Low Flow",
    "latest_flow": 65.7,
    "percentile": 4.516371847948815
  },
  "recent_change": {
    "change_cfs": 3.0,
    "change_pct": 4.784688995215311
  },
  "summary": "Low Flow conditions (avg: 3846 cfs, trend: decreasing)",
  "analysis_date": "2026-04-19 02:50:02",
  "sites_analyzed": [
    "01646500",
    "01491000"
  ]
}