{
  "mean_flow": 2685.558715913013,
  "median_flow": 3400.0,
  "std_flow": 1538.974021985472,
  "min_flow": 49.8,
  "max_flow": 4110.0,
  "total_records": 2897,
  "percentile_25": 59.0,
  "percentile_75": 3570.0,
  "percentile_90": 3920.0,
  "trend": {
    "slope": -0.0009162522465785196,
    "direction": "decreasing",
    "r_squared": 0.012554568818493747,
    "p_value": 1.4733806050247195e-09
  },
  "trend_slope": -0.0009162522465785196,
  "trend_direction": "decreasing",
  "anomalies": [],
  "anomaly_count": 0,
  "flow_status": {
    "status": "Low Flow",
    "latest_flow": 50.9,
    "percentile": 8.180876769071453
  },
  "recent_change": {
    "change_cfs": 1.1000000000000014,
    "change_pct": 2.208835341365465
  },
  "summary": "Low Flow conditions (avg: 2686 cfs, trend: decreasing)",
  "analysis_date": "2026-04-29 17:41:06",
  "sites_analyzed": [
    "01646500",
    "01491000"
  ]
}