{
  "mean_flow": 5574.181402543829,
  "median_flow": 5360.0,
  "std_flow": 4086.996692134859,
  "min_flow": 16.4,
  "max_flow": 14400.0,
  "total_records": 2909,
  "percentile_25": 33.9,
  "percentile_75": 8250.0,
  "percentile_90": 11700.0,
  "trend": {
    "slope": -0.011054936213828949,
    "direction": "decreasing",
    "r_squared": 0.2613593661923609,
    "p_value": 1.6935167345996446e-193
  },
  "trend_slope": -0.011054936213828949,
  "trend_direction": "decreasing",
  "anomalies": [],
  "anomaly_count": 0,
  "flow_status": {
    "status": "Low Flow",
    "latest_flow": 16.4,
    "percentile": 0.034376074252320386
  },
  "recent_change": {
    "change_cfs": -4153.6,
    "change_pct": -99.60671462829737
  },
  "summary": "Low Flow conditions (avg: 5574 cfs, trend: decreasing)",
  "analysis_date": "2026-06-09 19:13:45",
  "sites_analyzed": [
    "01646500",
    "01491000"
  ]
}