{
  "mean_flow": 1216.4824801730354,
  "median_flow": 1560.0,
  "std_flow": 704.4388600951584,
  "min_flow": 19.1,
  "max_flow": 1940.0,
  "total_records": 2774,
  "percentile_25": 27.7,
  "percentile_75": 1680.0,
  "percentile_90": 1730.0,
  "trend": {
    "slope": 0.00045898952741365537,
    "direction": "increasing",
    "r_squared": 0.013893043033805811,
    "p_value": 4.756887109006273e-10
  },
  "trend_slope": 0.00045898952741365537,
  "trend_direction": "increasing",
  "anomalies": [],
  "anomaly_count": 0,
  "flow_status": {
    "status": "Normal",
    "latest_flow": 27.7,
    "percentile": 25.234318673395816
  },
  "recent_change": {
    "change_cfs": -1862.3,
    "change_pct": -98.53439153439153
  },
  "summary": "Normal conditions (avg: 1216 cfs, trend: increasing)",
  "analysis_date": "2025-11-23 12:48:19",
  "sites_analyzed": [
    "01646500",
    "01491000"
  ]
}