{
  "mean_flow": 1739.6201713673686,
  "median_flow": 2120.0,
  "std_flow": 1007.2172171012138,
  "min_flow": 29.3,
  "max_flow": 2800.0,
  "total_records": 2801,
  "percentile_25": 57.8,
  "percentile_75": 2500.0,
  "percentile_90": 2600.0,
  "trend": {
    "slope": -0.0009494948689195456,
    "direction": "decreasing",
    "r_squared": 0.02953946981860386,
    "p_value": 5.1735001244086094e-20
  },
  "trend_slope": -0.0009494948689195456,
  "trend_direction": "decreasing",
  "anomalies": [],
  "anomaly_count": 0,
  "flow_status": {
    "status": "Normal",
    "latest_flow": 1890.0,
    "percentile": 26.347732952516957
  },
  "recent_change": {
    "change_cfs": -90.0,
    "change_pct": -4.545454545454546
  },
  "summary": "Normal conditions (avg: 1740 cfs, trend: decreasing)",
  "analysis_date": "2025-12-11 13:02:12",
  "sites_analyzed": [
    "01646500",
    "01491000"
  ]
}