{
  "mean_flow": 1711.0436542239684,
  "median_flow": 2210.0,
  "std_flow": 995.013147478799,
  "min_flow": 37.2,
  "max_flow": 2750.0,
  "total_records": 2545,
  "percentile_25": 45.7,
  "percentile_75": 2350.0,
  "percentile_90": 2450.0,
  "trend": {
    "slope": -0.0003723796645042821,
    "direction": "decreasing",
    "r_squared": 0.004169305610900414,
    "p_value": 0.0011171263436798768
  },
  "trend_slope": -0.0003723796645042821,
  "trend_direction": "decreasing",
  "anomalies": [],
  "anomaly_count": 0,
  "flow_status": {
    "status": "Normal",
    "latest_flow": 2070.0,
    "percentile": 32.141453831041254
  },
  "recent_change": {
    "change_cfs": 2031.9,
    "change_pct": 5333.070866141733
  },
  "summary": "Normal conditions (avg: 1711 cfs, trend: decreasing)",
  "analysis_date": "2026-01-04 02:33:12",
  "sites_analyzed": [
    "01646500",
    "01491000"
  ]
}