{
  "mean_flow": 10646.214574898786,
  "median_flow": 13100.0,
  "std_flow": 6534.544098487261,
  "min_flow": 140.0,
  "max_flow": 18300.0,
  "total_records": 2717,
  "percentile_25": 8080.0,
  "percentile_75": 15700.0,
  "percentile_90": 17640.000000000007,
  "trend": {
    "slope": 0.004603157924792491,
    "direction": "increasing",
    "r_squared": 0.015459951930615891,
    "p_value": 7.85399698250736e-11
  },
  "trend_slope": 0.004603157924792491,
  "trend_direction": "increasing",
  "anomalies": [],
  "anomaly_count": 0,
  "flow_status": {
    "status": "Normal",
    "latest_flow": 13100.0,
    "percentile": 51.30658814869341
  },
  "recent_change": {
    "change_cfs": -100.0,
    "change_pct": -0.7575757575757576
  },
  "summary": "Normal conditions (avg: 10646 cfs, trend: increasing)",
  "analysis_date": "2026-03-13 07:05:46",
  "sites_analyzed": [
    "01646500",
    "01491000"
  ]
}