{
  "mean_flow": 7810.9184,
  "median_flow": 9500.0,
  "std_flow": 4634.405481997831,
  "min_flow": 99.1,
  "max_flow": 13000.0,
  "total_records": 2875,
  "percentile_25": 148.0,
  "percentile_75": 11000.0,
  "percentile_90": 12100.0,
  "trend": {
    "slope": -0.005150580621891607,
    "direction": "decreasing",
    "r_squared": 0.04518788412826428,
    "p_value": 9.866930344951492e-31
  },
  "trend_slope": -0.005150580621891607,
  "trend_direction": "decreasing",
  "anomalies": [],
  "anomaly_count": 0,
  "flow_status": {
    "status": "Normal",
    "latest_flow": 8600.0,
    "percentile": 29.599999999999998
  },
  "recent_change": {
    "change_cfs": 0.0,
    "change_pct": 0.0
  },
  "summary": "Normal conditions (avg: 7811 cfs, trend: decreasing)",
  "analysis_date": "2026-03-27 19:06:08",
  "sites_analyzed": [
    "01646500",
    "01491000"
  ]
}