{
  "mean_flow": 14257.563184413837,
  "median_flow": 5850.0,
  "std_flow": 14393.630472722438,
  "min_flow": 23.4,
  "max_flow": 41900.0,
  "total_records": 2977,
  "percentile_25": 61.5,
  "percentile_75": 26900.0,
  "percentile_90": 35800.0,
  "trend": {
    "slope": 0.04027370210828994,
    "direction": "increasing",
    "r_squared": 0.292814880975078,
    "p_value": 4.092777500295934e-226
  },
  "trend_slope": 0.04027370210828994,
  "trend_direction": "increasing",
  "anomalies": [],
  "anomaly_count": 0,
  "flow_status": {
    "status": "Below Normal",
    "latest_flow": 43.7,
    "percentile": 15.048706751763522
  },
  "recent_change": {
    "change_cfs": -25656.3,
    "change_pct": -99.82996108949416
  },
  "summary": "Below Normal conditions (avg: 14258 cfs, trend: increasing)",
  "analysis_date": "2026-05-28 22:41:30",
  "sites_analyzed": [
    "01646500",
    "01491000"
  ]
}