{
  "mean_flow": 2476.4084507042253,
  "median_flow": 3010.0,
  "std_flow": 1444.7742467138517,
  "min_flow": 33.9,
  "max_flow": 4050.0,
  "total_records": 2769,
  "percentile_25": 43.7,
  "percentile_75": 3510.0,
  "percentile_90": 3740.0,
  "trend": {
    "slope": -0.0014418408671199973,
    "direction": "decreasing",
    "r_squared": 0.03222739060295474,
    "p_value": 1.736168541244552e-21
  },
  "trend_slope": -0.0014418408671199973,
  "trend_direction": "decreasing",
  "anomalies": [],
  "anomaly_count": 0,
  "flow_status": {
    "status": "Below Normal",
    "latest_flow": 37.2,
    "percentile": 16.431924882629108
  },
  "recent_change": {
    "change_cfs": 0.0,
    "change_pct": 0.0
  },
  "summary": "Below Normal conditions (avg: 2476 cfs, trend: decreasing)",
  "analysis_date": "2026-05-12 09:39:23",
  "sites_analyzed": [
    "01646500",
    "01491000"
  ]
}