{
  "mean_flow": 1931.3554243542437,
  "median_flow": 2450.0,
  "std_flow": 1136.410015463909,
  "min_flow": 22.0,
  "max_flow": 4050.0,
  "total_records": 2710,
  "percentile_25": 523.575,
  "percentile_75": 2550.0,
  "percentile_90": 2850.0,
  "trend": {
    "slope": 0.0007248594525472697,
    "direction": "increasing",
    "r_squared": 0.012705899338573795,
    "p_value": 4.004283062645234e-09
  },
  "trend_slope": 0.0007248594525472697,
  "trend_direction": "increasing",
  "anomalies": [],
  "anomaly_count": 0,
  "flow_status": {
    "status": "High Flow",
    "latest_flow": 4050.0,
    "percentile": 100.0
  },
  "recent_change": {
    "change_cfs": 310.0,
    "change_pct": 8.288770053475936
  },
  "summary": "High Flow conditions (avg: 1931 cfs, trend: increasing)",
  "analysis_date": "2026-05-23 06:13:16",
  "sites_analyzed": [
    "01646500",
    "01491000"
  ]
}