{
  "mean_flow": 12398.748031496063,
  "median_flow": 8950.0,
  "std_flow": 11422.92901078405,
  "min_flow": 96.6,
  "max_flow": 32800.0,
  "total_records": 2286,
  "percentile_25": 447.5,
  "percentile_75": 19700.0,
  "percentile_90": 30900.0,
  "trend": {
    "slope": 0.04296054704170203,
    "direction": "increasing",
    "r_squared": 0.41999758302413437,
    "p_value": 1.768050009673037e-272
  },
  "trend_slope": 0.04296054704170203,
  "trend_direction": "increasing",
  "anomalies": [],
  "anomaly_count": 0,
  "flow_status": {
    "status": "Above Normal",
    "latest_flow": 29600.0,
    "percentile": 81.75853018372703
  },
  "recent_change": {
    "change_cfs": 29176.0,
    "change_pct": 6881.132075471699
  },
  "summary": "Above Normal conditions (avg: 12399 cfs, trend: increasing)",
  "analysis_date": "2026-02-23 13:23:58",
  "sites_analyzed": [
    "01646500",
    "01491000"
  ]
}