{
  "mean_flow": 10415.914426353655,
  "median_flow": 10500.0,
  "std_flow": 7105.823339545242,
  "min_flow": 391.0,
  "max_flow": 25700.0,
  "total_records": 2641,
  "percentile_25": 568.0,
  "percentile_75": 14900.0,
  "percentile_90": 20300.0,
  "trend": {
    "slope": -0.020330707963544168,
    "direction": "decreasing",
    "r_squared": 0.24097142078262107,
    "p_value": 3.164320457685975e-160
  },
  "trend_slope": -0.020330707963544168,
  "trend_direction": "decreasing",
  "anomalies": [],
  "anomaly_count": 0,
  "flow_status": {
    "status": "Low Flow",
    "latest_flow": 391.0,
    "percentile": 0.07572889057175312
  },
  "recent_change": {
    "change_cfs": -6.0,
    "change_pct": -1.5113350125944585
  },
  "summary": "Low Flow conditions (avg: 10416 cfs, trend: decreasing)",
  "analysis_date": "2026-03-03 02:51:10",
  "sites_analyzed": [
    "01646500",
    "01491000"
  ]
}