{
  "mean_flow": 1185.6438013442869,
  "median_flow": 1560.0,
  "std_flow": 683.0365954839488,
  "min_flow": 19.1,
  "max_flow": 1770.0,
  "total_records": 2678,
  "percentile_25": 23.8,
  "percentile_75": 1600.0,
  "percentile_90": 1730.0,
  "trend": {
    "slope": 0.00023638159860557854,
    "direction": "increasing",
    "r_squared": 0.003699987050885182,
    "p_value": 0.001636990346863371
  },
  "trend_slope": 0.00023638159860557854,
  "trend_direction": "increasing",
  "anomalies": [],
  "anomaly_count": 0,
  "flow_status": {
    "status": "Normal",
    "latest_flow": 23.8,
    "percentile": 25.280059746079164
  },
  "recent_change": {
    "change_cfs": -1706.2,
    "change_pct": -98.6242774566474
  },
  "summary": "Normal conditions (avg: 1186 cfs, trend: increasing)",
  "analysis_date": "2025-11-22 06:36:15",
  "sites_analyzed": [
    "01646500",
    "01491000"
  ]
}