{
  "mean_flow": 2031.52546380502,
  "median_flow": 2500.0,
  "std_flow": 1189.9786578269072,
  "min_flow": 41.8,
  "max_flow": 3340.0,
  "total_records": 2749,
  "percentile_25": 59.0,
  "percentile_75": 2800.0,
  "percentile_90": 3120.0,
  "trend": {
    "slope": -0.00041105827897182487,
    "direction": "decreasing",
    "r_squared": 0.0038721044132977267,
    "p_value": 0.0010975129477383218
  },
  "trend_slope": -0.00041105827897182487,
  "trend_direction": "decreasing",
  "anomalies": [],
  "anomaly_count": 0,
  "flow_status": {
    "status": "Normal",
    "latest_flow": 2160.0,
    "percentile": 26.045834849036016
  },
  "recent_change": {
    "change_cfs": -100.0,
    "change_pct": -4.424778761061947
  },
  "summary": "Normal conditions (avg: 2032 cfs, trend: decreasing)",
  "analysis_date": "2025-12-30 13:00:08",
  "sites_analyzed": [
    "01646500",
    "01491000"
  ]
}