{
  "mean_flow": 3211.2050871080137,
  "median_flow": 4050.0,
  "std_flow": 1853.1475759489008,
  "min_flow": 54.3,
  "max_flow": 4950.0,
  "total_records": 2870,
  "percentile_25": 72.6,
  "percentile_75": 4490.0,
  "percentile_90": 4750.0,
  "trend": {
    "slope": -0.001151136937874898,
    "direction": "decreasing",
    "r_squared": 0.013952701789453237,
    "p_value": 2.1880074066392158e-10
  },
  "trend_slope": -0.001151136937874898,
  "trend_direction": "decreasing",
  "anomalies": [],
  "anomaly_count": 0,
  "flow_status": {
    "status": "Normal",
    "latest_flow": 3920.0,
    "percentile": 32.264808362369344
  },
  "recent_change": {
    "change_cfs": 60.0,
    "change_pct": 1.5544041450777202
  },
  "summary": "Normal conditions (avg: 3211 cfs, trend: decreasing)",
  "analysis_date": "2026-04-23 18:06:07",
  "sites_analyzed": [
    "01646500",
    "01491000"
  ]
}