{
  "mean_flow": 4497.955363790186,
  "median_flow": 5360.0,
  "std_flow": 2669.4933547644414,
  "min_flow": 70.9,
  "max_flow": 7910.0,
  "total_records": 2955,
  "percentile_25": 119.0,
  "percentile_75": 6380.0,
  "percentile_90": 7160.0,
  "trend": {
    "slope": -0.0034696401440464514,
    "direction": "decreasing",
    "r_squared": 0.062393284791741284,
    "p_value": 2.854949937318448e-43
  },
  "trend_slope": -0.0034696401440464514,
  "trend_direction": "decreasing",
  "anomalies": [],
  "anomaly_count": 0,
  "flow_status": {
    "status": "Low Flow",
    "latest_flow": 70.9,
    "percentile": 1.6243654822335025
  },
  "recent_change": {
    "change_cfs": 0.0,
    "change_pct": 0.0
  },
  "summary": "Low Flow conditions (avg: 4498 cfs, trend: decreasing)",
  "analysis_date": "2026-04-16 21:43:04",
  "sites_analyzed": [
    "01646500",
    "01491000"
  ]
}