{
  "mean_flow": 23000.47109869646,
  "median_flow": 26600.0,
  "std_flow": 14245.405179376403,
  "min_flow": 29.8,
  "max_flow": 41900.0,
  "total_records": 2685,
  "percentile_25": 19000.0,
  "percentile_75": 33900.0,
  "percentile_90": 38700.0,
  "trend": {
    "slope": -0.011806031863410026,
    "direction": "decreasing",
    "r_squared": 0.020897607638641544,
    "p_value": 5.2021101059703416e-14
  },
  "trend_slope": -0.011806031863410026,
  "trend_direction": "decreasing",
  "anomalies": [],
  "anomaly_count": 0,
  "flow_status": {
    "status": "Below Normal",
    "latest_flow": 18900.0,
    "percentile": 24.99068901303538
  },
  "recent_change": {
    "change_cfs": -500.0,
    "change_pct": -2.5773195876288657
  },
  "summary": "Below Normal conditions (avg: 23000 cfs, trend: decreasing)",
  "analysis_date": "2026-06-01 04:13:20",
  "sites_analyzed": [
    "01646500",
    "01491000"
  ]
}