{
  "mean_flow": 1466.4237319511292,
  "median_flow": 1850.0,
  "std_flow": 843.7891837483222,
  "min_flow": 33.9,
  "max_flow": 2900.0,
  "total_records": 2701,
  "percentile_25": 72.2,
  "percentile_75": 1980.0,
  "percentile_90": 2030.0,
  "trend": {
    "slope": 0.00025140774276056636,
    "direction": "increasing",
    "r_squared": 0.002736959400270295,
    "p_value": 0.006537594202686828
  },
  "trend_slope": 0.00025140774276056636,
  "trend_direction": "increasing",
  "anomalies": [],
  "anomaly_count": 0,
  "flow_status": {
    "status": "Normal",
    "latest_flow": 76.1,
    "percentile": 25.101814142910033
  },
  "recent_change": {
    "change_cfs": -2723.9,
    "change_pct": -97.28214285714286
  },
  "summary": "Normal conditions (avg: 1466 cfs, trend: increasing)",
  "analysis_date": "2026-01-11 06:42:51",
  "sites_analyzed": [
    "01646500",
    "01491000"
  ]
}