{
  "mean_flow": 4949.3033203125,
  "median_flow": 3860.0,
  "std_flow": 5253.13061565845,
  "min_flow": 62.7,
  "max_flow": 16400.0,
  "total_records": 1536,
  "percentile_25": 150.0,
  "percentile_75": 8690.0,
  "percentile_90": 13100.0,
  "trend": {
    "slope": 0.018865599793178985,
    "direction": "increasing",
    "r_squared": 0.4218182152496429,
    "p_value": 9.986335892393028e-185
  },
  "trend_slope": 0.018865599793178985,
  "trend_direction": "increasing",
  "anomalies": [],
  "anomaly_count": 0,
  "flow_status": {
    "status": "High Flow",
    "latest_flow": 16400.0,
    "percentile": 100.0
  },
  "recent_change": {
    "change_cfs": 300.0,
    "change_pct": 1.8633540372670807
  },
  "summary": "High Flow conditions (avg: 4949 cfs, trend: increasing)",
  "analysis_date": "2026-02-20 19:00:09",
  "sites_analyzed": [
    "01646500",
    "01491000"
  ]
}