{
  "mean_flow": 2798.733083475298,
  "median_flow": 3570.0,
  "std_flow": 1605.4814800426432,
  "min_flow": 35.5,
  "max_flow": 4230.0,
  "total_records": 2935,
  "percentile_25": 1585.45,
  "percentile_75": 3860.0,
  "percentile_90": 3980.0,
  "trend": {
    "slope": -0.00024970656278082605,
    "direction": "stable",
    "r_squared": 0.0008938677845423567,
    "p_value": 0.10536234077320317
  },
  "trend_slope": -0.00024970656278082605,
  "trend_direction": "stable",
  "anomalies": [],
  "anomaly_count": 0,
  "flow_status": {
    "status": "Normal",
    "latest_flow": 3230.0,
    "percentile": 26.43952299829642
  },
  "recent_change": {
    "change_cfs": 0.0,
    "change_pct": 0.0
  },
  "summary": "Normal conditions (avg: 2799 cfs, trend: stable)",
  "analysis_date": "2026-05-08 21:02:40",
  "sites_analyzed": [
    "01646500",
    "01491000"
  ]
}