{
  "mean_flow": 1601.6420912547528,
  "median_flow": 2070.0,
  "std_flow": 922.8065915278504,
  "min_flow": 28.7,
  "max_flow": 2550.0,
  "total_records": 2630,
  "percentile_25": 449.25,
  "percentile_75": 2160.0,
  "percentile_90": 2400.0,
  "trend": {
    "slope": -0.0007889021772251279,
    "direction": "decreasing",
    "r_squared": 0.021464679557324656,
    "p_value": 4.3303810403976986e-14
  },
  "trend_slope": -0.0007889021772251279,
  "trend_direction": "decreasing",
  "anomalies": [],
  "anomaly_count": 0,
  "flow_status": {
    "status": "Normal",
    "latest_flow": 1850.0,
    "percentile": 33.460076045627375
  },
  "recent_change": {
    "change_cfs": 0.0,
    "change_pct": 0.0
  },
  "summary": "Normal conditions (avg: 1602 cfs, trend: decreasing)",
  "analysis_date": "2025-12-13 02:05:20",
  "sites_analyzed": [
    "01646500",
    "01491000"
  ]
}