{
  "mean_flow": 1913.5075722983258,
  "median_flow": 2450.0,
  "std_flow": 1126.84730054749,
  "min_flow": 33.9,
  "max_flow": 3860.0,
  "total_records": 2628,
  "percentile_25": 306.0,
  "percentile_75": 2750.0,
  "percentile_90": 2960.0,
  "trend": {
    "slope": 0.0015079625334238347,
    "direction": "increasing",
    "r_squared": 0.05664447383404539,
    "p_value": 3.645525027800775e-35
  },
  "trend_slope": 0.0015079625334238347,
  "trend_direction": "increasing",
  "anomalies": [],
  "anomaly_count": 0,
  "flow_status": {
    "status": "Low Flow",
    "latest_flow": 89.5,
    "percentile": 8.21917808219178
  },
  "recent_change": {
    "change_cfs": 0.0,
    "change_pct": 0.0
  },
  "summary": "Low Flow conditions (avg: 1914 cfs, trend: increasing)",
  "analysis_date": "2026-01-16 06:46:21",
  "sites_analyzed": [
    "01646500",
    "01491000"
  ]
}