{
  "mean_flow": 1464.647141796585,
  "median_flow": 1850.0,
  "std_flow": 840.6747474344663,
  "min_flow": 28.2,
  "max_flow": 2210.0,
  "total_records": 2694,
  "percentile_25": 357.32500000000005,
  "percentile_75": 2070.0,
  "percentile_90": 2120.0,
  "trend": {
    "slope": -0.0006290649683513271,
    "direction": "decreasing",
    "r_squared": 0.017311492551715373,
    "p_value": 7.0917328923348236e-12
  },
  "trend_slope": -0.0006290649683513271,
  "trend_direction": "decreasing",
  "anomalies": [],
  "anomaly_count": 0,
  "flow_status": {
    "status": "Below Normal",
    "latest_flow": 29.8,
    "percentile": 18.29992576095026
  },
  "recent_change": {
    "change_cfs": -1650.2,
    "change_pct": -98.22619047619048
  },
  "summary": "Below Normal conditions (avg: 1465 cfs, trend: decreasing)",
  "analysis_date": "2025-12-15 06:47:43",
  "sites_analyzed": [
    "01646500",
    "01491000"
  ]
}