{
  "mean_flow": 1716.077048572488,
  "median_flow": 2160.0,
  "std_flow": 996.7501691047145,
  "min_flow": 22.0,
  "max_flow": 2850.0,
  "total_records": 2697,
  "percentile_25": 54.3,
  "percentile_75": 2260.0,
  "percentile_90": 2600.0,
  "trend": {
    "slope": 0.0005904573190538692,
    "direction": "increasing",
    "r_squared": 0.010837273163073332,
    "p_value": 6.009251543829557e-08
  },
  "trend_slope": 0.0005904573190538692,
  "trend_direction": "increasing",
  "anomalies": [],
  "anomaly_count": 0,
  "flow_status": {
    "status": "Normal",
    "latest_flow": 55.4,
    "percentile": 25.139043381535036
  },
  "recent_change": {
    "change_cfs": 1.1000000000000014,
    "change_pct": 2.025782688766117
  },
  "summary": "Normal conditions (avg: 1716 cfs, trend: increasing)",
  "analysis_date": "2025-12-04 06:42:09",
  "sites_analyzed": [
    "01646500",
    "01491000"
  ]
}