{
  "mean_flow": 2493.595521264584,
  "median_flow": 3060.0,
  "std_flow": 1452.6094096441445,
  "min_flow": 33.9,
  "max_flow": 4050.0,
  "total_records": 2657,
  "percentile_25": 43.7,
  "percentile_75": 3570.0,
  "percentile_90": 3740.0,
  "trend": {
    "slope": -0.0014508624215685377,
    "direction": "decreasing",
    "r_squared": 0.029722776047877136,
    "p_value": 3.567505327924813e-19
  },
  "trend_slope": -0.0014508624215685377,
  "trend_direction": "decreasing",
  "anomalies": [],
  "anomaly_count": 0,
  "flow_status": {
    "status": "Below Normal",
    "latest_flow": 37.2,
    "percentile": 16.108392924350774
  },
  "recent_change": {
    "change_cfs": 0.8000000000000043,
    "change_pct": 2.19780219780221
  },
  "summary": "Below Normal conditions (avg: 2494 cfs, trend: decreasing)",
  "analysis_date": "2026-05-12 02:56:08",
  "sites_analyzed": [
    "01646500",
    "01491000"
  ]
}