{
  "mean_flow": 20101.688666428316,
  "median_flow": 25400.0,
  "std_flow": 13030.767056586868,
  "min_flow": 29.3,
  "max_flow": 39100.0,
  "total_records": 2797,
  "percentile_25": 13500.0,
  "percentile_75": 29300.0,
  "percentile_90": 35400.0,
  "trend": {
    "slope": -0.01587871004983312,
    "direction": "decreasing",
    "r_squared": 0.049025079330745625,
    "p_value": 2.0980041515286546e-32
  },
  "trend_slope": -0.01587871004983312,
  "trend_direction": "decreasing",
  "anomalies": [],
  "anomaly_count": 0,
  "flow_status": {
    "status": "Normal",
    "latest_flow": 13500.0,
    "percentile": 25.24132999642474
  },
  "recent_change": {
    "change_cfs": -100.0,
    "change_pct": -0.7352941176470588
  },
  "summary": "Normal conditions (avg: 20102 cfs, trend: decreasing)",
  "analysis_date": "2026-06-02 11:18:09",
  "sites_analyzed": [
    "01646500",
    "01491000"
  ]
}