{
  "mean_flow": 3473.480425055928,
  "median_flow": 4360.0,
  "std_flow": 2005.538610160703,
  "min_flow": 59.0,
  "max_flow": 5430.0,
  "total_records": 2682,
  "percentile_25": 82.8,
  "percentile_75": 4810.0,
  "percentile_90": 5220.0,
  "trend": {
    "slope": -0.0017472114204595778,
    "direction": "decreasing",
    "r_squared": 0.02336732616245407,
    "p_value": 1.725359981220323e-15
  },
  "trend_slope": -0.0017472114204595778,
  "trend_direction": "decreasing",
  "anomalies": [],
  "anomaly_count": 0,
  "flow_status": {
    "status": "Normal",
    "latest_flow": 4110.0,
    "percentile": 38.9634601043997
  },
  "recent_change": {
    "change_cfs": 0.0,
    "change_pct": 0.0
  },
  "summary": "Normal conditions (avg: 3473 cfs, trend: decreasing)",
  "analysis_date": "2026-04-21 05:27:33",
  "sites_analyzed": [
    "01646500",
    "01491000"
  ]
}