{
  "mean_flow": 5800.862456385206,
  "median_flow": 7490.0,
  "std_flow": 3298.85106921255,
  "min_flow": 80.7,
  "max_flow": 8600.0,
  "total_records": 2866,
  "percentile_25": 201.0,
  "percentile_75": 7820.0,
  "percentile_90": 8160.0,
  "trend": {
    "slope": -0.0002989452978285144,
    "direction": "stable",
    "r_squared": 0.0002881698200612602,
    "p_value": 0.3636370859754029
  },
  "trend_slope": -0.0002989452978285144,
  "trend_direction": "stable",
  "anomalies": [],
  "anomaly_count": 0,
  "flow_status": {
    "status": "Above Normal",
    "latest_flow": 7990.0,
    "percentile": 85.55478018143754
  },
  "recent_change": {
    "change_cfs": 80.0,
    "change_pct": 1.0113780025284451
  },
  "summary": "Above Normal conditions (avg: 5801 cfs, trend: stable)",
  "analysis_date": "2026-04-08 17:05:27",
  "sites_analyzed": [
    "01646500",
    "01491000"
  ]
}