{
  "mean_flow": 2043.490717600857,
  "median_flow": 2500.0,
  "std_flow": 1172.5098043115304,
  "min_flow": 44.7,
  "max_flow": 3340.0,
  "total_records": 2801,
  "percentile_25": 204.0,
  "percentile_75": 2800.0,
  "percentile_90": 3120.0,
  "trend": {
    "slope": 0.0007718881319757841,
    "direction": "increasing",
    "r_squared": 0.014349760444655182,
    "p_value": 2.0184383574598562e-10
  },
  "trend_slope": 0.0007718881319757841,
  "trend_direction": "increasing",
  "anomalies": [],
  "anomaly_count": 0,
  "flow_status": {
    "status": "Low Flow",
    "latest_flow": 44.7,
    "percentile": 1.1424491253123885
  },
  "recent_change": {
    "change_cfs": 0.0,
    "change_pct": 0.0
  },
  "summary": "Low Flow conditions (avg: 2043 cfs, trend: increasing)",
  "analysis_date": "2025-12-28 12:55:45",
  "sites_analyzed": [
    "01646500",
    "01491000"
  ]
}