{
  "mean_flow": 2357.2915084570245,
  "median_flow": 2800.0,
  "std_flow": 1359.709509530511,
  "min_flow": 67.4,
  "max_flow": 3920.0,
  "total_records": 2897,
  "percentile_25": 228.0,
  "percentile_75": 3230.0,
  "percentile_90": 3740.0,
  "trend": {
    "slope": 0.00035526981960291274,
    "direction": "increasing",
    "r_squared": 0.002418013023363042,
    "p_value": 0.008117282372551425
  },
  "trend_slope": 0.00035526981960291274,
  "trend_direction": "increasing",
  "anomalies": [],
  "anomaly_count": 0,
  "flow_status": {
    "status": "Low Flow",
    "latest_flow": 67.4,
    "percentile": 0.7248878149810148
  },
  "recent_change": {
    "change_cfs": 0.0,
    "change_pct": 0.0
  },
  "summary": "Low Flow conditions (avg: 2357 cfs, trend: increasing)",
  "analysis_date": "2026-01-20 18:58:09",
  "sites_analyzed": [
    "01646500",
    "01491000"
  ]
}