{
  "mean_flow": 5885.602800718133,
  "median_flow": 7490.0,
  "std_flow": 3358.9569610027143,
  "min_flow": 80.7,
  "max_flow": 9220.0,
  "total_records": 2785,
  "percentile_25": 203.0,
  "percentile_75": 7820.0,
  "percentile_90": 8510.0,
  "trend": {
    "slope": -0.0017586244308765737,
    "direction": "decreasing",
    "r_squared": 0.008972869093846212,
    "p_value": 5.500893242437973e-07
  },
  "trend_slope": -0.0017586244308765737,
  "trend_direction": "decreasing",
  "anomalies": [],
  "anomaly_count": 0,
  "flow_status": {
    "status": "Below Normal",
    "latest_flow": 153.0,
    "percentile": 19.31777378815081
  },
  "recent_change": {
    "change_cfs": 0.0,
    "change_pct": 0.0
  },
  "summary": "Below Normal conditions (avg: 5886 cfs, trend: decreasing)",
  "analysis_date": "2026-04-07 10:56:01",
  "sites_analyzed": [
    "01646500",
    "01491000"
  ]
}