{
  "mean_flow": 3118.933113553114,
  "median_flow": 4050.0,
  "std_flow": 1799.6279792225898,
  "min_flow": 52.0,
  "max_flow": 4810.0,
  "total_records": 2730,
  "percentile_25": 69.1,
  "percentile_75": 4170.0,
  "percentile_90": 4550.0,
  "trend": {
    "slope": -0.0009546544046749947,
    "direction": "decreasing",
    "r_squared": 0.009218337770893086,
    "p_value": 5.01088643584541e-07
  },
  "trend_slope": -0.0009546544046749947,
  "trend_direction": "decreasing",
  "anomalies": [],
  "anomaly_count": 0,
  "flow_status": {
    "status": "Low Flow",
    "latest_flow": 53.1,
    "percentile": 1.1721611721611722
  },
  "recent_change": {
    "change_cfs": -3636.9,
    "change_pct": -98.5609756097561
  },
  "summary": "Low Flow conditions (avg: 3119 cfs, trend: decreasing)",
  "analysis_date": "2026-04-24 09:46:31",
  "sites_analyzed": [
    "01646500",
    "01491000"
  ]
}