{
  "mean_flow": 1314.5827121050763,
  "median_flow": 1450.0,
  "std_flow": 861.4125382292123,
  "min_flow": 14.2,
  "max_flow": 2800.0,
  "total_records": 2817,
  "percentile_25": 41.8,
  "percentile_75": 1520.0,
  "percentile_90": 2550.0,
  "trend": {
    "slope": 0.001532598473542732,
    "direction": "increasing",
    "r_squared": 0.10601073402641668,
    "p_value": 1.4568510462456185e-70
  },
  "trend_slope": 0.001532598473542732,
  "trend_direction": "increasing",
  "anomalies": [],
  "anomaly_count": 0,
  "flow_status": {
    "status": "Below Normal",
    "latest_flow": 34.7,
    "percentile": 21.2637557685481
  },
  "recent_change": {
    "change_cfs": 0.0,
    "change_pct": 0.0
  },
  "summary": "Below Normal conditions (avg: 1315 cfs, trend: increasing)",
  "analysis_date": "2025-11-01 12:49:19",
  "sites_analyzed": [
    "01646500",
    "01491000"
  ]
}