{
  "mean_flow": 2611.9475605595358,
  "median_flow": 3400.0,
  "std_flow": 1490.4094357092665,
  "min_flow": 46.7,
  "max_flow": 3860.0,
  "total_records": 2931,
  "percentile_25": 56.6,
  "percentile_75": 3510.0,
  "percentile_90": 3690.0,
  "trend": {
    "slope": 5.82765316311193e-05,
    "direction": "stable",
    "r_squared": 5.578692639611735e-05,
    "p_value": 0.6860666236734985
  },
  "trend_slope": 5.82765316311193e-05,
  "trend_direction": "stable",
  "anomalies": [],
  "anomaly_count": 0,
  "flow_status": {
    "status": "Low Flow",
    "latest_flow": 46.7,
    "percentile": 0.2729443875810304
  },
  "recent_change": {
    "change_cfs": -2.0999999999999943,
    "change_pct": -4.303278688524579
  },
  "summary": "Low Flow conditions (avg: 2612 cfs, trend: stable)",
  "analysis_date": "2026-05-01 20:55:12",
  "sites_analyzed": [
    "01646500",
    "01491000"
  ]
}