{
  "mean_flow": 2765.9895577852103,
  "median_flow": 3570.0,
  "std_flow": 1594.732263079226,
  "min_flow": 41.8,
  "max_flow": 4230.0,
  "total_records": 2691,
  "percentile_25": 53.1,
  "percentile_75": 3800.0,
  "percentile_90": 4050.0,
  "trend": {
    "slope": 0.0009997538819039474,
    "direction": "increasing",
    "r_squared": 0.012188314632542713,
    "p_value": 9.361009993124058e-09
  },
  "trend_slope": 0.0009997538819039474,
  "trend_direction": "increasing",
  "anomalies": [],
  "anomaly_count": 0,
  "flow_status": {
    "status": "Low Flow",
    "latest_flow": 41.8,
    "percentile": 1.1148272017837235
  },
  "recent_change": {
    "change_cfs": -3878.2,
    "change_pct": -98.93367346938776
  },
  "summary": "Low Flow conditions (avg: 2766 cfs, trend: increasing)",
  "analysis_date": "2026-05-05 05:44:08",
  "sites_analyzed": [
    "01646500",
    "01491000"
  ]
}