{
  "mean_flow": -749364.884345048,
  "median_flow": -999999.0,
  "std_flow": 433470.0043068725,
  "min_flow": -999999.0,
  "max_flow": 80.7,
  "total_records": 2817,
  "percentile_25": -999999.0,
  "percentile_75": 21.2,
  "percentile_90": 54.3,
  "trend": {
    "slope": 0.004202920594527714,
    "direction": "stable",
    "r_squared": 3.14847110311544e-06,
    "p_value": 0.92500196937365
  },
  "trend_slope": 0.004202920594527714,
  "trend_direction": "stable",
  "anomalies": [],
  "anomaly_count": 0,
  "flow_status": {
    "status": "Above Normal",
    "latest_flow": 39.9,
    "percentile": 76.64181753638623
  },
  "recent_change": {
    "change_cfs": 0.0,
    "change_pct": 0.0
  },
  "summary": "Above Normal conditions (avg: -749365 cfs, trend: stable)",
  "analysis_date": "2026-02-09 13:39:34",
  "sites_analyzed": [
    "01646500",
    "01491000"
  ]
}