{
  "mean_flow": 6778.784345384346,
  "median_flow": 8600.0,
  "std_flow": 3958.9971800482317,
  "min_flow": 82.8,
  "max_flow": 10500.0,
  "total_records": 2849,
  "percentile_25": 126.0,
  "percentile_75": 9410.0,
  "percentile_90": 9780.0,
  "trend": {
    "slope": -0.0019305514770347385,
    "direction": "decreasing",
    "r_squared": 0.008478393510629862,
    "p_value": 8.519598783210143e-07
  },
  "trend_slope": -0.0019305514770347385,
  "trend_direction": "decreasing",
  "anomalies": [],
  "anomaly_count": 0,
  "flow_status": {
    "status": "Normal",
    "latest_flow": 9310.0,
    "percentile": 73.990873990874
  },
  "recent_change": {
    "change_cfs": 0.0,
    "change_pct": 0.0
  },
  "summary": "Normal conditions (avg: 6779 cfs, trend: decreasing)",
  "analysis_date": "2026-03-30 19:11:54",
  "sites_analyzed": [
    "01646500",
    "01491000"
  ]
}