{
  "mean_flow": 3454.3832849891223,
  "median_flow": 4360.0,
  "std_flow": 2004.5534049410076,
  "min_flow": 59.0,
  "max_flow": 5430.0,
  "total_records": 2758,
  "percentile_25": 80.7,
  "percentile_75": 4810.0,
  "percentile_90": 5220.0,
  "trend": {
    "slope": -0.001765442625078312,
    "direction": "decreasing",
    "r_squared": 0.025456299362880967,
    "p_value": 3.477347590976144e-17
  },
  "trend_slope": -0.001765442625078312,
  "trend_direction": "decreasing",
  "anomalies": [],
  "anomaly_count": 0,
  "flow_status": {
    "status": "Normal",
    "latest_flow": 3980.0,
    "percentile": 28.281363306744016
  },
  "recent_change": {
    "change_cfs": 0.0,
    "change_pct": 0.0
  },
  "summary": "Normal conditions (avg: 3454 cfs, trend: decreasing)",
  "analysis_date": "2026-04-21 11:07:12",
  "sites_analyzed": [
    "01646500",
    "01491000"
  ]
}