{
  "mean_flow": 2806.3979396092363,
  "median_flow": 3570.0,
  "std_flow": 1617.1009278397569,
  "min_flow": 35.5,
  "max_flow": 4230.0,
  "total_records": 2815,
  "percentile_25": 48.8,
  "percentile_75": 3860.0,
  "percentile_90": 4021.9999999999936,
  "trend": {
    "slope": -0.00020893082157476302,
    "direction": "stable",
    "r_squared": 0.0005679681004964089,
    "p_value": 0.20620615713927654
  },
  "trend_slope": -0.00020893082157476302,
  "trend_direction": "stable",
  "anomalies": [],
  "anomaly_count": 0,
  "flow_status": {
    "status": "Low Flow",
    "latest_flow": 39.0,
    "percentile": 9.55595026642984
  },
  "recent_change": {
    "change_cfs": 0.0,
    "change_pct": 0.0
  },
  "summary": "Low Flow conditions (avg: 2806 cfs, trend: stable)",
  "analysis_date": "2026-05-08 13:51:54",
  "sites_analyzed": [
    "01646500",
    "01491000"
  ]
}