{
  "mean_flow": 10475.109609061015,
  "median_flow": 12600.0,
  "std_flow": 6271.923415048909,
  "min_flow": 140.0,
  "max_flow": 18300.0,
  "total_records": 2737,
  "percentile_25": 201.0,
  "percentile_75": 14400.0,
  "percentile_90": 17400.0,
  "trend": {
    "slope": -0.009020313940194574,
    "direction": "decreasing",
    "r_squared": 0.06539399747731779,
    "p_value": 4.054877842879508e-42
  },
  "trend_slope": -0.009020313940194574,
  "trend_direction": "decreasing",
  "anomalies": [],
  "anomaly_count": 0,
  "flow_status": {
    "status": "Low Flow",
    "latest_flow": 143.0,
    "percentile": 0.7672634271099744
  },
  "recent_change": {
    "change_cfs": -2.0,
    "change_pct": -1.3793103448275863
  },
  "summary": "Low Flow conditions (avg: 10475 cfs, trend: decreasing)",
  "analysis_date": "2026-03-16 07:43:00",
  "sites_analyzed": [
    "01646500",
    "01491000"
  ]
}