{
  "mean_flow": 2327.2122195374523,
  "median_flow": 2800.0,
  "std_flow": 1366.47414998295,
  "min_flow": 60.2,
  "max_flow": 3920.0,
  "total_records": 2897,
  "percentile_25": 126.0,
  "percentile_75": 3230.0,
  "percentile_90": 3740.0,
  "trend": {
    "slope": -0.0006876266755136839,
    "direction": "decreasing",
    "r_squared": 0.008968852176521378,
    "p_value": 3.279899244414179e-07
  },
  "trend_slope": -0.0006876266755136839,
  "trend_direction": "decreasing",
  "anomalies": [],
  "anomaly_count": 0,
  "flow_status": {
    "status": "Low Flow",
    "latest_flow": 61.5,
    "percentile": 0.862961684501208
  },
  "recent_change": {
    "change_cfs": 0.0,
    "change_pct": 0.0
  },
  "summary": "Low Flow conditions (avg: 2327 cfs, trend: decreasing)",
  "analysis_date": "2026-01-21 18:54:31",
  "sites_analyzed": [
    "01646500",
    "01491000"
  ]
}