{
  "mean_flow": 1909.7130751964085,
  "median_flow": 2400.0,
  "std_flow": 1119.0531527739329,
  "min_flow": 8.37,
  "max_flow": 3450.0,
  "total_records": 2673,
  "percentile_25": 16.4,
  "percentile_75": 2550.0,
  "percentile_90": 2900.0,
  "trend": {
    "slope": 0.0002530753239116619,
    "direction": "increasing",
    "r_squared": 0.0015422208232709139,
    "p_value": 0.04233701642650199
  },
  "trend_slope": 0.0002530753239116619,
  "trend_direction": "increasing",
  "anomalies": [],
  "anomaly_count": 0,
  "flow_status": {
    "status": "Low Flow",
    "latest_flow": 8.37,
    "percentile": 1.4590347923681257
  },
  "recent_change": {
    "change_cfs": -0.5800000000000001,
    "change_pct": -6.480446927374303
  },
  "summary": "Low Flow conditions (avg: 1910 cfs, trend: increasing)",
  "analysis_date": "2026-06-26 03:51:25",
  "sites_analyzed": [
    "01646500",
    "01491000"
  ]
}