{
  "mean_flow": 2188.9261666090565,
  "median_flow": 2500.0,
  "std_flow": 1340.7646715116916,
  "min_flow": 59.0,
  "max_flow": 3920.0,
  "total_records": 2893,
  "percentile_25": 89.5,
  "percentile_75": 3170.0,
  "percentile_90": 3740.0,
  "trend": {
    "slope": -0.0023972950696298637,
    "direction": "decreasing",
    "r_squared": 0.11319917509739327,
    "p_value": 1.6822845837818208e-77
  },
  "trend_slope": -0.0023972950696298637,
  "trend_direction": "decreasing",
  "anomalies": [],
  "anomaly_count": 0,
  "flow_status": {
    "status": "Low Flow",
    "latest_flow": 62.7,
    "percentile": 7.915658486000692
  },
  "recent_change": {
    "change_cfs": 0.0,
    "change_pct": 0.0
  },
  "summary": "Low Flow conditions (avg: 2189 cfs, trend: decreasing)",
  "analysis_date": "2026-01-23 18:47:09",
  "sites_analyzed": [
    "01646500",
    "01491000"
  ]
}