{
  "mean_flow": 1118.9604531410916,
  "median_flow": 1450.0,
  "std_flow": 642.2615644462188,
  "min_flow": 14.2,
  "max_flow": 1770.0,
  "total_records": 2913,
  "percentile_25": 19.1,
  "percentile_75": 1520.0,
  "percentile_90": 1600.0,
  "trend": {
    "slope": -0.0002718276202594342,
    "direction": "decreasing",
    "r_squared": 0.006414764117371589,
    "p_value": 1.5056981956226036e-05
  },
  "trend_slope": -0.0002718276202594342,
  "trend_direction": "decreasing",
  "anomalies": [],
  "anomaly_count": 0,
  "flow_status": {
    "status": "Low Flow",
    "latest_flow": 14.8,
    "percentile": 3.8791623755578444
  },
  "recent_change": {
    "change_cfs": 0.0,
    "change_pct": 0.0
  },
  "summary": "Low Flow conditions (avg: 1119 cfs, trend: decreasing)",
  "analysis_date": "2025-10-29 18:38:10",
  "sites_analyzed": [
    "01646500",
    "01491000"
  ]
}