{
  "mean_flow": 4517.906889424733,
  "median_flow": 5360.0,
  "std_flow": 2672.7929063216743,
  "min_flow": 70.9,
  "max_flow": 7910.0,
  "total_records": 2903,
  "percentile_25": 2401.0,
  "percentile_75": 6380.0,
  "percentile_90": 7160.0,
  "trend": {
    "slope": -0.003472964995428354,
    "direction": "decreasing",
    "r_squared": 0.06018828442145998,
    "p_value": 4.724185923733883e-41
  },
  "trend_slope": -0.003472964995428354,
  "trend_direction": "decreasing",
  "anomalies": [],
  "anomaly_count": 0,
  "flow_status": {
    "status": "Normal",
    "latest_flow": 4880.0,
    "percentile": 34.653806407165
  },
  "recent_change": {
    "change_cfs": 0.0,
    "change_pct": 0.0
  },
  "summary": "Normal conditions (avg: 4518 cfs, trend: decreasing)",
  "analysis_date": "2026-04-16 18:08:53",
  "sites_analyzed": [
    "01646500",
    "01491000"
  ]
}