{
  "mean_flow": 1848.4867401215804,
  "median_flow": 2350.0,
  "std_flow": 1063.7569626534898,
  "min_flow": 23.4,
  "max_flow": 2850.0,
  "total_records": 2632,
  "percentile_25": 1499.45,
  "percentile_75": 2600.0,
  "percentile_90": 2700.0,
  "trend": {
    "slope": -0.00048090450830488347,
    "direction": "decreasing",
    "r_squared": 0.00600897589583686,
    "p_value": 6.862933389043686e-05
  },
  "trend_slope": -0.00048090450830488347,
  "trend_direction": "decreasing",
  "anomalies": [],
  "anomaly_count": 0,
  "flow_status": {
    "status": "Normal",
    "latest_flow": 2120.0,
    "percentile": 36.132218844984806
  },
  "recent_change": {
    "change_cfs": 0.0,
    "change_pct": 0.0
  },
  "summary": "Normal conditions (avg: 1848 cfs, trend: decreasing)",
  "analysis_date": "2025-12-09 02:08:41",
  "sites_analyzed": [
    "01646500",
    "01491000"
  ]
}