{
  "mean_flow": 1111.8666666666666,
  "median_flow": 1450.0,
  "std_flow": 639.227863846386,
  "min_flow": 14.2,
  "max_flow": 1980.0,
  "total_records": 2817,
  "percentile_25": 19.1,
  "percentile_75": 1480.0,
  "percentile_90": 1560.0,
  "trend": {
    "slope": -0.00010702750936277137,
    "direction": "stable",
    "r_squared": 0.0009388471342407583,
    "p_value": 0.10396597704810756
  },
  "trend_slope": -0.00010702750936277137,
  "trend_direction": "stable",
  "anomalies": [],
  "anomaly_count": 0,
  "flow_status": {
    "status": "Below Normal",
    "latest_flow": 18.7,
    "percentile": 24.494142705005327
  },
  "recent_change": {
    "change_cfs": 1.3999999999999986,
    "change_pct": 8.09248554913294
  },
  "summary": "Below Normal conditions (avg: 1112 cfs, trend: stable)",
  "analysis_date": "2025-10-30 12:55:59",
  "sites_analyzed": [
    "01646500",
    "01491000"
  ]
}