{
  "mean_flow": 2758.537629418065,
  "median_flow": 3450.0,
  "std_flow": 1583.551566620995,
  "min_flow": 49.8,
  "max_flow": 4110.0,
  "total_records": 2801,
  "percentile_25": 61.5,
  "percentile_75": 3920.0,
  "percentile_90": 4050.0,
  "trend": {
    "slope": -0.0011153744401386479,
    "direction": "decreasing",
    "r_squared": 0.01642653052797313,
    "p_value": 9.88366041733448e-12
  },
  "trend_slope": -0.0011153744401386479,
  "trend_direction": "decreasing",
  "anomalies": [],
  "anomaly_count": 0,
  "flow_status": {
    "status": "Low Flow",
    "latest_flow": 49.8,
    "percentile": 1.3923598714744734
  },
  "recent_change": {
    "change_cfs": 0.0,
    "change_pct": 0.0
  },
  "summary": "Low Flow conditions (avg: 2759 cfs, trend: decreasing)",
  "analysis_date": "2026-04-28 11:45:09",
  "sites_analyzed": [
    "01646500",
    "01491000"
  ]
}