{
  "mean_flow": 1858.994438502674,
  "median_flow": 2260.0,
  "std_flow": 1106.5417973056713,
  "min_flow": 38.1,
  "max_flow": 3230.0,
  "total_records": 2805,
  "percentile_25": 46.7,
  "percentile_75": 2550.0,
  "percentile_90": 2960.0,
  "trend": {
    "slope": -0.001098954128113379,
    "direction": "decreasing",
    "r_squared": 0.03576251635165668,
    "p_value": 5.38501941770945e-24
  },
  "trend_slope": -0.001098954128113379,
  "trend_direction": "decreasing",
  "anomalies": [],
  "anomaly_count": 0,
  "flow_status": {
    "status": "Low Flow",
    "latest_flow": 38.1,
    "percentile": 0.6060606060606061
  },
  "recent_change": {
    "change_cfs": -2171.9,
    "change_pct": -98.27601809954751
  },
  "summary": "Low Flow conditions (avg: 1859 cfs, trend: decreasing)",
  "analysis_date": "2026-01-02 18:39:53",
  "sites_analyzed": [
    "01646500",
    "01491000"
  ]
}