{
  "mean_flow": 1354.0221903052063,
  "median_flow": 1690.0,
  "std_flow": 784.5630487749872,
  "min_flow": 22.0,
  "max_flow": 2260.0,
  "total_records": 2785,
  "percentile_25": 28.2,
  "percentile_75": 1850.0,
  "percentile_90": 2030.0,
  "trend": {
    "slope": 0.000687874259101771,
    "direction": "increasing",
    "r_squared": 0.025162652628091604,
    "p_value": 3.736984372967656e-17
  },
  "trend_slope": 0.000687874259101771,
  "trend_direction": "increasing",
  "anomalies": [],
  "anomaly_count": 0,
  "flow_status": {
    "status": "Below Normal",
    "latest_flow": 26.2,
    "percentile": 19.245960502693
  },
  "recent_change": {
    "change_cfs": 0.0,
    "change_pct": 0.0
  },
  "summary": "Below Normal conditions (avg: 1354 cfs, trend: increasing)",
  "analysis_date": "2025-11-27 12:57:30",
  "sites_analyzed": [
    "01646500",
    "01491000"
  ]
}