{
  "mean_flow": 1659.830035842294,
  "median_flow": 2070.0,
  "std_flow": 963.177325839946,
  "min_flow": 28.7,
  "max_flow": 2650.0,
  "total_records": 2790,
  "percentile_25": 47.7,
  "percentile_75": 2300.0,
  "percentile_90": 2550.0,
  "trend": {
    "slope": -0.0008882709880409418,
    "direction": "decreasing",
    "r_squared": 0.02808328127519471,
    "p_value": 5.066415717014078e-19
  },
  "trend_slope": -0.0008882709880409418,
  "trend_direction": "decreasing",
  "anomalies": [],
  "anomaly_count": 0,
  "flow_status": {
    "status": "Low Flow",
    "latest_flow": 29.3,
    "percentile": 5.017921146953405
  },
  "recent_change": {
    "change_cfs": 0.6000000000000014,
    "change_pct": 2.0905923344947785
  },
  "summary": "Low Flow conditions (avg: 1660 cfs, trend: decreasing)",
  "analysis_date": "2025-12-12 12:59:23",
  "sites_analyzed": [
    "01646500",
    "01491000"
  ]
}