{
  "mean_flow": 1564.6332624113475,
  "median_flow": 1850.0,
  "std_flow": 939.413571250861,
  "min_flow": 33.9,
  "max_flow": 3170.0,
  "total_records": 2820,
  "percentile_25": 298.0,
  "percentile_75": 2030.0,
  "percentile_90": 2650.0,
  "trend": {
    "slope": 0.0009439399810665243,
    "direction": "increasing",
    "r_squared": 0.03491468213626157,
    "p_value": 1.4267670050563772e-23
  },
  "trend_slope": 0.0009439399810665243,
  "trend_direction": "increasing",
  "anomalies": [],
  "anomaly_count": 0,
  "flow_status": {
    "status": "Below Normal",
    "latest_flow": 293.0,
    "percentile": 24.75177304964539
  },
  "recent_change": {
    "change_cfs": -2057.0,
    "change_pct": -87.53191489361703
  },
  "summary": "Below Normal conditions (avg: 1565 cfs, trend: increasing)",
  "analysis_date": "2026-01-12 18:44:20",
  "sites_analyzed": [
    "01646500",
    "01491000"
  ]
}