{
  "mean_flow": 1848.9078605504587,
  "median_flow": 2400.0,
  "std_flow": 1084.1802884834174,
  "min_flow": 1.04,
  "max_flow": 3010.0,
  "total_records": 2725,
  "percentile_25": 9.75,
  "percentile_75": 2550.0,
  "percentile_90": 2750.0,
  "trend": {
    "slope": -0.0008391704693307138,
    "direction": "decreasing",
    "r_squared": 0.018860671677647,
    "p_value": 6.025546977718118e-13
  },
  "trend_slope": -0.0008391704693307138,
  "trend_direction": "decreasing",
  "anomalies": [],
  "anomaly_count": 0,
  "flow_status": {
    "status": "Normal",
    "latest_flow": 2030.0,
    "percentile": 28.77064220183486
  },
  "recent_change": {
    "change_cfs": 0.0,
    "change_pct": 0.0
  },
  "summary": "Normal conditions (avg: 1849 cfs, trend: decreasing)",
  "analysis_date": "2026-07-05 07:27:11",
  "sites_analyzed": [
    "01646500",
    "01491000"
  ]
}