{
  "mean_flow": 10231.444444444445,
  "median_flow": 8250.0,
  "std_flow": 10215.90998850996,
  "min_flow": 65.7,
  "max_flow": 32800.0,
  "total_records": 2088,
  "percentile_25": 242.0,
  "percentile_75": 16700.0,
  "percentile_90": 28829.999999999996,
  "trend": {
    "slope": 0.039002432507693044,
    "direction": "increasing",
    "r_squared": 0.42857692273290826,
    "p_value": 8.568397164650713e-256
  },
  "trend_slope": 0.039002432507693044,
  "trend_direction": "increasing",
  "anomalies": [],
  "anomaly_count": 0,
  "flow_status": {
    "status": "Normal",
    "latest_flow": 447.0,
    "percentile": 28.544061302681996
  },
  "recent_change": {
    "change_cfs": -18.0,
    "change_pct": -3.870967741935484
  },
  "summary": "Normal conditions (avg: 10231 cfs, trend: increasing)",
  "analysis_date": "2026-02-22 18:49:06",
  "sites_analyzed": [
    "01646500",
    "01491000"
  ]
}