{
  "mean_flow": 11505.228003784296,
  "median_flow": 8600.0,
  "std_flow": 10838.429338613263,
  "min_flow": 96.6,
  "max_flow": 32800.0,
  "total_records": 2114,
  "percentile_25": 445.0,
  "percentile_75": 17100.0,
  "percentile_90": 30900.0,
  "trend": {
    "slope": 0.042874927926559885,
    "direction": "increasing",
    "r_squared": 0.4144952501460998,
    "p_value": 8.762307044752724e-248
  },
  "trend_slope": 0.042874927926559885,
  "trend_direction": "increasing",
  "anomalies": [],
  "anomaly_count": 0,
  "flow_status": {
    "status": "Below Normal",
    "latest_flow": 404.0,
    "percentile": 22.989593188268685
  },
  "recent_change": {
    "change_cfs": -8.0,
    "change_pct": -1.9417475728155338
  },
  "summary": "Below Normal conditions (avg: 11505 cfs, trend: increasing)",
  "analysis_date": "2026-02-23 02:53:31",
  "sites_analyzed": [
    "01646500",
    "01491000"
  ]
}