{
  "mean_flow": 1894.4207266435988,
  "median_flow": 2450.0,
  "std_flow": 1098.727028114003,
  "min_flow": 22.0,
  "max_flow": 3120.0,
  "total_records": 2890,
  "percentile_25": 39.225,
  "percentile_75": 2600.0,
  "percentile_90": 2800.0,
  "trend": {
    "slope": 8.786837817856971e-05,
    "direction": "stable",
    "r_squared": 0.00022699850842368923,
    "p_value": 0.4181415443216123
  },
  "trend_slope": 8.786837817856971e-05,
  "trend_direction": "stable",
  "anomalies": [],
  "anomaly_count": 0,
  "flow_status": {
    "status": "Below Normal",
    "latest_flow": 25.7,
    "percentile": 10.761245674740485
  },
  "recent_change": {
    "change_cfs": 0.0,
    "change_pct": 0.0
  },
  "summary": "Below Normal conditions (avg: 1894 cfs, trend: stable)",
  "analysis_date": "2026-05-22 17:52:56",
  "sites_analyzed": [
    "01646500",
    "01491000"
  ]
}