{
  "mean_flow": 2766.0197219288984,
  "median_flow": 2070.0,
  "std_flow": 2402.531226320591,
  "min_flow": 1.04,
  "max_flow": 9040.0,
  "total_records": 2841,
  "percentile_25": 14.8,
  "percentile_75": 3800.0,
  "percentile_90": 6840.0,
  "trend": {
    "slope": 0.006805971361857108,
    "direction": "increasing",
    "r_squared": 0.2747600617581854,
    "p_value": 2.5658442343000836e-200
  },
  "trend_slope": 0.006805971361857108,
  "trend_direction": "increasing",
  "anomalies": [],
  "anomaly_count": 0,
  "flow_status": {
    "status": "Normal",
    "latest_flow": 14.8,
    "percentile": 25.131995776135163
  },
  "recent_change": {
    "change_cfs": 0.0,
    "change_pct": 0.0
  },
  "summary": "Normal conditions (avg: 2766 cfs, trend: increasing)",
  "analysis_date": "2026-07-11 14:52:49",
  "sites_analyzed": [
    "01646500",
    "01491000"
  ]
}