{
  "mean_flow": 2086.9438050101558,
  "median_flow": 2450.0,
  "std_flow": 1378.1831534206103,
  "min_flow": 22.0,
  "max_flow": 6230.0,
  "total_records": 2954,
  "percentile_25": 36.6,
  "percentile_75": 2750.0,
  "percentile_90": 3120.0,
  "trend": {
    "slope": 0.0018590844253732503,
    "direction": "increasing",
    "r_squared": 0.06747175724099809,
    "p_value": 9.362206960574717e-47
  },
  "trend_slope": 0.0018590844253732503,
  "trend_direction": "increasing",
  "anomalies": [],
  "anomaly_count": 0,
  "flow_status": {
    "status": "Below Normal",
    "latest_flow": 35.5,
    "percentile": 24.915368991198374
  },
  "recent_change": {
    "change_cfs": 1.6000000000000014,
    "change_pct": 4.719764011799414
  },
  "summary": "Below Normal conditions (avg: 2087 cfs, trend: increasing)",
  "analysis_date": "2026-05-23 21:55:10",
  "sites_analyzed": [
    "01646500",
    "01491000"
  ]
}