{
  "mean_flow": 5313.313741258741,
  "median_flow": 6690.0,
  "std_flow": 3101.1739554162955,
  "min_flow": 85.0,
  "max_flow": 8340.0,
  "total_records": 2860,
  "percentile_25": 155.0,
  "percentile_75": 7570.0,
  "percentile_90": 7990.0,
  "trend": {
    "slope": -0.002740753037278654,
    "direction": "decreasing",
    "r_squared": 0.027640368190454442,
    "p_value": 3.569286884688822e-19
  },
  "trend_slope": -0.002740753037278654,
  "trend_direction": "decreasing",
  "anomalies": [],
  "anomaly_count": 0,
  "flow_status": {
    "status": "Normal",
    "latest_flow": 5570.0,
    "percentile": 26.888111888111887
  },
  "recent_change": {
    "change_cfs": -70.0,
    "change_pct": -1.2411347517730498
  },
  "summary": "Normal conditions (avg: 5313 cfs, trend: decreasing)",
  "analysis_date": "2026-04-13 17:05:20",
  "sites_analyzed": [
    "01646500",
    "01491000"
  ]
}