{
  "mean_flow": 6894.95491657792,
  "median_flow": 6380.0,
  "std_flow": 5243.729714065566,
  "min_flow": 21.2,
  "max_flow": 19000.0,
  "total_records": 2817,
  "percentile_25": 36.4,
  "percentile_75": 10300.0,
  "percentile_90": 14400.0,
  "trend": {
    "slope": -0.01554739544991192,
    "direction": "decreasing",
    "r_squared": 0.2944083585218024,
    "p_value": 1.9110306590063902e-215
  },
  "trend_slope": -0.01554739544991192,
  "trend_direction": "decreasing",
  "anomalies": [],
  "anomaly_count": 0,
  "flow_status": {
    "status": "Below Normal",
    "latest_flow": 24.8,
    "percentile": 14.376996805111823
  },
  "recent_change": {
    "change_cfs": 0.0,
    "change_pct": 0.0
  },
  "summary": "Below Normal conditions (avg: 6895 cfs, trend: decreasing)",
  "analysis_date": "2026-06-08 12:31:26",
  "sites_analyzed": [
    "01646500",
    "01491000"
  ]
}