{
  "mean_flow": 2647.97976979421,
  "median_flow": 3400.0,
  "std_flow": 1516.4676944510074,
  "min_flow": 41.8,
  "max_flow": 4110.0,
  "total_records": 2867,
  "percentile_25": 56.6,
  "percentile_75": 3570.0,
  "percentile_90": 3740.0,
  "trend": {
    "slope": 0.0005795541153094682,
    "direction": "increasing",
    "r_squared": 0.005136601899173212,
    "p_value": 0.00012263580867385204
  },
  "trend_slope": 0.0005795541153094682,
  "trend_direction": "increasing",
  "anomalies": [],
  "anomaly_count": 0,
  "flow_status": {
    "status": "Low Flow",
    "latest_flow": 43.7,
    "percentile": 3.8716428322288103
  },
  "recent_change": {
    "change_cfs": 0.0,
    "change_pct": 0.0
  },
  "summary": "Low Flow conditions (avg: 2648 cfs, trend: increasing)",
  "analysis_date": "2026-05-03 16:53:54",
  "sites_analyzed": [
    "01646500",
    "01491000"
  ]
}