{
  "mean_flow": 2772.7365685205377,
  "median_flow": 3570.0,
  "std_flow": 1593.7187734011757,
  "min_flow": 40.8,
  "max_flow": 4230.0,
  "total_records": 2751,
  "percentile_25": 53.1,
  "percentile_75": 3800.0,
  "percentile_90": 4050.0,
  "trend": {
    "slope": 0.000999431680614997,
    "direction": "increasing",
    "r_squared": 0.012740114248462955,
    "p_value": 2.9129844537051225e-09
  },
  "trend_slope": 0.000999431680614997,
  "trend_direction": "increasing",
  "anomalies": [],
  "anomaly_count": 0,
  "flow_status": {
    "status": "Above Normal",
    "latest_flow": 3800.0,
    "percentile": 75.64521992002908
  },
  "recent_change": {
    "change_cfs": -60.0,
    "change_pct": -1.5544041450777202
  },
  "summary": "Above Normal conditions (avg: 2773 cfs, trend: increasing)",
  "analysis_date": "2026-05-05 09:06:50",
  "sites_analyzed": [
    "01646500",
    "01491000"
  ]
}