{
  "mean_flow": 1738.253510638298,
  "median_flow": 1980.0,
  "std_flow": 1024.6028952319957,
  "min_flow": 33.9,
  "max_flow": 3170.0,
  "total_records": 2820,
  "percentile_25": 306.0,
  "percentile_75": 2600.0,
  "percentile_90": 2750.0,
  "trend": {
    "slope": 0.0012362443386466594,
    "direction": "increasing",
    "r_squared": 0.052699306576230946,
    "p_value": 4.838280008623544e-35
  },
  "trend_slope": 0.0012362443386466594,
  "trend_direction": "increasing",
  "anomalies": [],
  "anomaly_count": 0,
  "flow_status": {
    "status": "Below Normal",
    "latest_flow": 110.0,
    "percentile": 14.574468085106382
  },
  "recent_change": {
    "change_cfs": -2640.0,
    "change_pct": -96.0
  },
  "summary": "Below Normal conditions (avg: 1738 cfs, trend: increasing)",
  "analysis_date": "2026-01-14 18:44:52",
  "sites_analyzed": [
    "01646500",
    "01491000"
  ]
}