{
  "mean_flow": 1779.327095292767,
  "median_flow": 2260.0,
  "std_flow": 1043.583848981552,
  "min_flow": 38.1,
  "max_flow": 2960.0,
  "total_records": 2613,
  "percentile_25": 45.7,
  "percentile_75": 2400.0,
  "percentile_90": 2650.0,
  "trend": {
    "slope": -0.0006727817428203337,
    "direction": "decreasing",
    "r_squared": 0.013167690688411228,
    "p_value": 4.043687806301749e-09
  },
  "trend_slope": -0.0006727817428203337,
  "trend_direction": "decreasing",
  "anomalies": [],
  "anomaly_count": 0,
  "flow_status": {
    "status": "Low Flow",
    "latest_flow": 38.1,
    "percentile": 2.066590126291619
  },
  "recent_change": {
    "change_cfs": -2221.9,
    "change_pct": -98.3141592920354
  },
  "summary": "Low Flow conditions (avg: 1779 cfs, trend: decreasing)",
  "analysis_date": "2026-01-03 06:41:16",
  "sites_analyzed": [
    "01646500",
    "01491000"
  ]
}