{
  "mean_flow": 2832.2006519377037,
  "median_flow": 3510.0,
  "std_flow": 1627.315610084799,
  "min_flow": 49.8,
  "max_flow": 4170.0,
  "total_records": 2761,
  "percentile_25": 64.0,
  "percentile_75": 3980.0,
  "percentile_90": 4050.0,
  "trend": {
    "slope": -0.0010065290351879707,
    "direction": "decreasing",
    "r_squared": 0.012384903804620234,
    "p_value": 4.5403767432763896e-09
  },
  "trend_slope": -0.0010065290351879707,
  "trend_direction": "decreasing",
  "anomalies": [],
  "anomaly_count": 0,
  "flow_status": {
    "status": "Normal",
    "latest_flow": 3280.0,
    "percentile": 25.3893516841724
  },
  "recent_change": {
    "change_cfs": -60.0,
    "change_pct": -1.7964071856287425
  },
  "summary": "Normal conditions (avg: 2832 cfs, trend: decreasing)",
  "analysis_date": "2026-04-27 10:18:25",
  "sites_analyzed": [
    "01646500",
    "01491000"
  ]
}