{
  "mean_flow": 1184.3345997786794,
  "median_flow": 1520.0,
  "std_flow": 689.7189296976163,
  "min_flow": 24.8,
  "max_flow": 1890.0,
  "total_records": 2711,
  "percentile_25": 40.8,
  "percentile_75": 1640.0,
  "percentile_90": 1680.0,
  "trend": {
    "slope": -0.00023038583435787532,
    "direction": "decreasing",
    "r_squared": 0.003604148357193746,
    "p_value": 0.0017647112939290853
  },
  "trend_slope": -0.00023038583435787532,
  "trend_direction": "decreasing",
  "anomalies": [],
  "anomaly_count": 0,
  "flow_status": {
    "status": "Low Flow",
    "latest_flow": 24.8,
    "percentile": 0.07377351530800443
  },
  "recent_change": {
    "change_cfs": -1425.2,
    "change_pct": -98.28965517241379
  },
  "summary": "Low Flow conditions (avg: 1184 cfs, trend: decreasing)",
  "analysis_date": "2025-11-18 12:56:42",
  "sites_analyzed": [
    "01646500",
    "01491000"
  ]
}