{
  "mean_flow": 1103.6953325983095,
  "median_flow": 1450.0,
  "std_flow": 632.1330129453875,
  "min_flow": 14.2,
  "max_flow": 1680.0,
  "total_records": 2721,
  "percentile_25": 19.1,
  "percentile_75": 1480.0,
  "percentile_90": 1520.0,
  "trend": {
    "slope": -0.00020187411844754257,
    "direction": "decreasing",
    "r_squared": 0.0031867565393705046,
    "p_value": 0.0032224546500565394
  },
  "trend_slope": -0.00020187411844754257,
  "trend_direction": "decreasing",
  "anomalies": [],
  "anomaly_count": 0,
  "flow_status": {
    "status": "Below Normal",
    "latest_flow": 15.4,
    "percentile": 12.78941565600882
  },
  "recent_change": {
    "change_cfs": 0.0,
    "change_pct": 0.0
  },
  "summary": "Below Normal conditions (avg: 1104 cfs, trend: decreasing)",
  "analysis_date": "2025-10-30 06:38:16",
  "sites_analyzed": [
    "01646500",
    "01491000"
  ]
}