{
  "mean_flow": 2228.684709366901,
  "median_flow": 2650.0,
  "std_flow": 1357.615942312724,
  "min_flow": 59.0,
  "max_flow": 3920.0,
  "total_records": 2701,
  "percentile_25": 89.5,
  "percentile_75": 3170.0,
  "percentile_90": 3740.0,
  "trend": {
    "slope": -0.0025235320133465463,
    "direction": "decreasing",
    "r_squared": 0.10658522714306412,
    "p_value": 4.142957649840269e-68
  },
  "trend_slope": -0.0025235320133465463,
  "trend_direction": "decreasing",
  "anomalies": [],
  "anomaly_count": 0,
  "flow_status": {
    "status": "Low Flow",
    "latest_flow": 62.7,
    "percentile": 6.812291743798593
  },
  "recent_change": {
    "change_cfs": 0.0,
    "change_pct": 0.0
  },
  "summary": "Low Flow conditions (avg: 2229 cfs, trend: decreasing)",
  "analysis_date": "2026-01-23 06:48:28",
  "sites_analyzed": [
    "01646500",
    "01491000"
  ]
}