{
  "mean_flow": 2454.6239615516647,
  "median_flow": 2960.0,
  "std_flow": 1434.9604835165126,
  "min_flow": 33.9,
  "max_flow": 4050.0,
  "total_records": 2913,
  "percentile_25": 43.7,
  "percentile_75": 3510.0,
  "percentile_90": 3740.0,
  "trend": {
    "slope": -0.0014292604786003593,
    "direction": "decreasing",
    "r_squared": 0.03552714247433679,
    "p_value": 1.0586539518320334e-24
  },
  "trend_slope": -0.0014292604786003593,
  "trend_direction": "decreasing",
  "anomalies": [],
  "anomaly_count": 0,
  "flow_status": {
    "status": "Below Normal",
    "latest_flow": 37.2,
    "percentile": 16.75248884311706
  },
  "recent_change": {
    "change_cfs": -1.7999999999999972,
    "change_pct": -4.615384615384608
  },
  "summary": "Below Normal conditions (avg: 2455 cfs, trend: decreasing)",
  "analysis_date": "2026-05-12 18:55:46",
  "sites_analyzed": [
    "01646500",
    "01491000"
  ]
}