{
  "mean_flow": 3017.301840721262,
  "median_flow": 3980.0,
  "std_flow": 1737.0361787881704,
  "min_flow": 50.9,
  "max_flow": 4680.0,
  "total_records": 2662,
  "percentile_25": 67.4,
  "percentile_75": 4110.0,
  "percentile_90": 4230.0,
  "trend": {
    "slope": -0.0008847583711436818,
    "direction": "decreasing",
    "r_squared": 0.008036416838102224,
    "p_value": 3.6143823507499094e-06
  },
  "trend_slope": -0.0008847583711436818,
  "trend_direction": "decreasing",
  "anomalies": [],
  "anomaly_count": 0,
  "flow_status": {
    "status": "Normal",
    "latest_flow": 3400.0,
    "percentile": 26.93463561232156
  },
  "recent_change": {
    "change_cfs": 0.0,
    "change_pct": 0.0
  },
  "summary": "Normal conditions (avg: 3017 cfs, trend: decreasing)",
  "analysis_date": "2026-04-25 05:12:32",
  "sites_analyzed": [
    "01646500",
    "01491000"
  ]
}