{
  "mean_flow": 5287.947836538461,
  "median_flow": 6690.0,
  "std_flow": 3097.750789387731,
  "min_flow": 82.8,
  "max_flow": 8340.0,
  "total_records": 2912,
  "percentile_25": 153.0,
  "percentile_75": 7570.0,
  "percentile_90": 7990.0,
  "trend": {
    "slope": -0.0028223175931249562,
    "direction": "decreasing",
    "r_squared": 0.030431720301299633,
    "p_value": 2.4844762428793803e-21
  },
  "trend_slope": -0.0028223175931249562,
  "trend_direction": "decreasing",
  "anomalies": [],
  "anomaly_count": 0,
  "flow_status": {
    "status": "Low Flow",
    "latest_flow": 82.8,
    "percentile": 0.2403846153846154
  },
  "recent_change": {
    "change_cfs": 0.0,
    "change_pct": 0.0
  },
  "summary": "Low Flow conditions (avg: 5288 cfs, trend: decreasing)",
  "analysis_date": "2026-04-13 20:58:01",
  "sites_analyzed": [
    "01646500",
    "01491000"
  ]
}