{
  "mean_flow": 2645.7969942586965,
  "median_flow": 3400.0,
  "std_flow": 1509.8539933083614,
  "min_flow": 49.8,
  "max_flow": 4050.0,
  "total_records": 2961,
  "percentile_25": 57.8,
  "percentile_75": 3510.0,
  "percentile_90": 3800.0,
  "trend": {
    "slope": -0.00038029595206312203,
    "direction": "decreasing",
    "r_squared": 0.0023473843618100855,
    "p_value": 0.008368343600873924
  },
  "trend_slope": -0.00038029595206312203,
  "trend_direction": "decreasing",
  "anomalies": [],
  "anomaly_count": 0,
  "flow_status": {
    "status": "Below Normal",
    "latest_flow": 50.9,
    "percentile": 11.279972982100642
  },
  "recent_change": {
    "change_cfs": -3749.1,
    "change_pct": -98.66052631578948
  },
  "summary": "Below Normal conditions (avg: 2646 cfs, trend: decreasing)",
  "analysis_date": "2026-04-30 21:56:13",
  "sites_analyzed": [
    "01646500",
    "01491000"
  ]
}