{
  "mean_flow": 2830.1330666666668,
  "median_flow": 3630.0,
  "std_flow": 1633.494302614168,
  "min_flow": 35.5,
  "max_flow": 4230.0,
  "total_records": 2625,
  "percentile_25": 52.0,
  "percentile_75": 3860.0,
  "percentile_90": 4050.0,
  "trend": {
    "slope": 0.0002284673364705407,
    "direction": "stable",
    "r_squared": 0.0005838242686062875,
    "p_value": 0.2158835186347854
  },
  "trend_slope": 0.0002284673364705407,
  "trend_direction": "stable",
  "anomalies": [],
  "anomaly_count": 0,
  "flow_status": {
    "status": "Low Flow",
    "latest_flow": 35.5,
    "percentile": 0.9523809523809524
  },
  "recent_change": {
    "change_cfs": -3764.5,
    "change_pct": -99.0657894736842
  },
  "summary": "Low Flow conditions (avg: 2830 cfs, trend: stable)",
  "analysis_date": "2026-05-07 02:50:37",
  "sites_analyzed": [
    "01646500",
    "01491000"
  ]
}