{
  "mean_flow": 1183.0250945342043,
  "median_flow": 1520.0,
  "std_flow": 678.6611513047346,
  "min_flow": 16.7,
  "max_flow": 1890.0,
  "total_records": 2909,
  "percentile_25": 26.2,
  "percentile_75": 1640.0,
  "percentile_90": 1680.0,
  "trend": {
    "slope": -0.00012945921222562058,
    "direction": "stable",
    "r_squared": 0.0013048887749852653,
    "p_value": 0.051401697097219506
  },
  "trend_slope": -0.00012945921222562058,
  "trend_direction": "stable",
  "anomalies": [],
  "anomaly_count": 0,
  "flow_status": {
    "status": "Below Normal",
    "latest_flow": 18.7,
    "percentile": 10.415950498453077
  },
  "recent_change": {
    "change_cfs": 0.6999999999999993,
    "change_pct": 3.888888888888885
  },
  "summary": "Below Normal conditions (avg: 1183 cfs, trend: stable)",
  "analysis_date": "2025-10-21 18:37:19",
  "sites_analyzed": [
    "01646500",
    "01491000"
  ]
}