{
  "mean_flow": 6700.362246028814,
  "median_flow": 8600.0,
  "std_flow": 3870.1632995697814,
  "min_flow": 82.8,
  "max_flow": 9960.0,
  "total_records": 2707,
  "percentile_25": 120.0,
  "percentile_75": 9220.0,
  "percentile_90": 9500.0,
  "trend": {
    "slope": -0.0013420704210509403,
    "direction": "decreasing",
    "r_squared": 0.0038373483573622418,
    "p_value": 0.0012614690766964236
  },
  "trend_slope": -0.0013420704210509403,
  "trend_direction": "decreasing",
  "anomalies": [],
  "anomaly_count": 0,
  "flow_status": {
    "status": "Low Flow",
    "latest_flow": 82.8,
    "percentile": 2.5489471739933505
  },
  "recent_change": {
    "change_cfs": -9047.2,
    "change_pct": -99.09309967141293
  },
  "summary": "Low Flow conditions (avg: 6700 cfs, trend: decreasing)",
  "analysis_date": "2026-03-31 07:40:50",
  "sites_analyzed": [
    "01646500",
    "01491000"
  ]
}