{
  "mean_flow": 1895.703293061788,
  "median_flow": 2400.0,
  "std_flow": 1110.972992794909,
  "min_flow": 6.51,
  "max_flow": 3450.0,
  "total_records": 2897,
  "percentile_25": 16.4,
  "percentile_75": 2500.0,
  "percentile_90": 2850.0,
  "trend": {
    "slope": 7.739923626653297e-05,
    "direction": "stable",
    "r_squared": 0.00017190979484271965,
    "p_value": 0.48054082774938855
  },
  "trend_slope": 7.739923626653297e-05,
  "trend_direction": "stable",
  "anomalies": [],
  "anomaly_count": 0,
  "flow_status": {
    "status": "Low Flow",
    "latest_flow": 6.51,
    "percentile": 0.44874007594062826
  },
  "recent_change": {
    "change_cfs": 0.0,
    "change_pct": 0.0
  },
  "summary": "Low Flow conditions (avg: 1896 cfs, trend: stable)",
  "analysis_date": "2026-06-26 17:49:35",
  "sites_analyzed": [
    "01646500",
    "01491000"
  ]
}