{
  "mean_flow": 11949.77899543379,
  "median_flow": 8690.0,
  "std_flow": 11143.784434578967,
  "min_flow": 96.6,
  "max_flow": 32800.0,
  "total_records": 2190,
  "percentile_25": 447.5,
  "percentile_75": 18100.0,
  "percentile_90": 30900.0,
  "trend": {
    "slope": 0.043366787525949864,
    "direction": "increasing",
    "r_squared": 0.42213352492717165,
    "p_value": 7.213655129293916e-263
  },
  "trend_slope": 0.043366787525949864,
  "trend_direction": "increasing",
  "anomalies": [],
  "anomaly_count": 0,
  "flow_status": {
    "status": "Above Normal",
    "latest_flow": 30400.0,
    "percentile": 84.79452054794521
  },
  "recent_change": {
    "change_cfs": 29979.0,
    "change_pct": 7120.902612826603
  },
  "summary": "Above Normal conditions (avg: 11950 cfs, trend: increasing)",
  "analysis_date": "2026-02-23 07:17:23",
  "sites_analyzed": [
    "01646500",
    "01491000"
  ]
}