{
  "mean_flow": 1335.599035369775,
  "median_flow": 1680.0,
  "std_flow": 789.5442697882535,
  "min_flow": 17.7,
  "max_flow": 2160.0,
  "total_records": 2799,
  "percentile_25": 42.7,
  "percentile_75": 1890.0,
  "percentile_90": 1980.0,
  "trend": {
    "slope": -0.0006539073286229092,
    "direction": "decreasing",
    "r_squared": 0.02499935649291671,
    "p_value": 3.954508665865173e-17
  },
  "trend_slope": -0.0006539073286229092,
  "trend_direction": "decreasing",
  "anomalies": [],
  "anomaly_count": 0,
  "flow_status": {
    "status": "Below Normal",
    "latest_flow": 27.2,
    "percentile": 11.182565201857807
  },
  "recent_change": {
    "change_cfs": 0.0,
    "change_pct": 0.0
  },
  "summary": "Below Normal conditions (avg: 1336 cfs, trend: decreasing)",
  "analysis_date": "2025-11-14 18:37:38",
  "sites_analyzed": [
    "01646500",
    "01491000"
  ]
}