{
  "mean_flow": -749324.0101098069,
  "median_flow": -999999.0,
  "std_flow": 433498.047439392,
  "min_flow": -999999.0,
  "max_flow": 80.7,
  "total_records": 2641,
  "percentile_25": -999999.0,
  "percentile_75": 21.2,
  "percentile_90": 53.1,
  "trend": {
    "slope": 0.004785160675617732,
    "direction": "stable",
    "r_squared": 3.5868077972964496e-06,
    "p_value": 0.9225023603517077
  },
  "trend_slope": 0.004785160675617732,
  "trend_direction": "stable",
  "anomalies": [],
  "anomaly_count": 0,
  "flow_status": {
    "status": "High Flow",
    "latest_flow": 54.3,
    "percentile": 95.38053767512305
  },
  "recent_change": {
    "change_cfs": 0.0,
    "change_pct": 0.0
  },
  "summary": "High Flow conditions (avg: -749324 cfs, trend: stable)",
  "analysis_date": "2026-02-12 02:56:44",
  "sites_analyzed": [
    "01646500",
    "01491000"
  ]
}