{
  "mean_flow": -748941.5499431172,
  "median_flow": -999999.0,
  "std_flow": 433720.5808230504,
  "min_flow": -999999.0,
  "max_flow": 91.8,
  "total_records": 2637,
  "percentile_25": -999999.0,
  "percentile_75": 39.9,
  "percentile_90": 64.0,
  "trend": {
    "slope": 0.006461954655994451,
    "direction": "stable",
    "r_squared": 6.5386532238099134e-06,
    "p_value": 0.8955788213289622
  },
  "trend_slope": 0.006461954655994451,
  "trend_direction": "stable",
  "anomalies": [],
  "anomaly_count": 0,
  "flow_status": {
    "status": "High Flow",
    "latest_flow": 91.8,
    "percentile": 100.0
  },
  "recent_change": {
    "change_cfs": 4.599999999999994,
    "change_pct": 5.275229357798159
  },
  "summary": "High Flow conditions (avg: -748942 cfs, trend: stable)",
  "analysis_date": "2026-02-16 02:53:15",
  "sites_analyzed": [
    "01646500",
    "01491000"
  ]
}