{
  "mean_flow": 1661.8399713979265,
  "median_flow": 1940.0,
  "std_flow": 1019.3959292979548,
  "min_flow": 17.7,
  "max_flow": 3120.0,
  "total_records": 2797,
  "percentile_25": 42.7,
  "percentile_75": 2260.0,
  "percentile_90": 2900.0,
  "trend": {
    "slope": -0.0016183905539135235,
    "direction": "decreasing",
    "r_squared": 0.08339151277104014,
    "p_value": 7.386239154749156e-55
  },
  "trend_slope": -0.0016183905539135235,
  "trend_direction": "decreasing",
  "anomalies": [],
  "anomaly_count": 0,
  "flow_status": {
    "status": "Below Normal",
    "latest_flow": 41.8,
    "percentile": 24.061494458348232
  },
  "recent_change": {
    "change_cfs": 1.0,
    "change_pct": 2.450980392156863
  },
  "summary": "Below Normal conditions (avg: 1662 cfs, trend: decreasing)",
  "analysis_date": "2025-11-11 12:56:10",
  "sites_analyzed": [
    "01646500",
    "01491000"
  ]
}