{
  "mean_flow": 1179.1268857356235,
  "median_flow": 1520.0,
  "std_flow": 678.7283297387285,
  "min_flow": 19.1,
  "max_flow": 1770.0,
  "total_records": 2678,
  "percentile_25": 23.8,
  "percentile_75": 1600.0,
  "percentile_90": 1680.0,
  "trend": {
    "slope": 9.91534904897612e-05,
    "direction": "stable",
    "r_squared": 0.0006641070585110913,
    "p_value": 0.18246783985933912
  },
  "trend_slope": 9.91534904897612e-05,
  "trend_direction": "stable",
  "anomalies": [],
  "anomaly_count": 0,
  "flow_status": {
    "status": "Below Normal",
    "latest_flow": 22.9,
    "percentile": 21.47124719940254
  },
  "recent_change": {
    "change_cfs": -1707.1,
    "change_pct": -98.67630057803468
  },
  "summary": "Below Normal conditions (avg: 1179 cfs, trend: stable)",
  "analysis_date": "2025-11-21 06:40:38",
  "sites_analyzed": [
    "01646500",
    "01491000"
  ]
}