{
  "mean_flow": 6871.818778046255,
  "median_flow": 7820.0,
  "std_flow": 3981.8591579238823,
  "min_flow": 254.0,
  "max_flow": 13000.0,
  "total_records": 2897,
  "percentile_25": 568.0,
  "percentile_75": 9310.0,
  "percentile_90": 11300.0,
  "trend": {
    "slope": -0.005570456575090122,
    "direction": "decreasing",
    "r_squared": 0.06931768839541283,
    "p_value": 3.879532623655093e-47
  },
  "trend_slope": -0.005570456575090122,
  "trend_direction": "decreasing",
  "anomalies": [],
  "anomaly_count": 0,
  "flow_status": {
    "status": "Low Flow",
    "latest_flow": 262.0,
    "percentile": 2.830514325163963
  },
  "recent_change": {
    "change_cfs": -2.0,
    "change_pct": -0.7575757575757576
  },
  "summary": "Low Flow conditions (avg: 6872 cfs, trend: decreasing)",
  "analysis_date": "2026-03-06 18:58:12",
  "sites_analyzed": [
    "01646500",
    "01491000"
  ]
}