{
  "mean_flow": 16154.914925373134,
  "median_flow": 14200.0,
  "std_flow": 12548.510182953745,
  "min_flow": 23.4,
  "max_flow": 39100.0,
  "total_records": 2881,
  "percentile_25": 49.8,
  "percentile_75": 25500.0,
  "percentile_90": 35200.0,
  "trend": {
    "slope": -0.03377611498994552,
    "direction": "decreasing",
    "r_squared": 0.25378136404612445,
    "p_value": 2.8863387654732048e-185
  },
  "trend_slope": -0.03377611498994552,
  "trend_direction": "decreasing",
  "anomalies": [],
  "anomaly_count": 0,
  "flow_status": {
    "status": "Low Flow",
    "latest_flow": 23.4,
    "percentile": 0.03471017007983339
  },
  "recent_change": {
    "change_cfs": -0.40000000000000213,
    "change_pct": -1.680672268907572
  },
  "summary": "Low Flow conditions (avg: 16155 cfs, trend: decreasing)",
  "analysis_date": "2026-06-04 16:54:14",
  "sites_analyzed": [
    "01646500",
    "01491000"
  ]
}