{
  "mean_flow": 2036.9647487001732,
  "median_flow": 2500.0,
  "std_flow": 1171.6928686217084,
  "min_flow": 44.7,
  "max_flow": 3340.0,
  "total_records": 2885,
  "percentile_25": 202.0,
  "percentile_75": 2800.0,
  "percentile_90": 3120.0,
  "trend": {
    "slope": 0.0006463401631578905,
    "direction": "increasing",
    "r_squared": 0.01068942708583346,
    "p_value": 2.609503845130608e-08
  },
  "trend_slope": 0.0006463401631578905,
  "trend_direction": "increasing",
  "anomalies": [],
  "anomaly_count": 0,
  "flow_status": {
    "status": "Low Flow",
    "latest_flow": 45.7,
    "percentile": 7.4176776429809355
  },
  "recent_change": {
    "change_cfs": -2504.3,
    "change_pct": -98.20784313725491
  },
  "summary": "Low Flow conditions (avg: 2037 cfs, trend: increasing)",
  "analysis_date": "2025-12-28 18:38:51",
  "sites_analyzed": [
    "01646500",
    "01491000"
  ]
}