{
  "mean_flow": 1729.768041594454,
  "median_flow": 2120.0,
  "std_flow": 1005.1033536834884,
  "min_flow": 29.3,
  "max_flow": 2800.0,
  "total_records": 2885,
  "percentile_25": 56.6,
  "percentile_75": 2500.0,
  "percentile_90": 2600.0,
  "trend": {
    "slope": -0.0009570684905491726,
    "direction": "decreasing",
    "r_squared": 0.03199164046870651,
    "p_value": 3.628727817249262e-22
  },
  "trend_slope": -0.0009570684905491726,
  "trend_direction": "decreasing",
  "anomalies": [],
  "anomaly_count": 0,
  "flow_status": {
    "status": "Low Flow",
    "latest_flow": 29.3,
    "percentile": 2.5303292894280762
  },
  "recent_change": {
    "change_cfs": -1820.7,
    "change_pct": -98.41621621621623
  },
  "summary": "Low Flow conditions (avg: 1730 cfs, trend: decreasing)",
  "analysis_date": "2025-12-11 18:41:38",
  "sites_analyzed": [
    "01646500",
    "01491000"
  ]
}