{
  "mean_flow": 2612.069736366919,
  "median_flow": 3400.0,
  "std_flow": 1486.0222170894663,
  "min_flow": 47.7,
  "max_flow": 3920.0,
  "total_records": 2769,
  "percentile_25": 56.6,
  "percentile_75": 3510.0,
  "percentile_90": 3690.0,
  "trend": {
    "slope": 6.07176251782924e-05,
    "direction": "stable",
    "r_squared": 5.402184508613018e-05,
    "p_value": 0.6990562708555572
  },
  "trend_slope": 6.07176251782924e-05,
  "trend_direction": "stable",
  "anomalies": [],
  "anomaly_count": 0,
  "flow_status": {
    "status": "Low Flow",
    "latest_flow": 47.7,
    "percentile": 0.3250270855904659
  },
  "recent_change": {
    "change_cfs": 0.0,
    "change_pct": 0.0
  },
  "summary": "Low Flow conditions (avg: 2612 cfs, trend: stable)",
  "analysis_date": "2026-05-01 09:47:47",
  "sites_analyzed": [
    "01646500",
    "01491000"
  ]
}