{
  "mean_flow": 10070.862839463733,
  "median_flow": 12700.0,
  "std_flow": 6465.349030969127,
  "min_flow": 140.0,
  "max_flow": 18300.0,
  "total_records": 2909,
  "percentile_25": 7570.0,
  "percentile_75": 15400.0,
  "percentile_90": 17600.0,
  "trend": {
    "slope": 0.009234810996765545,
    "direction": "increasing",
    "r_squared": 0.07286117073443578,
    "p_value": 9.593475567929631e-50
  },
  "trend_slope": 0.009234810996765545,
  "trend_direction": "increasing",
  "anomalies": [],
  "anomaly_count": 0,
  "flow_status": {
    "status": "Normal",
    "latest_flow": 13100.0,
    "percentile": 56.34238569955311
  },
  "recent_change": {
    "change_cfs": -100.0,
    "change_pct": -0.7575757575757576
  },
  "summary": "Normal conditions (avg: 10071 cfs, trend: increasing)",
  "analysis_date": "2026-03-12 19:04:43",
  "sites_analyzed": [
    "01646500",
    "01491000"
  ]
}