{
  "mean_flow": 2631.592384473198,
  "median_flow": 3400.0,
  "std_flow": 1501.6934227114277,
  "min_flow": 49.8,
  "max_flow": 4050.0,
  "total_records": 2705,
  "percentile_25": 57.8,
  "percentile_75": 3450.0,
  "percentile_90": 3860.0,
  "trend": {
    "slope": -0.0006500487868596283,
    "direction": "decreasing",
    "r_squared": 0.005786451769649878,
    "p_value": 7.488215710569143e-05
  },
  "trend_slope": -0.0006500487868596283,
  "trend_direction": "decreasing",
  "anomalies": [],
  "anomaly_count": 0,
  "flow_status": {
    "status": "Below Normal",
    "latest_flow": 50.9,
    "percentile": 10.462107208872458
  },
  "recent_change": {
    "change_cfs": -3459.1,
    "change_pct": -98.54985754985755
  },
  "summary": "Below Normal conditions (avg: 2632 cfs, trend: decreasing)",
  "analysis_date": "2026-04-30 05:59:12",
  "sites_analyzed": [
    "01646500",
    "01491000"
  ]
}