{
  "mean_flow": 2977.6150239561944,
  "median_flow": 3920.0,
  "std_flow": 1722.004853788322,
  "min_flow": 49.8,
  "max_flow": 4680.0,
  "total_records": 2922,
  "percentile_25": 65.7,
  "percentile_75": 4050.0,
  "percentile_90": 4230.0,
  "trend": {
    "slope": -0.0009937804560970827,
    "direction": "decreasing",
    "r_squared": 0.012370961495297506,
    "p_value": 1.6553275304120038e-09
  },
  "trend_slope": -0.0009937804560970827,
  "trend_direction": "decreasing",
  "anomalies": [],
  "anomaly_count": 0,
  "flow_status": {
    "status": "Low Flow",
    "latest_flow": 50.9,
    "percentile": 2.6694045174537986
  },
  "recent_change": {
    "change_cfs": -3519.1,
    "change_pct": -98.57422969187675
  },
  "summary": "Low Flow conditions (avg: 2978 cfs, trend: decreasing)",
  "analysis_date": "2026-04-25 21:36:36",
  "sites_analyzed": [
    "01646500",
    "01491000"
  ]
}