{
  "mean_flow": 2160.1928891957195,
  "median_flow": 2750.0,
  "std_flow": 1243.7169611027978,
  "min_flow": 32.5,
  "max_flow": 3400.0,
  "total_records": 2897,
  "percentile_25": 40.8,
  "percentile_75": 2960.0,
  "percentile_90": 3170.0,
  "trend": {
    "slope": -0.0007884990247689523,
    "direction": "decreasing",
    "r_squared": 0.014236180361368903,
    "p_value": 1.1770466107438544e-10
  },
  "trend_slope": -0.0007884990247689523,
  "trend_direction": "decreasing",
  "anomalies": [],
  "anomaly_count": 0,
  "flow_status": {
    "status": "Below Normal",
    "latest_flow": 37.2,
    "percentile": 19.951674145667933
  },
  "recent_change": {
    "change_cfs": -0.8999999999999986,
    "change_pct": -2.362204724409445
  },
  "summary": "Below Normal conditions (avg: 2160 cfs, trend: decreasing)",
  "analysis_date": "2026-05-15 17:39:15",
  "sites_analyzed": [
    "01646500",
    "01491000"
  ]
}