{
  "mean_flow": 2999.9337320574164,
  "median_flow": 221.0,
  "std_flow": 3637.468357734821,
  "min_flow": 56.6,
  "max_flow": 10300.0,
  "total_records": 1254,
  "percentile_25": 72.6,
  "percentile_75": 7410.0,
  "percentile_90": 8600.0,
  "trend": {
    "slope": 0.011933813555204942,
    "direction": "increasing",
    "r_squared": 0.39022003286390383,
    "p_value": 1.1891876171077759e-136
  },
  "trend_slope": 0.011933813555204942,
  "trend_direction": "increasing",
  "anomalies": [],
  "anomaly_count": 0,
  "flow_status": {
    "status": "High Flow",
    "latest_flow": 10300.0,
    "percentile": 100.0
  },
  "recent_change": {
    "change_cfs": 430.0,
    "change_pct": 4.356636271529888
  },
  "summary": "High Flow conditions (avg: 3000 cfs, trend: increasing)",
  "analysis_date": "2026-02-19 19:02:08",
  "sites_analyzed": [
    "01646500",
    "01491000"
  ]
}