{
  "mean_flow": 1296.6100184842885,
  "median_flow": 1640.0,
  "std_flow": 747.9187814353276,
  "min_flow": 19.1,
  "max_flow": 1980.0,
  "total_records": 2705,
  "percentile_25": 28.2,
  "percentile_75": 1810.0,
  "percentile_90": 1890.0,
  "trend": {
    "slope": 0.000596150747854752,
    "direction": "increasing",
    "r_squared": 0.01961942605254623,
    "p_value": 2.5228098589935637e-13
  },
  "trend_slope": 0.000596150747854752,
  "trend_direction": "increasing",
  "anomalies": [],
  "anomaly_count": 0,
  "flow_status": {
    "status": "Below Normal",
    "latest_flow": 24.8,
    "percentile": 15.5637707948244
  },
  "recent_change": {
    "change_cfs": -1955.2,
    "change_pct": -98.74747474747475
  },
  "summary": "Below Normal conditions (avg: 1297 cfs, trend: increasing)",
  "analysis_date": "2025-11-25 06:41:34",
  "sites_analyzed": [
    "01646500",
    "01491000"
  ]
}