{
  "mean_flow": 1749.7821851851854,
  "median_flow": 2120.0,
  "std_flow": 1012.6216370489042,
  "min_flow": 29.3,
  "max_flow": 2800.0,
  "total_records": 2700,
  "percentile_25": 56.6,
  "percentile_75": 2500.0,
  "percentile_90": 2600.0,
  "trend": {
    "slope": -0.0009566990410382832,
    "direction": "decreasing",
    "r_squared": 0.027551641743803243,
    "p_value": 3.915387864505137e-18
  },
  "trend_slope": -0.0009566990410382832,
  "trend_direction": "decreasing",
  "anomalies": [],
  "anomaly_count": 0,
  "flow_status": {
    "status": "Low Flow",
    "latest_flow": 29.8,
    "percentile": 4.407407407407407
  },
  "recent_change": {
    "change_cfs": 0.0,
    "change_pct": 0.0
  },
  "summary": "Low Flow conditions (avg: 1750 cfs, trend: decreasing)",
  "analysis_date": "2025-12-11 06:45:54",
  "sites_analyzed": [
    "01646500",
    "01491000"
  ]
}