{
  "mean_flow": 2754.9555401180965,
  "median_flow": 3570.0,
  "std_flow": 1598.1162489635192,
  "min_flow": 34.7,
  "max_flow": 4230.0,
  "total_records": 2879,
  "percentile_25": 45.7,
  "percentile_75": 3860.0,
  "percentile_90": 3980.0,
  "trend": {
    "slope": -0.0008607759509299523,
    "direction": "decreasing",
    "r_squared": 0.010271788962244286,
    "p_value": 5.0445168338301134e-08
  },
  "trend_slope": -0.0008607759509299523,
  "trend_direction": "decreasing",
  "anomalies": [],
  "anomaly_count": 0,
  "flow_status": {
    "status": "Low Flow",
    "latest_flow": 35.5,
    "percentile": 1.806182702327197
  },
  "recent_change": {
    "change_cfs": -3084.5,
    "change_pct": -98.86217948717949
  },
  "summary": "Low Flow conditions (avg: 2755 cfs, trend: decreasing)",
  "analysis_date": "2026-05-09 17:51:33",
  "sites_analyzed": [
    "01646500",
    "01491000"
  ]
}