{
  "mean_flow": 15339.777695167286,
  "median_flow": 16600.0,
  "std_flow": 11322.021040398206,
  "min_flow": 148.0,
  "max_flow": 32800.0,
  "total_records": 2690,
  "percentile_25": 706.0,
  "percentile_75": 25500.0,
  "percentile_90": 30700.0,
  "trend": {
    "slope": 0.02655157838351541,
    "direction": "increasing",
    "r_squared": 0.1687219037540639,
    "p_value": 5.1509186094280665e-110
  },
  "trend_slope": 0.02655157838351541,
  "trend_direction": "increasing",
  "anomalies": [],
  "anomaly_count": 0,
  "flow_status": {
    "status": "Normal",
    "latest_flow": 18500.0,
    "percentile": 56.35687732342007
  },
  "recent_change": {
    "change_cfs": 17977.0,
    "change_pct": 3437.284894837476
  },
  "summary": "Normal conditions (avg: 15340 cfs, trend: increasing)",
  "analysis_date": "2026-02-25 13:25:01",
  "sites_analyzed": [
    "01646500",
    "01491000"
  ]
}