{
  "mean_flow": 1906.657220338983,
  "median_flow": 2450.0,
  "std_flow": 1104.9452922664234,
  "min_flow": 22.0,
  "max_flow": 3170.0,
  "total_records": 2950,
  "percentile_25": 524.925,
  "percentile_75": 2600.0,
  "percentile_90": 2850.0,
  "trend": {
    "slope": 0.00019059326861939446,
    "direction": "stable",
    "r_squared": 0.0011002211117635777,
    "p_value": 0.07165537180634575
  },
  "trend_slope": 0.00019059326861939446,
  "trend_direction": "stable",
  "anomalies": [],
  "anomaly_count": 0,
  "flow_status": {
    "status": "High Flow",
    "latest_flow": 3170.0,
    "percentile": 100.0
  },
  "recent_change": {
    "change_cfs": 50.0,
    "change_pct": 1.6025641025641024
  },
  "summary": "High Flow conditions (avg: 1907 cfs, trend: stable)",
  "analysis_date": "2026-05-22 21:11:46",
  "sites_analyzed": [
    "01646500",
    "01491000"
  ]
}