{
  "mean_flow": 1936.2265366212735,
  "median_flow": 2160.0,
  "std_flow": 1179.3269418775517,
  "min_flow": 17.7,
  "max_flow": 3230.0,
  "total_records": 2717,
  "percentile_25": 32.5,
  "percentile_75": 2960.0,
  "percentile_90": 3120.0,
  "trend": {
    "slope": -0.0018551823373578835,
    "direction": "decreasing",
    "r_squared": 0.07743133785087898,
    "p_value": 1.6765085761896879e-49
  },
  "trend_slope": -0.0018551823373578835,
  "trend_direction": "decreasing",
  "anomalies": [],
  "anomaly_count": 0,
  "flow_status": {
    "status": "Low Flow",
    "latest_flow": 19.1,
    "percentile": 9.127714390872285
  },
  "recent_change": {
    "change_cfs": 0.40000000000000213,
    "change_pct": 2.1390374331550914
  },
  "summary": "Low Flow conditions (avg: 1936 cfs, trend: decreasing)",
  "analysis_date": "2025-11-09 06:36:24",
  "sites_analyzed": [
    "01646500",
    "01491000"
  ]
}