{
  "mean_flow": 11088.387275449102,
  "median_flow": 2960.0,
  "std_flow": 14273.062335779367,
  "min_flow": 22.0,
  "max_flow": 41900.0,
  "total_records": 2672,
  "percentile_25": 61.5,
  "percentile_75": 21575.0,
  "percentile_90": 36800.0,
  "trend": {
    "slope": 0.05429385181609519,
    "direction": "increasing",
    "r_squared": 0.4361778758302867,
    "p_value": 0.0
  },
  "trend_slope": 0.05429385181609519,
  "trend_direction": "increasing",
  "anomalies": [],
  "anomaly_count": 0,
  "flow_status": {
    "status": "Below Normal",
    "latest_flow": 48.8,
    "percentile": 16.84131736526946
  },
  "recent_change": {
    "change_cfs": -1.0,
    "change_pct": -2.0080321285140563
  },
  "summary": "Below Normal conditions (avg: 11088 cfs, trend: increasing)",
  "analysis_date": "2026-05-27 03:57:48",
  "sites_analyzed": [
    "01646500",
    "01491000"
  ]
}