{
  "mean_flow": 5757.500696864112,
  "median_flow": 7490.0,
  "std_flow": 3276.3732394082153,
  "min_flow": 82.8,
  "max_flow": 8340.0,
  "total_records": 2870,
  "percentile_25": 201.0,
  "percentile_75": 7820.0,
  "percentile_90": 7990.0,
  "trend": {
    "slope": 0.0002475097645900523,
    "direction": "stable",
    "r_squared": 0.000202703101326093,
    "p_value": 0.4457992721208157
  },
  "trend_slope": 0.0002475097645900523,
  "trend_direction": "stable",
  "anomalies": [],
  "anomaly_count": 0,
  "flow_status": {
    "status": "Low Flow",
    "latest_flow": 110.0,
    "percentile": 2.0209059233449476
  },
  "recent_change": {
    "change_cfs": -2.0,
    "change_pct": -1.7857142857142856
  },
  "summary": "Low Flow conditions (avg: 5758 cfs, trend: stable)",
  "analysis_date": "2026-04-09 17:58:48",
  "sites_analyzed": [
    "01646500",
    "01491000"
  ]
}