{
  "mean_flow": 2024.6706471219163,
  "median_flow": 2260.0,
  "std_flow": 1237.8222172090607,
  "min_flow": 59.0,
  "max_flow": 3800.0,
  "total_records": 2797,
  "percentile_25": 78.6,
  "percentile_75": 3010.0,
  "percentile_90": 3400.0,
  "trend": {
    "slope": -0.0022370387316397156,
    "direction": "decreasing",
    "r_squared": 0.10821683017611362,
    "p_value": 1.4048342218561483e-71
  },
  "trend_slope": -0.0022370387316397156,
  "trend_direction": "decreasing",
  "anomalies": [],
  "anomaly_count": 0,
  "flow_status": {
    "status": "Below Normal",
    "latest_flow": 62.7,
    "percentile": 10.368251698248123
  },
  "recent_change": {
    "change_cfs": 0.0,
    "change_pct": 0.0
  },
  "summary": "Below Normal conditions (avg: 2025 cfs, trend: decreasing)",
  "analysis_date": "2026-01-24 12:56:54",
  "sites_analyzed": [
    "01646500",
    "01491000"
  ]
}