{
  "mean_flow": 1614.8615496544198,
  "median_flow": 1980.0,
  "std_flow": 1022.4355076100918,
  "min_flow": 37.2,
  "max_flow": 3060.0,
  "total_records": 2749,
  "percentile_25": 862.0,
  "percentile_75": 2350.0,
  "percentile_90": 2900.0,
  "trend": {
    "slope": -0.0022059280037190236,
    "direction": "decreasing",
    "r_squared": 0.1504168671086217,
    "p_value": 2.276216345357305e-99
  },
  "trend_slope": -0.0022059280037190236,
  "trend_direction": "decreasing",
  "anomalies": [],
  "anomaly_count": 0,
  "flow_status": {
    "status": "Below Normal",
    "latest_flow": 735.0,
    "percentile": 23.3903237540924
  },
  "recent_change": {
    "change_cfs": -75.0,
    "change_pct": -9.25925925925926
  },
  "summary": "Below Normal conditions (avg: 1615 cfs, trend: decreasing)",
  "analysis_date": "2026-01-26 13:06:06",
  "sites_analyzed": [
    "01646500",
    "01491000"
  ]
}