{
  "mean_flow": 9798.424587155963,
  "median_flow": 12000.0,
  "std_flow": 5740.007898739259,
  "min_flow": 133.0,
  "max_flow": 16700.0,
  "total_records": 2725,
  "percentile_25": 210.0,
  "percentile_75": 13600.0,
  "percentile_90": 15100.0,
  "trend": {
    "slope": 0.0005006243657571607,
    "direction": "stable",
    "r_squared": 0.00024032584014061748,
    "p_value": 0.41855612204588744
  },
  "trend_slope": 0.0005006243657571607,
  "trend_direction": "stable",
  "anomalies": [],
  "anomaly_count": 0,
  "flow_status": {
    "status": "Normal",
    "latest_flow": 11500.0,
    "percentile": 39.1559633027523
  },
  "recent_change": {
    "change_cfs": 0.0,
    "change_pct": 0.0
  },
  "summary": "Normal conditions (avg: 9798 cfs, trend: stable)",
  "analysis_date": "2026-03-22 07:01:14",
  "sites_analyzed": [
    "01646500",
    "01491000"
  ]
}