{
  "mean_flow": 1842.653112152903,
  "median_flow": 2400.0,
  "std_flow": 1081.6911755358133,
  "min_flow": 1.04,
  "max_flow": 3010.0,
  "total_records": 2773,
  "percentile_25": 9.75,
  "percentile_75": 2550.0,
  "percentile_90": 2750.0,
  "trend": {
    "slope": -0.0008548952362897267,
    "direction": "decreasing",
    "r_squared": 0.02036821979265803,
    "p_value": 4.329873922263962e-14
  },
  "trend_slope": -0.0008548952362897267,
  "trend_direction": "decreasing",
  "anomalies": [],
  "anomaly_count": 0,
  "flow_status": {
    "status": "Normal",
    "latest_flow": 1980.0,
    "percentile": 26.866209880995314
  },
  "recent_change": {
    "change_cfs": 0.0,
    "change_pct": 0.0
  },
  "summary": "Normal conditions (avg: 1843 cfs, trend: decreasing)",
  "analysis_date": "2026-07-05 10:14:20",
  "sites_analyzed": [
    "01646500",
    "01491000"
  ]
}