{
  "mean_flow": 14738.090654952077,
  "median_flow": 13600.0,
  "std_flow": 11736.718036854962,
  "min_flow": 148.0,
  "max_flow": 32800.0,
  "total_records": 2504,
  "percentile_25": 510.0,
  "percentile_75": 26300.0,
  "percentile_90": 30900.0,
  "trend": {
    "slope": 0.03822043518593177,
    "direction": "increasing",
    "r_squared": 0.2975235726420252,
    "p_value": 3.99861704645512e-194
  },
  "trend_slope": 0.03822043518593177,
  "trend_direction": "increasing",
  "anomalies": [],
  "anomaly_count": 0,
  "flow_status": {
    "status": "Normal",
    "latest_flow": 22400.0,
    "percentile": 65.01597444089457
  },
  "recent_change": {
    "change_cfs": 21894.0,
    "change_pct": 4326.877470355731
  },
  "summary": "Normal conditions (avg: 14738 cfs, trend: increasing)",
  "analysis_date": "2026-02-24 19:13:07",
  "sites_analyzed": [
    "01646500",
    "01491000"
  ]
}