{
  "mean_flow": 1805.0782673084045,
  "median_flow": 2030.0,
  "std_flow": 1106.0764112668023,
  "min_flow": 17.7,
  "max_flow": 3170.0,
  "total_records": 2701,
  "percentile_25": 28.2,
  "percentile_75": 2700.0,
  "percentile_90": 3010.0,
  "trend": {
    "slope": -0.0018280785585151876,
    "direction": "decreasing",
    "r_squared": 0.08441241473318051,
    "p_value": 1.0848684533835592e-53
  },
  "trend_slope": -0.0018280785585151876,
  "trend_direction": "decreasing",
  "anomalies": [],
  "anomaly_count": 0,
  "flow_status": {
    "status": "Normal",
    "latest_flow": 28.7,
    "percentile": 25.101814142910033
  },
  "recent_change": {
    "change_cfs": 2.0,
    "change_pct": 7.490636704119851
  },
  "summary": "Normal conditions (avg: 1805 cfs, trend: decreasing)",
  "analysis_date": "2025-11-10 06:41:15",
  "sites_analyzed": [
    "01646500",
    "01491000"
  ]
}