{
  "mean_flow": 1797.904604261796,
  "median_flow": 1980.0,
  "std_flow": 1056.6339777611634,
  "min_flow": 33.9,
  "max_flow": 3170.0,
  "total_records": 2628,
  "percentile_25": 306.0,
  "percentile_75": 2700.0,
  "percentile_90": 2800.0,
  "trend": {
    "slope": 0.0013880259260355182,
    "direction": "increasing",
    "r_squared": 0.05482912418405572,
    "p_value": 4.62388164582892e-34
  },
  "trend_slope": 0.0013880259260355182,
  "trend_direction": "increasing",
  "anomalies": [],
  "anomaly_count": 0,
  "flow_status": {
    "status": "Below Normal",
    "latest_flow": 102.0,
    "percentile": 12.100456621004566
  },
  "recent_change": {
    "change_cfs": -2.0,
    "change_pct": -1.9230769230769231
  },
  "summary": "Below Normal conditions (avg: 1798 cfs, trend: increasing)",
  "analysis_date": "2026-01-15 06:46:35",
  "sites_analyzed": [
    "01646500",
    "01491000"
  ]
}