{
  "mean_flow": 3713.109800226159,
  "median_flow": 4420.0,
  "std_flow": 2557.2579283019086,
  "min_flow": 6.99,
  "max_flow": 9040.0,
  "total_records": 2653,
  "percentile_25": 1980.0,
  "percentile_75": 5290.0,
  "percentile_90": 6920.0,
  "trend": {
    "slope": 0.0031042901366887584,
    "direction": "increasing",
    "r_squared": 0.0437725447976342,
    "p_value": 1.2588399912298221e-27
  },
  "trend_slope": 0.0031042901366887584,
  "trend_direction": "increasing",
  "anomalies": [],
  "anomaly_count": 0,
  "flow_status": {
    "status": "Normal",
    "latest_flow": 4490.0,
    "percentile": 51.187335092348285
  },
  "recent_change": {
    "change_cfs": 0.0,
    "change_pct": 0.0
  },
  "summary": "Normal conditions (avg: 3713 cfs, trend: increasing)",
  "analysis_date": "2026-07-14 02:27:34",
  "sites_analyzed": [
    "01646500",
    "01491000"
  ]
}