{
  "mean_flow": 8948.415094339623,
  "median_flow": 7700.0,
  "std_flow": 8743.273658803339,
  "min_flow": 65.7,
  "max_flow": 32600.0,
  "total_records": 1908,
  "percentile_25": 234.0,
  "percentile_75": 16100.0,
  "percentile_90": 20700.0,
  "trend": {
    "slope": 0.03500166822663786,
    "direction": "increasing",
    "r_squared": 0.42167821091004604,
    "p_value": 6.260451089310785e-229
  },
  "trend_slope": 0.03500166822663786,
  "trend_direction": "increasing",
  "anomalies": [],
  "anomaly_count": 0,
  "flow_status": {
    "status": "High Flow",
    "latest_flow": 32400.0,
    "percentile": 99.94758909853249
  },
  "recent_change": {
    "change_cfs": 400.0,
    "change_pct": 1.25
  },
  "summary": "High Flow conditions (avg: 8948 cfs, trend: increasing)",
  "analysis_date": "2026-02-22 06:59:15",
  "sites_analyzed": [
    "01646500",
    "01491000"
  ]
}