{
  "mean_flow": 6309.228186528498,
  "median_flow": 8250.0,
  "std_flow": 3628.3645445481443,
  "min_flow": 80.7,
  "max_flow": 9410.0,
  "total_records": 2895,
  "percentile_25": 201.0,
  "percentile_75": 8600.0,
  "percentile_90": 9040.0,
  "trend": {
    "slope": -0.0006969540108444488,
    "direction": "stable",
    "r_squared": 0.0013266844601998243,
    "p_value": 0.05004403706102716
  },
  "trend_slope": -0.0006969540108444488,
  "trend_direction": "stable",
  "anomalies": [],
  "anomaly_count": 0,
  "flow_status": {
    "status": "Normal",
    "latest_flow": 7410.0,
    "percentile": 25.45768566493955
  },
  "recent_change": {
    "change_cfs": -80.0,
    "change_pct": -1.0680907877169559
  },
  "summary": "Normal conditions (avg: 6309 cfs, trend: stable)",
  "analysis_date": "2026-04-03 18:59:58",
  "sites_analyzed": [
    "01646500",
    "01491000"
  ]
}