{
  "mean_flow": 5804.585677419355,
  "median_flow": 5360.0,
  "std_flow": 5745.459345278827,
  "min_flow": 62.7,
  "max_flow": 16800.0,
  "total_records": 1550,
  "percentile_25": 166.0,
  "percentile_75": 9960.0,
  "percentile_90": 14510.000000000015,
  "trend": {
    "slope": 0.0227742727548511,
    "direction": "increasing",
    "r_squared": 0.40816317129782886,
    "p_value": 1.5328513178447548e-178
  },
  "trend_slope": 0.0227742727548511,
  "trend_direction": "increasing",
  "anomalies": [],
  "anomaly_count": 0,
  "flow_status": {
    "status": "Normal",
    "latest_flow": 365.0,
    "percentile": 42.70967741935484
  },
  "recent_change": {
    "change_cfs": -16335.0,
    "change_pct": -97.81437125748504
  },
  "summary": "Normal conditions (avg: 5805 cfs, trend: increasing)",
  "analysis_date": "2026-02-21 02:40:45",
  "sites_analyzed": [
    "01646500",
    "01491000"
  ]
}