{
  "mean_flow": 1650.2867405426061,
  "median_flow": 2030.0,
  "std_flow": 1035.14804553062,
  "min_flow": 37.2,
  "max_flow": 3060.0,
  "total_records": 2617,
  "percentile_25": 955.0,
  "percentile_75": 2400.0,
  "percentile_90": 2900.0,
  "trend": {
    "slope": -0.0021862246358863423,
    "direction": "decreasing",
    "r_squared": 0.12962436886874246,
    "p_value": 6.342384679595661e-81
  },
  "trend_slope": -0.0021862246358863423,
  "trend_direction": "decreasing",
  "anomalies": [],
  "anomaly_count": 0,
  "flow_status": {
    "status": "Normal",
    "latest_flow": 1050.0,
    "percentile": 28.391287734046617
  },
  "recent_change": {
    "change_cfs": 30.0,
    "change_pct": 2.941176470588235
  },
  "summary": "Normal conditions (avg: 1650 cfs, trend: decreasing)",
  "analysis_date": "2026-01-26 02:34:22",
  "sites_analyzed": [
    "01646500",
    "01491000"
  ]
}