{
  "mean_flow": 1223.8502439024392,
  "median_flow": 1560.0,
  "std_flow": 709.4841388955157,
  "min_flow": 19.1,
  "max_flow": 1980.0,
  "total_records": 2870,
  "percentile_25": 27.7,
  "percentile_75": 1680.0,
  "percentile_90": 1810.0,
  "trend": {
    "slope": 0.0004799087815798321,
    "direction": "increasing",
    "r_squared": 0.016019361940765774,
    "p_value": 1.0107951753879234e-11
  },
  "trend_slope": 0.0004799087815798321,
  "trend_direction": "increasing",
  "anomalies": [],
  "anomaly_count": 0,
  "flow_status": {
    "status": "Below Normal",
    "latest_flow": 27.2,
    "percentile": 23.588850174216027
  },
  "recent_change": {
    "change_cfs": 0.0,
    "change_pct": 0.0
  },
  "summary": "Below Normal conditions (avg: 1224 cfs, trend: increasing)",
  "analysis_date": "2025-11-23 18:35:57",
  "sites_analyzed": [
    "01646500",
    "01491000"
  ]
}