{
  "mean_flow": 5653.60145038168,
  "median_flow": 7330.0,
  "std_flow": 3226.9944048972357,
  "min_flow": 99.1,
  "max_flow": 8340.0,
  "total_records": 2620,
  "percentile_25": 189.0,
  "percentile_75": 7660.0,
  "percentile_90": 7990.0,
  "trend": {
    "slope": -0.00012772804118443484,
    "direction": "stable",
    "r_squared": 4.697248637515799e-05,
    "p_value": 0.7258531332860447
  },
  "trend_slope": -0.00012772804118443484,
  "trend_direction": "stable",
  "anomalies": [],
  "anomaly_count": 0,
  "flow_status": {
    "status": "Normal",
    "latest_flow": 6690.0,
    "percentile": 27.900763358778626
  },
  "recent_change": {
    "change_cfs": 0.0,
    "change_pct": 0.0
  },
  "summary": "Normal conditions (avg: 5654 cfs, trend: stable)",
  "analysis_date": "2026-04-11 02:12:41",
  "sites_analyzed": [
    "01646500",
    "01491000"
  ]
}