{
  "mean_flow": 4021.1237276237275,
  "median_flow": 4880.0,
  "std_flow": 2347.070772182516,
  "min_flow": 64.0,
  "max_flow": 6840.0,
  "total_records": 2849,
  "percentile_25": 102.0,
  "percentile_75": 5570.0,
  "percentile_90": 6150.0,
  "trend": {
    "slope": -0.002563775073616206,
    "direction": "decreasing",
    "r_squared": 0.040872603398201535,
    "p_value": 1.1651815398626178e-27
  },
  "trend_slope": -0.002563775073616206,
  "trend_direction": "decreasing",
  "anomalies": [],
  "anomaly_count": 0,
  "flow_status": {
    "status": "Low Flow",
    "latest_flow": 65.7,
    "percentile": 2.562302562302562
  },
  "recent_change": {
    "change_cfs": 1.7000000000000028,
    "change_pct": 2.6562500000000044
  },
  "summary": "Low Flow conditions (avg: 4021 cfs, trend: decreasing)",
  "analysis_date": "2026-04-18 14:39:29",
  "sites_analyzed": [
    "01646500",
    "01491000"
  ]
}