{
  "mean_flow": 1949.2912411347518,
  "median_flow": 2350.0,
  "std_flow": 1167.02613523306,
  "min_flow": 39.0,
  "max_flow": 3340.0,
  "total_records": 2820,
  "percentile_25": 47.7,
  "percentile_75": 2800.0,
  "percentile_90": 3120.0,
  "trend": {
    "slope": -0.0014271291268943707,
    "direction": "decreasing",
    "r_squared": 0.05395177504944677,
    "p_value": 7.414350939022926e-36
  },
  "trend_slope": -0.0014271291268943707,
  "trend_direction": "decreasing",
  "anomalies": [],
  "anomaly_count": 0,
  "flow_status": {
    "status": "Low Flow",
    "latest_flow": 39.9,
    "percentile": 3.0851063829787235
  },
  "recent_change": {
    "change_cfs": -2080.1,
    "change_pct": -98.11792452830188
  },
  "summary": "Low Flow conditions (avg: 1949 cfs, trend: decreasing)",
  "analysis_date": "2026-01-01 18:39:59",
  "sites_analyzed": [
    "01646500",
    "01491000"
  ]
}