{
  "mean_flow": -749035.2225371588,
  "median_flow": -999999.0,
  "std_flow": 433657.89811995364,
  "min_flow": -999999.0,
  "max_flow": 67.4,
  "total_records": 2893,
  "percentile_25": -999999.0,
  "percentile_75": 21.2,
  "percentile_90": 55.4,
  "trend": {
    "slope": 0.006668474251333138,
    "direction": "stable",
    "r_squared": 8.362494790629437e-06,
    "p_value": 0.8764483393712749
  },
  "trend_slope": 0.006668474251333138,
  "trend_direction": "stable",
  "anomalies": [],
  "anomaly_count": 0,
  "flow_status": {
    "status": "High Flow",
    "latest_flow": 64.0,
    "percentile": 98.16799170411338
  },
  "recent_change": {
    "change_cfs": 1.2999999999999972,
    "change_pct": 2.0733652312599635
  },
  "summary": "High Flow conditions (avg: -749035 cfs, trend: stable)",
  "analysis_date": "2026-02-14 18:48:28",
  "sites_analyzed": [
    "01646500",
    "01491000"
  ]
}