{
  "mean_flow": 9413.101706722397,
  "median_flow": 11600.0,
  "std_flow": 5653.61125633305,
  "min_flow": 118.0,
  "max_flow": 16700.0,
  "total_records": 2871,
  "percentile_25": 206.0,
  "percentile_75": 13300.0,
  "percentile_90": 14900.0,
  "trend": {
    "slope": -0.007232188736285191,
    "direction": "decreasing",
    "r_squared": 0.05844945588432838,
    "p_value": 1.8447727422805027e-39
  },
  "trend_slope": -0.007232188736285191,
  "trend_direction": "decreasing",
  "anomalies": [],
  "anomaly_count": 0,
  "flow_status": {
    "status": "Normal",
    "latest_flow": 9680.0,
    "percentile": 27.48171368861024
  },
  "recent_change": {
    "change_cfs": 0.0,
    "change_pct": 0.0
  },
  "summary": "Normal conditions (avg: 9413 cfs, trend: decreasing)",
  "analysis_date": "2026-03-24 19:15:53",
  "sites_analyzed": [
    "01646500",
    "01491000"
  ]
}