{
  "mean_flow": 2913.2656990068754,
  "median_flow": 3860.0,
  "std_flow": 1682.3982546736415,
  "min_flow": 49.8,
  "max_flow": 4290.0,
  "total_records": 2618,
  "percentile_25": 64.0,
  "percentile_75": 4050.0,
  "percentile_90": 4110.0,
  "trend": {
    "slope": -0.0008694504619109143,
    "direction": "decreasing",
    "r_squared": 0.007895305572032196,
    "p_value": 5.282231931697907e-06
  },
  "trend_slope": -0.0008694504619109143,
  "trend_direction": "decreasing",
  "anomalies": [],
  "anomaly_count": 0,
  "flow_status": {
    "status": "Low Flow",
    "latest_flow": 50.9,
    "percentile": 3.7051184110007642
  },
  "recent_change": {
    "change_cfs": -3399.1,
    "change_pct": -98.52463768115942
  },
  "summary": "Low Flow conditions (avg: 2913 cfs, trend: decreasing)",
  "analysis_date": "2026-04-26 02:52:21",
  "sites_analyzed": [
    "01646500",
    "01491000"
  ]
}