{
  "mean_flow": 1762.8033193130038,
  "median_flow": 2260.0,
  "std_flow": 1047.0479186518537,
  "min_flow": 1.04,
  "max_flow": 2900.0,
  "total_records": 2853,
  "percentile_25": 9.75,
  "percentile_75": 2450.0,
  "percentile_90": 2700.0,
  "trend": {
    "slope": -0.0010960625836622705,
    "direction": "decreasing",
    "r_squared": 0.03792014739033882,
    "p_value": 8.884643937936919e-26
  },
  "trend_slope": -0.0010960625836622705,
  "trend_direction": "decreasing",
  "anomalies": [],
  "anomaly_count": 0,
  "flow_status": {
    "status": "Below Normal",
    "latest_flow": 8.0,
    "percentile": 19.593410445145462
  },
  "recent_change": {
    "change_cfs": -1932.0,
    "change_pct": -99.58762886597938
  },
  "summary": "Below Normal conditions (avg: 1763 cfs, trend: decreasing)",
  "analysis_date": "2026-07-06 15:35:31",
  "sites_analyzed": [
    "01646500",
    "01491000"
  ]
}