{
  "mean_flow": 1944.9761047914512,
  "median_flow": 2070.0,
  "std_flow": 1315.2974973357357,
  "min_flow": 1.04,
  "max_flow": 5080.0,
  "total_records": 2901,
  "percentile_25": 13.9,
  "percentile_75": 2400.0,
  "percentile_90": 3400.0,
  "trend": {
    "slope": 0.0016226353618455792,
    "direction": "increasing",
    "r_squared": 0.054585228002828966,
    "p_value": 2.912936220247323e-37
  },
  "trend_slope": 0.0016226353618455792,
  "trend_direction": "increasing",
  "anomalies": [],
  "anomaly_count": 0,
  "flow_status": {
    "status": "Below Normal",
    "latest_flow": 7.83,
    "percentile": 14.822475008617719
  },
  "recent_change": {
    "change_cfs": -0.16999999999999993,
    "change_pct": -2.124999999999999
  },
  "summary": "Below Normal conditions (avg: 1945 cfs, trend: increasing)",
  "analysis_date": "2026-07-09 18:50:11",
  "sites_analyzed": [
    "01646500",
    "01491000"
  ]
}