{
  "mean_flow": 1798.4648909545942,
  "median_flow": 2120.0,
  "std_flow": 1122.286338500026,
  "min_flow": 39.9,
  "max_flow": 3340.0,
  "total_records": 2797,
  "percentile_25": 76.5,
  "percentile_75": 2750.0,
  "percentile_90": 3060.0,
  "trend": {
    "slope": -0.0021688228061617575,
    "direction": "decreasing",
    "r_squared": 0.12382037023741924,
    "p_value": 2.541864603406022e-82
  },
  "trend_slope": -0.0021688228061617575,
  "trend_direction": "decreasing",
  "anomalies": [],
  "anomaly_count": 0,
  "flow_status": {
    "status": "Low Flow",
    "latest_flow": 39.9,
    "percentile": 0.03575259206292456
  },
  "recent_change": {
    "change_cfs": -8.899999999999999,
    "change_pct": -18.237704918032787
  },
  "summary": "Low Flow conditions (avg: 1798 cfs, trend: decreasing)",
  "analysis_date": "2026-01-25 12:58:59",
  "sites_analyzed": [
    "01646500",
    "01491000"
  ]
}