{
  "mean_flow": 6078.017224287485,
  "median_flow": 5500.0,
  "std_flow": 5959.661630742599,
  "min_flow": 62.7,
  "max_flow": 17100.0,
  "total_records": 1614,
  "percentile_25": 171.0,
  "percentile_75": 10775.0,
  "percentile_90": 16100.0,
  "trend": {
    "slope": 0.023319816535873675,
    "direction": "increasing",
    "r_squared": 0.4120786111171731,
    "p_value": 3.6445249133697603e-188
  },
  "trend_slope": 0.023319816535873675,
  "trend_direction": "increasing",
  "anomalies": [],
  "anomaly_count": 0,
  "flow_status": {
    "status": "Normal",
    "latest_flow": 405.0,
    "percentile": 42.00743494423792
  },
  "recent_change": {
    "change_cfs": -16395.0,
    "change_pct": -97.58928571428571
  },
  "summary": "Normal conditions (avg: 6078 cfs, trend: increasing)",
  "analysis_date": "2026-02-21 06:55:06",
  "sites_analyzed": [
    "01646500",
    "01491000"
  ]
}