{
  "mean_flow": 2786.4156680312617,
  "median_flow": 3570.0,
  "std_flow": 1611.7958593492324,
  "min_flow": 35.5,
  "max_flow": 4230.0,
  "total_records": 2687,
  "percentile_25": 45.7,
  "percentile_75": 3860.0,
  "percentile_90": 4050.0,
  "trend": {
    "slope": -0.000724280807885831,
    "direction": "decreasing",
    "r_squared": 0.00623744020175301,
    "p_value": 4.1602316077878266e-05
  },
  "trend_slope": -0.000724280807885831,
  "trend_direction": "decreasing",
  "anomalies": [],
  "anomaly_count": 0,
  "flow_status": {
    "status": "Low Flow",
    "latest_flow": 36.4,
    "percentile": 2.940081875697804
  },
  "recent_change": {
    "change_cfs": -3133.6,
    "change_pct": -98.85173501577287
  },
  "summary": "Low Flow conditions (avg: 2786 cfs, trend: decreasing)",
  "analysis_date": "2026-05-09 05:49:03",
  "sites_analyzed": [
    "01646500",
    "01491000"
  ]
}