{
  "mean_flow": 3202.797056810404,
  "median_flow": 4050.0,
  "std_flow": 1853.0877753323412,
  "min_flow": 54.3,
  "max_flow": 4950.0,
  "total_records": 2922,
  "percentile_25": 72.6,
  "percentile_75": 4420.0,
  "percentile_90": 4750.0,
  "trend": {
    "slope": -0.0011649178753916796,
    "direction": "decreasing",
    "r_squared": 0.014803684685637145,
    "p_value": 4.148589648641106e-11
  },
  "trend_slope": -0.0011649178753916796,
  "trend_direction": "decreasing",
  "anomalies": [],
  "anomaly_count": 0,
  "flow_status": {
    "status": "Low Flow",
    "latest_flow": 54.3,
    "percentile": 0.44490075290896647
  },
  "recent_change": {
    "change_cfs": -3865.7,
    "change_pct": -98.61479591836734
  },
  "summary": "Low Flow conditions (avg: 3203 cfs, trend: decreasing)",
  "analysis_date": "2026-04-23 21:46:20",
  "sites_analyzed": [
    "01646500",
    "01491000"
  ]
}