{
  "mean_flow": 6706.319818112922,
  "median_flow": 8600.0,
  "std_flow": 3863.265678870613,
  "min_flow": 82.8,
  "max_flow": 9960.0,
  "total_records": 2639,
  "percentile_25": 122.0,
  "percentile_75": 9220.0,
  "percentile_90": 9500.0,
  "trend": {
    "slope": -0.0013873688823221719,
    "direction": "decreasing",
    "r_squared": 0.003912640873143405,
    "p_value": 0.0013046664057315745
  },
  "trend_slope": -0.0013873688823221719,
  "trend_direction": "decreasing",
  "anomalies": [],
  "anomaly_count": 0,
  "flow_status": {
    "status": "Normal",
    "latest_flow": 9130.0,
    "percentile": 71.42857142857143
  },
  "recent_change": {
    "change_cfs": -90.0,
    "change_pct": -0.9761388286334056
  },
  "summary": "Normal conditions (avg: 6706 cfs, trend: decreasing)",
  "analysis_date": "2026-03-31 03:20:56",
  "sites_analyzed": [
    "01646500",
    "01491000"
  ]
}