{
  "mean_flow": 1774.6104097452933,
  "median_flow": 2260.0,
  "std_flow": 1040.0746014294211,
  "min_flow": 38.1,
  "max_flow": 2960.0,
  "total_records": 2709,
  "percentile_25": 45.7,
  "percentile_75": 2400.0,
  "percentile_90": 2650.0,
  "trend": {
    "slope": -0.0006490119559567934,
    "direction": "decreasing",
    "r_squared": 0.013216048910004285,
    "p_value": 1.9653814641420908e-09
  },
  "trend_slope": -0.0006490119559567934,
  "trend_direction": "decreasing",
  "anomalies": [],
  "anomaly_count": 0,
  "flow_status": {
    "status": "Low Flow",
    "latest_flow": 39.9,
    "percentile": 9.043927648578812
  },
  "recent_change": {
    "change_cfs": 0.0,
    "change_pct": 0.0
  },
  "summary": "Low Flow conditions (avg: 1775 cfs, trend: decreasing)",
  "analysis_date": "2026-01-03 12:55:22",
  "sites_analyzed": [
    "01646500",
    "01491000"
  ]
}