{
  "mean_flow": 1641.5576232327091,
  "median_flow": 2160.0,
  "std_flow": 957.8697053062234,
  "min_flow": 36.4,
  "max_flow": 2750.0,
  "total_records": 2617,
  "percentile_25": 43.7,
  "percentile_75": 2260.0,
  "percentile_90": 2350.0,
  "trend": {
    "slope": -0.00040470361666975586,
    "direction": "decreasing",
    "r_squared": 0.0054432104119499225,
    "p_value": 0.00015835648923767103
  },
  "trend_slope": -0.00040470361666975586,
  "trend_direction": "decreasing",
  "anomalies": [],
  "anomaly_count": 0,
  "flow_status": {
    "status": "Low Flow",
    "latest_flow": 36.4,
    "percentile": 0.8788689338937715
  },
  "recent_change": {
    "change_cfs": -1853.6,
    "change_pct": -98.07407407407408
  },
  "summary": "Low Flow conditions (avg: 1642 cfs, trend: decreasing)",
  "analysis_date": "2026-01-05 06:51:15",
  "sites_analyzed": [
    "01646500",
    "01491000"
  ]
}