{
  "mean_flow": 5722.401117318435,
  "median_flow": 7490.0,
  "std_flow": 3252.461494827275,
  "min_flow": 102.0,
  "max_flow": 8340.0,
  "total_records": 2685,
  "percentile_25": 201.0,
  "percentile_75": 7660.0,
  "percentile_90": 7990.0,
  "trend": {
    "slope": 0.00035427987863238336,
    "direction": "stable",
    "r_squared": 0.00037130185247767654,
    "p_value": 0.31823121269834065
  },
  "trend_slope": 0.00035427987863238336,
  "trend_direction": "stable",
  "anomalies": [],
  "anomaly_count": 0,
  "flow_status": {
    "status": "Normal",
    "latest_flow": 7160.0,
    "percentile": 33.70577281191806
  },
  "recent_change": {
    "change_cfs": 0.0,
    "change_pct": 0.0
  },
  "summary": "Normal conditions (avg: 5722 cfs, trend: stable)",
  "analysis_date": "2026-04-10 05:59:19",
  "sites_analyzed": [
    "01646500",
    "01491000"
  ]
}