{
  "mean_flow": 1298.1474052263527,
  "median_flow": 1600.0,
  "std_flow": 833.4538826235749,
  "min_flow": 52.0,
  "max_flow": 2700.0,
  "total_records": 2717,
  "percentile_25": 526.0,
  "percentile_75": 1980.0,
  "percentile_90": 2180.0000000000045,
  "trend": {
    "slope": 0.0018674522953691737,
    "direction": "increasing",
    "r_squared": 0.15640940376706863,
    "p_value": 2.045733965785287e-102
  },
  "trend_slope": 0.0018674522953691737,
  "trend_direction": "increasing",
  "anomalies": [],
  "anomaly_count": 0,
  "flow_status": {
    "status": "Normal",
    "latest_flow": 1940.0,
    "percentile": 70.1509017298491
  },
  "recent_change": {
    "change_cfs": -40.0,
    "change_pct": -2.0202020202020203
  },
  "summary": "Normal conditions (avg: 1298 cfs, trend: increasing)",
  "analysis_date": "2026-02-03 07:02:26",
  "sites_analyzed": [
    "01646500",
    "01491000"
  ]
}