{
  "mean_flow": 4163.021997981837,
  "median_flow": 4680.0,
  "std_flow": 2659.370751009749,
  "min_flow": 12.2,
  "max_flow": 9130.0,
  "total_records": 2973,
  "percentile_25": 26.2,
  "percentile_75": 5710.0,
  "percentile_90": 7330.0,
  "trend": {
    "slope": -0.00436020962788158,
    "direction": "decreasing",
    "r_squared": 0.10060930072326181,
    "p_value": 1.7913212207470253e-70
  },
  "trend_slope": -0.00436020962788158,
  "trend_direction": "decreasing",
  "anomalies": [],
  "anomaly_count": 0,
  "flow_status": {
    "status": "Below Normal",
    "latest_flow": 23.8,
    "percentile": 19.542549613185333
  },
  "recent_change": {
    "change_cfs": -5126.2,
    "change_pct": -99.53786407766991
  },
  "summary": "Below Normal conditions (avg: 4163 cfs, trend: decreasing)",
  "analysis_date": "2026-06-11 22:49:53",
  "sites_analyzed": [
    "01646500",
    "01491000"
  ]
}