{
  "mean_flow": 1876.834053275738,
  "median_flow": 2450.0,
  "std_flow": 1084.5505954944906,
  "min_flow": 22.0,
  "max_flow": 3120.0,
  "total_records": 2778,
  "percentile_25": 39.225,
  "percentile_75": 2550.0,
  "percentile_90": 2750.0,
  "trend": {
    "slope": -0.0006187261658849567,
    "direction": "decreasing",
    "r_squared": 0.010659392286052347,
    "p_value": 4.9304056565712554e-08
  },
  "trend_slope": -0.0006187261658849567,
  "trend_direction": "decreasing",
  "anomalies": [],
  "anomaly_count": 0,
  "flow_status": {
    "status": "Low Flow",
    "latest_flow": 23.8,
    "percentile": 5.50755939524838
  },
  "recent_change": {
    "change_cfs": 0.0,
    "change_pct": 0.0
  },
  "summary": "Low Flow conditions (avg: 1877 cfs, trend: decreasing)",
  "analysis_date": "2026-05-21 10:39:36",
  "sites_analyzed": [
    "01646500",
    "01491000"
  ]
}