{
  "mean_flow": 2798.4493778883752,
  "median_flow": 3570.0,
  "std_flow": 1611.6866085984257,
  "min_flow": 36.4,
  "max_flow": 4230.0,
  "total_records": 2813,
  "percentile_25": 53.1,
  "percentile_75": 3800.0,
  "percentile_90": 4036.0000000000127,
  "trend": {
    "slope": 0.0004978670193077639,
    "direction": "increasing",
    "r_squared": 0.003278746726116104,
    "p_value": 0.002380740977575717
  },
  "trend_slope": 0.0004978670193077639,
  "trend_direction": "increasing",
  "anomalies": [],
  "anomaly_count": 0,
  "flow_status": {
    "status": "Normal",
    "latest_flow": 3630.0,
    "percentile": 58.54959118378955
  },
  "recent_change": {
    "change_cfs": 60.0,
    "change_pct": 1.680672268907563
  },
  "summary": "Normal conditions (avg: 2798 cfs, trend: increasing)",
  "analysis_date": "2026-05-06 14:16:38",
  "sites_analyzed": [
    "01646500",
    "01491000"
  ]
}