{
  "mean_flow": 3105.9316398037845,
  "median_flow": 3980.0,
  "std_flow": 1788.5075613239792,
  "min_flow": 52.0,
  "max_flow": 4810.0,
  "total_records": 2854,
  "percentile_25": 69.1,
  "percentile_75": 4170.0,
  "percentile_90": 4550.0,
  "trend": {
    "slope": -0.0009507159959286172,
    "direction": "decreasing",
    "r_squared": 0.010094316913225022,
    "p_value": 7.503343148107743e-08
  },
  "trend_slope": -0.0009507159959286172,
  "trend_direction": "decreasing",
  "anomalies": [],
  "anomaly_count": 0,
  "flow_status": {
    "status": "Normal",
    "latest_flow": 3630.0,
    "percentile": 28.100911002102315
  },
  "recent_change": {
    "change_cfs": 60.0,
    "change_pct": 1.680672268907563
  },
  "summary": "Normal conditions (avg: 3106 cfs, trend: decreasing)",
  "analysis_date": "2026-04-24 16:59:33",
  "sites_analyzed": [
    "01646500",
    "01491000"
  ]
}