{
  "mean_flow": 2307.848439816449,
  "median_flow": 2850.0,
  "std_flow": 1374.1406888210884,
  "min_flow": 2.49,
  "max_flow": 4050.0,
  "total_records": 2833,
  "percentile_25": 49.8,
  "percentile_75": 3230.0,
  "percentile_90": 3630.0,
  "trend": {
    "slope": 0.00024472175400494175,
    "direction": "stable",
    "r_squared": 0.0010742781390509994,
    "p_value": 0.0811169661174319
  },
  "trend_slope": 0.00024472175400494175,
  "trend_direction": "stable",
  "anomalies": [],
  "anomaly_count": 0,
  "flow_status": {
    "status": "Below Normal",
    "latest_flow": 28.7,
    "percentile": 17.084362866219553
  },
  "recent_change": {
    "change_cfs": -1.1000000000000014,
    "change_pct": -3.691275167785239
  },
  "summary": "Below Normal conditions (avg: 2308 cfs, trend: stable)",
  "analysis_date": "2026-07-24 13:47:12",
  "sites_analyzed": [
    "01646500",
    "01491000"
  ]
}