{
  "mean_flow": 7907.825567547451,
  "median_flow": 9590.0,
  "std_flow": 4677.262863907844,
  "min_flow": 99.1,
  "max_flow": 13000.0,
  "total_records": 2687,
  "percentile_25": 148.0,
  "percentile_75": 11200.0,
  "percentile_90": 12200.0,
  "trend": {
    "slope": -0.005298976591792672,
    "direction": "decreasing",
    "r_squared": 0.041151133879038154,
    "p_value": 2.3775918277909164e-26
  },
  "trend_slope": -0.005298976591792672,
  "trend_direction": "decreasing",
  "anomalies": [],
  "anomaly_count": 0,
  "flow_status": {
    "status": "Normal",
    "latest_flow": 8690.0,
    "percentile": 26.01414216598437
  },
  "recent_change": {
    "change_cfs": -80.0,
    "change_pct": -0.9122006841505131
  },
  "summary": "Normal conditions (avg: 7908 cfs, trend: decreasing)",
  "analysis_date": "2026-03-27 07:20:41",
  "sites_analyzed": [
    "01646500",
    "01491000"
  ]
}